metropole,code_commune,nom_commune,annee,indicateur_occupation,valeur
Montpellier,34270,Saint-Jean-de-Védas,2022,STD_OCC,1748.66051
Rouen,76599,Saint-Léger-du-Bourg-Denis,2022,MOD_UNDER_OCC,456.56432
Montpellier,34270,Saint-Jean-de-Védas,2022,MOD_UNDER_OCC,1498.86561
Rennes,35216,Parthenay-de-Bretagne,2022,STD_OCC,45.93181
Montpellier,34077,Clapiers,2022,SEV_OVER_OCC,0.0
Montpellier,34202,Pignan,2022,SEV_UNDER_OCC,809.8396
Rouen,76634,Saint-Pierre-de-Manneville,2022,STD_OCC,55.1377
Montpellier,34270,Saint-Jean-de-Védas,2022,VSEV_UNDER_OCC,1428.90545
Rennes,35022,Bécherel,2022,SEV_UNDER_OCC,49.97545
Montpellier,34270,Saint-Jean-de-Védas,2022,SEV_UNDER_OCC,1094.16644
Saint-Etienne,42043,Chambœuf,2022,SEV_OVER_OCC,0.0
Rouen,76634,Saint-Pierre-de-Manneville,2022,MOD_OVER_OCC,0.0
Rennes,35216,Parthenay-de-Bretagne,2022,SEV_OVER_OCC,0.0
Grenoble,38150,Domène,2022,STD_OCC,713.38472
Rouen,76599,Saint-Léger-du-Bourg-Denis,2022,SEV_OVER_OCC,0.0
Montpellier,34202,Pignan,2022,MOD_UNDER_OCC,867.25423
Rouen,76005,Amfreville-la-Mi-Voie,2022,SEV_UNDER_OCC,316.25124
Saint-Etienne,42259,Saint-Martin-la-Plaine,2022,STD_OCC,185.14741
Grenoble,38388,Saint-Georges-de-Commiers,2022,SEV_UNDER_OCC,334.9478
Montpellier,34090,Le Crès,2022,STD_OCC,950.44563
Rennes,35039,Brécé,2022,VSEV_UNDER_OCC,283.99002
Rennes,35055,Chantepie,2022,MOD_UNDER_OCC,1385.04091
Rouen,76005,Amfreville-la-Mi-Voie,2022,MOD_OVER_OCC,64.42611
Rouen,76608,Sainte-Marguerite-sur-Duclair,2022,MOD_OVER_OCC,10.48177
Saint-Etienne,42093,Farnay,2022,SEV_UNDER_OCC,179.44765
Rouen,76608,Sainte-Marguerite-sur-Duclair,2022,STD_OCC,75.14529
Rennes,35363,Pont-Péan,2022,STD_OCC,361.42651
Rouen,76354,Hénouville,2022,SEV_OVER_OCC,4.81334
Rouen,76464,La Neuville-Chant-d'Oisel,2022,SEV_UNDER_OCC,280.0
Rennes,35055,Chantepie,2022,SEV_UNDER_OCC,784.83476
Saint-Etienne,42218,Saint-Étienne,2022,STD_OCC,25486.91219
Saint-Etienne,42218,Saint-Étienne,2022,MOD_OVER_OCC,10305.58915
Rouen,76005,Amfreville-la-Mi-Voie,2022,MOD_UNDER_OCC,448.33768
Rennes,35055,Chantepie,2022,SEV_OVER_OCC,17.60581
Montpellier,34090,Le Crès,2022,MOD_UNDER_OCC,935.90798
Saint-Etienne,42218,Saint-Étienne,2022,VSEV_UNDER_OCC,9364.97153
Grenoble,38388,Saint-Georges-de-Commiers,2022,SEV_OVER_OCC,0.0
Rennes,35039,Brécé,2022,MOD_UNDER_OCC,200.01363
Rouen,76486,Orival,2022,VSEV_UNDER_OCC,96.49478
Rennes,35039,Brécé,2022,SEV_OVER_OCC,0.0
Rouen,76464,La Neuville-Chant-d'Oisel,2022,MOD_UNDER_OCC,135.0
Grenoble,38421,Saint-Martin-d'Hères,2022,SEV_OVER_OCC,159.32076
Grenoble,38111,Claix,2022,SEV_UNDER_OCC,826.85544
Grenoble,38423,Saint-Martin-le-Vinoux,2022,MOD_UNDER_OCC,871.86706
Montpellier,34090,Le Crès,2022,SEV_UNDER_OCC,1004.65569
Grenoble,38328,Quaix-en-Chartreuse,2022,MOD_OVER_OCC,0.0
Rouen,76237,Épinay-sur-Duclair,2022,MOD_OVER_OCC,0.0
Rouen,76464,La Neuville-Chant-d'Oisel,2022,SEV_OVER_OCC,0.0
Rennes,35039,Brécé,2022,STD_OCC,120.63055
Saint-Etienne,42093,Farnay,2022,MOD_OVER_OCC,9.58141
Rennes,35363,Pont-Péan,2022,SEV_UNDER_OCC,386.5315
Rouen,76464,La Neuville-Chant-d'Oisel,2022,MOD_OVER_OCC,5.0
Rouen,76354,Hénouville,2022,MOD_OVER_OCC,0.0
Grenoble,38471,Le Sappey-en-Chartreuse,2022,SEV_UNDER_OCC,101.42232
Grenoble,38328,Quaix-en-Chartreuse,2022,VSEV_UNDER_OCC,192.31601
Grenoble,38471,Le Sappey-en-Chartreuse,2022,VSEV_UNDER_OCC,152.10667
Rennes,35363,Pont-Péan,2022,SEV_OVER_OCC,0.0
Rouen,76536,Roncherolles-sur-le-Vivier,2022,VSEV_UNDER_OCC,251.74707
Grenoble,38421,Saint-Martin-d'Hères,2022,SEV_UNDER_OCC,2788.09303
Grenoble,38111,Claix,2022,MOD_OVER_OCC,75.79519
Rouen,76608,Sainte-Marguerite-sur-Duclair,2022,VSEV_UNDER_OCC,334.76078
Grenoble,38423,Saint-Martin-le-Vinoux,2022,SEV_OVER_OCC,20.38467
Rouen,76536,Roncherolles-sur-le-Vivier,2022,MOD_OVER_OCC,0.0
Grenoble,38111,Claix,2022,VSEV_UNDER_OCC,1306.02414
Grenoble,38388,Saint-Georges-de-Commiers,2022,VSEV_UNDER_OCC,403.09226
Rouen,76237,Épinay-sur-Duclair,2022,SEV_UNDER_OCC,57.39297
Rouen,76486,Orival,2022,MOD_UNDER_OCC,101.60714
Grenoble,38471,Le Sappey-en-Chartreuse,2022,MOD_UNDER_OCC,86.22059
Rouen,76536,Roncherolles-sur-le-Vivier,2022,SEV_UNDER_OCC,120.64319
Grenoble,38471,Le Sappey-en-Chartreuse,2022,SEV_OVER_OCC,0.0
Rouen,76354,Hénouville,2022,VSEV_UNDER_OCC,330.10584
Rouen,76237,Épinay-sur-Duclair,2022,VSEV_UNDER_OCC,85.65557
Grenoble,38111,Claix,2022,MOD_UNDER_OCC,794.22279
Grenoble,38471,Le Sappey-en-Chartreuse,2022,STD_OCC,106.45986
Rouen,76608,Sainte-Marguerite-sur-Duclair,2022,MOD_UNDER_OCC,184.44845
Saint-Etienne,42259,Saint-Martin-la-Plaine,2022,VSEV_UNDER_OCC,535.42629
Grenoble,38111,Claix,2022,SEV_OVER_OCC,9.71218
Saint-Etienne,42259,Saint-Martin-la-Plaine,2022,MOD_UNDER_OCC,405.32271
Grenoble,38423,Saint-Martin-le-Vinoux,2022,SEV_UNDER_OCC,393.8356
Rouen,76354,Hénouville,2022,SEV_UNDER_OCC,128.80234
Montpellier,34090,Le Crès,2022,SEV_OVER_OCC,4.97731
Grenoble,38423,Saint-Martin-le-Vinoux,2022,MOD_OVER_OCC,303.38707
Rouen,76608,Sainte-Marguerite-sur-Duclair,2022,SEV_OVER_OCC,0.0
Rouen,76486,Orival,2022,SEV_OVER_OCC,0.0
Rouen,76486,Orival,2022,SEV_UNDER_OCC,105.96699
Grenoble,38421,Saint-Martin-d'Hères,2022,MOD_UNDER_OCC,5252.12526
Rennes,35039,Brécé,2022,SEV_UNDER_OCC,229.95195
Rouen,76005,Amfreville-la-Mi-Voie,2022,SEV_OVER_OCC,0.0
Grenoble,38328,Quaix-en-Chartreuse,2022,SEV_OVER_OCC,0.0
Rouen,76005,Amfreville-la-Mi-Voie,2022,STD_OCC,377.15146
Grenoble,38471,Le Sappey-en-Chartreuse,2022,MOD_OVER_OCC,5.06724
Saint-Etienne,42093,Farnay,2022,MOD_UNDER_OCC,113.84695
Saint-Etienne,42259,Saint-Martin-la-Plaine,2022,SEV_OVER_OCC,0.0
Saint-Etienne,42218,Saint-Étienne,2022,SEV_OVER_OCC,901.79241
Grenoble,38388,Saint-Georges-de-Commiers,2022,MOD_UNDER_OCC,191.58673
Rouen,76536,Roncherolles-sur-le-Vivier,2022,SEV_OVER_OCC,0.0
Grenoble,38328,Quaix-en-Chartreuse,2022,MOD_UNDER_OCC,51.2059
Saint-Etienne,42093,Farnay,2022,STD_OCC,34.41381
Grenoble,38328,Quaix-en-Chartreuse,2022,STD_OCC,37.45597
Rouen,76237,Épinay-sur-Duclair,2022,STD_OCC,20.82027
Grenoble,38423,Saint-Martin-le-Vinoux,2022,VSEV_UNDER_OCC,430.85931
Rouen,76536,Roncherolles-sur-le-Vivier,2022,MOD_UNDER_OCC,67.71306
Saint-Etienne,42218,Saint-Étienne,2022,MOD_UNDER_OCC,26032.8753
Rouen,76464,La Neuville-Chant-d'Oisel,2022,VSEV_UNDER_OCC,455.0
Rouen,76354,Hénouville,2022,STD_OCC,29.77225
Saint-Etienne,42259,Saint-Martin-la-Plaine,2022,SEV_UNDER_OCC,435.34661
Grenoble,38388,Saint-Georges-de-Commiers,2022,STD_OCC,95.97649
Grenoble,38328,Quaix-en-Chartreuse,2022,SEV_UNDER_OCC,88.47443
Grenoble,38111,Claix,2022,STD_OCC,438.87028
Rennes,35363,Pont-Péan,2022,MOD_OVER_OCC,50.33101
Saint-Etienne,42093,Farnay,2022,VSEV_UNDER_OCC,191.87819
Montpellier,34090,Le Crès,2022,MOD_OVER_OCC,145.35789
Grenoble,38421,Saint-Martin-d'Hères,2022,STD_OCC,4656.59753
Grenoble,38423,Saint-Martin-le-Vinoux,2022,STD_OCC,584.1534
Rouen,76486,Orival,2022,MOD_OVER_OCC,14.00506
Rennes,35039,Brécé,2022,MOD_OVER_OCC,5.11821
Rouen,76536,Roncherolles-sur-le-Vivier,2022,STD_OCC,67.61641
Grenoble,38421,Saint-Martin-d'Hères,2022,MOD_OVER_OCC,3269.5638
Rennes,35363,Pont-Péan,2022,VSEV_UNDER_OCC,642.78878
Rennes,35055,Chantepie,2022,VSEV_UNDER_OCC,1227.18939
Saint-Etienne,42218,Saint-Étienne,2022,SEV_UNDER_OCC,14270.35666
Rennes,35055,Chantepie,2022,STD_OCC,1319.93707
Grenoble,38421,Saint-Martin-d'Hères,2022,VSEV_UNDER_OCC,1187.17353
Rouen,76464,La Neuville-Chant-d'Oisel,2022,STD_OCC,35.0
Rouen,76005,Amfreville-la-Mi-Voie,2022,VSEV_UNDER_OCC,335.62112
Saint-Etienne,42259,Saint-Martin-la-Plaine,2022,MOD_OVER_OCC,15.01195
Rennes,35055,Chantepie,2022,MOD_OVER_OCC,149.37271
Rouen,76550,Sahurs,2016,SEV_UNDER_OCC,170.0
Rouen,76750,Yainville,2016,STD_OCC,73.9974
Rouen,76540,Rouen,2016,MOD_OVER_OCC,12753.26105
Montpellier,34327,Vendargues,2016,VSEV_UNDER_OCC,608.61111
Montpellier,34058,Castries,2022,SEV_OVER_OCC,9.70978
Rouen,76436,Le Mesnil-sous-Jumièges,2016,MOD_OVER_OCC,10.16758
Montpellier,34169,Montferrier-sur-Lez,2016,VSEV_UNDER_OCC,840.26358
Rouen,76750,Yainville,2016,SEV_UNDER_OCC,120.4417
Montpellier,34169,Montferrier-sur-Lez,2016,STD_OCC,237.98497
Saint-Etienne,42322,La Valla-en-Gier,2016,MOD_OVER_OCC,9.57078
Rouen,76103,Bonsecours,2022,SEV_OVER_OCC,0.0
Saint-Etienne,42053,Châteauneuf,2022,VSEV_UNDER_OCC,268.2307
Grenoble,38382,Saint-Égrève,2022,SEV_OVER_OCC,16.4225
Rennes,35081,Clayes,2022,SEV_UNDER_OCC,84.23536
Montpellier,34027,Beaulieu,2022,STD_OCC,118.98741
Montpellier,34027,Beaulieu,2022,VSEV_UNDER_OCC,421.08152
Grenoble,38170,Fontanil-Cornillon,2022,SEV_OVER_OCC,0.0
Rouen,76282,Freneuse,2022,MOD_UNDER_OCC,61.63604
Rouen,76273,Fontaine-sous-Préaux,2022,SEV_OVER_OCC,0.0
Rouen,76282,Freneuse,2022,SEV_OVER_OCC,0.0
Montpellier,34027,Beaulieu,2022,MOD_OVER_OCC,4.66824
Saint-Etienne,42308,La Terrasse-sur-Dorlay,2022,MOD_OVER_OCC,5.1254
Grenoble,38382,Saint-Égrève,2022,VSEV_UNDER_OCC,1651.99763
Rennes,35334,Thorigné-Fouillard,2022,SEV_UNDER_OCC,649.5681
Montpellier,34134,Lavérune,2022,MOD_UNDER_OCC,344.77662
Rouen,76131,La Bouille,2022,SEV_OVER_OCC,0.0
Rouen,76273,Fontaine-sous-Préaux,2022,VSEV_UNDER_OCC,93.86928
Saint-Etienne,42053,Châteauneuf,2022,SEV_OVER_OCC,0.0
Montpellier,34134,Lavérune,2022,STD_OCC,322.84736
Grenoble,38382,Saint-Égrève,2022,MOD_OVER_OCC,278.9749
Montpellier,34058,Castries,2022,SEV_UNDER_OCC,588.24553
Saint-Etienne,42036,Chagnon,2022,STD_OCC,14.77358
Saint-Etienne,42036,Chagnon,2022,VSEV_UNDER_OCC,54.16981
Grenoble,38170,Fontanil-Cornillon,2022,MOD_OVER_OCC,31.0292
Rouen,76273,Fontaine-sous-Préaux,2022,MOD_UNDER_OCC,24.55462
Saint-Etienne,42242,Saint-Joseph,2022,SEV_UNDER_OCC,238.63746
Saint-Etienne,42242,Saint-Joseph,2022,MOD_OVER_OCC,15.41473
Rouen,76131,La Bouille,2022,SEV_UNDER_OCC,95.88876
Montpellier,34027,Beaulieu,2022,SEV_OVER_OCC,0.0
Montpellier,34134,Lavérune,2022,SEV_OVER_OCC,0.0
Rennes,35334,Thorigné-Fouillard,2022,STD_OCC,612.76173
Montpellier,34058,Castries,2022,MOD_UNDER_OCC,726.75918
Rennes,35081,Clayes,2022,STD_OCC,31.70127
Rouen,76131,La Bouille,2022,MOD_OVER_OCC,15.17548
Saint-Etienne,42308,La Terrasse-sur-Dorlay,2022,SEV_OVER_OCC,0.0
Saint-Etienne,42308,La Terrasse-sur-Dorlay,2022,VSEV_UNDER_OCC,61.06528
Rouen,76103,Bonsecours,2022,MOD_UNDER_OCC,836.8252
Rouen,76282,Freneuse,2022,STD_OCC,29.20186
Rouen,76282,Freneuse,2022,MOD_OVER_OCC,15.06261
Montpellier,34134,Lavérune,2022,VSEV_UNDER_OCC,341.98922
Rouen,76103,Bonsecours,2022,MOD_OVER_OCC,134.48976
Rouen,76273,Fontaine-sous-Préaux,2022,SEV_UNDER_OCC,83.9308
Saint-Etienne,42308,La Terrasse-sur-Dorlay,2022,SEV_UNDER_OCC,91.50754
Montpellier,34058,Castries,2022,VSEV_UNDER_OCC,895.30114
Rouen,76282,Freneuse,2022,SEV_UNDER_OCC,71.90604
Rennes,35081,Clayes,2022,MOD_UNDER_OCC,63.62108
Grenoble,38170,Fontanil-Cornillon,2022,MOD_UNDER_OCC,429.28302
Montpellier,34027,Beaulieu,2022,MOD_UNDER_OCC,234.3359
Montpellier,34134,Lavérune,2022,MOD_OVER_OCC,53.99626
Saint-Etienne,42036,Chagnon,2022,MOD_UNDER_OCC,49.24528
Saint-Etienne,42308,La Terrasse-sur-Dorlay,2022,MOD_UNDER_OCC,127.38468
Rennes,35334,Thorigné-Fouillard,2022,SEV_OVER_OCC,0.0
Rennes,35081,Clayes,2022,VSEV_UNDER_OCC,150.54114
Grenoble,38170,Fontanil-Cornillon,2022,SEV_UNDER_OCC,259.99859
Rouen,76273,Fontaine-sous-Préaux,2022,STD_OCC,9.88766
Saint-Etienne,42036,Chagnon,2022,MOD_OVER_OCC,4.92453
Rouen,76131,La Bouille,2022,MOD_UNDER_OCC,116.20958
Saint-Etienne,42053,Châteauneuf,2022,SEV_UNDER_OCC,229.84207
Rouen,76103,Bonsecours,2022,VSEV_UNDER_OCC,851.7685
Saint-Etienne,42308,La Terrasse-sur-Dorlay,2022,STD_OCC,35.51614
Montpellier,34027,Beaulieu,2022,SEV_UNDER_OCC,159.87105
Saint-Etienne,42053,Châteauneuf,2022,MOD_UNDER_OCC,122.49618
Grenoble,38382,Saint-Égrève,2022,STD_OCC,1902.21282
Rennes,35334,Thorigné-Fouillard,2022,VSEV_UNDER_OCC,1544.09008
Rouen,76131,La Bouille,2022,VSEV_UNDER_OCC,76.43651
Rouen,76282,Freneuse,2022,VSEV_UNDER_OCC,229.42265
Rouen,76103,Bonsecours,2022,SEV_UNDER_OCC,851.7685
Grenoble,38170,Fontanil-Cornillon,2022,VSEV_UNDER_OCC,331.36624
Rouen,76103,Bonsecours,2022,STD_OCC,518.03465
Saint-Etienne,42242,Saint-Joseph,2022,MOD_UNDER_OCC,148.73502
Rennes,35081,Clayes,2022,MOD_OVER_OCC,20.71367
Rennes,35334,Thorigné-Fouillard,2022,MOD_UNDER_OCC,744.79993
Saint-Etienne,42053,Châteauneuf,2022,MOD_OVER_OCC,4.91811
Montpellier,34134,Lavérune,2022,SEV_UNDER_OCC,402.32545
Saint-Etienne,42053,Châteauneuf,2022,STD_OCC,53.78781
Rouen,76131,La Bouille,2022,STD_OCC,45.07122
Grenoble,38382,Saint-Égrève,2022,SEV_UNDER_OCC,1801.44065
Grenoble,38382,Saint-Égrève,2022,MOD_UNDER_OCC,2341.3815
Montpellier,34058,Castries,2022,STD_OCC,629.72982
Saint-Etienne,42242,Saint-Joseph,2022,VSEV_UNDER_OCC,228.22549
Rennes,35334,Thorigné-Fouillard,2022,MOD_OVER_OCC,61.05158
Montpellier,34058,Castries,2022,MOD_OVER_OCC,104.82277
Rennes,35081,Clayes,2022,SEV_OVER_OCC,0.0
Grenoble,38170,Fontanil-Cornillon,2022,STD_OCC,436.48835
Rouen,76273,Fontaine-sous-Préaux,2022,MOD_OVER_OCC,4.95652
Saint-Etienne,42036,Chagnon,2022,SEV_OVER_OCC,0.0
Saint-Etienne,42242,Saint-Joseph,2022,SEV_OVER_OCC,10.151
Saint-Etienne,42242,Saint-Joseph,2022,STD_OCC,128.26447
Saint-Etienne,42036,Chagnon,2022,SEV_UNDER_OCC,88.64151
Rennes,35315,Saint-Sulpice-la-Forêt,2016,SEV_OVER_OCC,0.0
Saint-Etienne,42266,Saint-Nizier-de-Fornas,2016,MOD_OVER_OCC,4.94866
Saint-Etienne,42266,Saint-Nizier-de-Fornas,2016,STD_OCC,19.92221
Rouen,76550,Sahurs,2016,SEV_OVER_OCC,5.0
Rennes,35315,Saint-Sulpice-la-Forêt,2016,STD_OCC,15.0
Rouen,76561,Saint-Aubin-lès-Elbeuf,2016,MOD_UNDER_OCC,1125.0
Montpellier,34169,Montferrier-sur-Lez,2016,MOD_UNDER_OCC,244.12542
Saint-Etienne,42322,La Valla-en-Gier,2016,VSEV_UNDER_OCC,105.2786
Grenoble,38187,Le Gua,2016,SEV_OVER_OCC,5.04778
Rouen,76561,Saint-Aubin-lès-Elbeuf,2016,STD_OCC,765.0
Montpellier,34022,Baillargues,2016,MOD_UNDER_OCC,825.68027
Rouen,76540,Rouen,2016,MOD_UNDER_OCC,14756.03492
Rouen,76750,Yainville,2016,VSEV_UNDER_OCC,106.23158
Saint-Etienne,42234,Saint-Héand,2016,SEV_UNDER_OCC,436.26415
Saint-Etienne,42234,Saint-Héand,2016,STD_OCC,205.94008
Saint-Etienne,42234,Saint-Héand,2016,VSEV_UNDER_OCC,497.02731
Rennes,35315,Saint-Sulpice-la-Forêt,2016,SEV_UNDER_OCC,135.0
Grenoble,38187,Le Gua,2016,MOD_OVER_OCC,20.19112
Rouen,76402,Malaunay,2016,SEV_UNDER_OCC,598.16015
Rouen,76436,Le Mesnil-sous-Jumièges,2016,SEV_OVER_OCC,0.0
Saint-Etienne,42223,Saint-Genest-Lerpt,2016,MOD_UNDER_OCC,738.805
Rouen,76540,Rouen,2016,SEV_OVER_OCC,431.46506
Saint-Etienne,42234,Saint-Héand,2016,MOD_OVER_OCC,0.0
Rouen,76560,Saint-Aubin-Épinay,2016,MOD_OVER_OCC,10.23775
Montpellier,34022,Baillargues,2016,SEV_UNDER_OCC,722.45635
Montpellier,34327,Vendargues,2016,STD_OCC,564.43772
Montpellier,34327,Vendargues,2016,SEV_OVER_OCC,19.63262
Rouen,76561,Saint-Aubin-lès-Elbeuf,2016,SEV_UNDER_OCC,960.0
Saint-Etienne,42322,La Valla-en-Gier,2016,SEV_OVER_OCC,0.0
Rouen,76561,Saint-Aubin-lès-Elbeuf,2016,MOD_OVER_OCC,85.0
Rennes,35315,Saint-Sulpice-la-Forêt,2016,VSEV_UNDER_OCC,255.0
Rouen,76402,Malaunay,2016,SEV_OVER_OCC,0.0
Grenoble,38187,Le Gua,2016,STD_OCC,75.71669
Rouen,76436,Le Mesnil-sous-Jumièges,2016,STD_OCC,20.28922
Montpellier,34022,Baillargues,2016,SEV_OVER_OCC,0.0
Rouen,76540,Rouen,2016,VSEV_UNDER_OCC,5163.19863
Saint-Etienne,42223,Saint-Genest-Lerpt,2016,SEV_UNDER_OCC,623.99071
Saint-Etienne,42110,L'Horme,2016,SEV_UNDER_OCC,413.76816
Saint-Etienne,42110,L'Horme,2016,MOD_UNDER_OCC,696.79404
Saint-Etienne,42110,L'Horme,2016,VSEV_UNDER_OCC,373.22104
Montpellier,34169,Montferrier-sur-Lez,2016,SEV_UNDER_OCC,188.62322
Rouen,76550,Sahurs,2016,STD_OCC,20.0
Rouen,76750,Yainville,2016,SEV_OVER_OCC,0.0
Grenoble,38187,Le Gua,2016,MOD_UNDER_OCC,171.62451
Rouen,76436,Le Mesnil-sous-Jumièges,2016,SEV_UNDER_OCC,108.08109
Grenoble,38258,Mont-Saint-Martin,2016,MOD_OVER_OCC,0.0
Saint-Etienne,42110,L'Horme,2016,STD_OCC,424.66695
Rouen,76402,Malaunay,2016,VSEV_UNDER_OCC,652.96628
Saint-Etienne,42266,Saint-Nizier-de-Fornas,2016,MOD_UNDER_OCC,65.22276
Grenoble,38258,Mont-Saint-Martin,2016,MOD_UNDER_OCC,5.0
Saint-Etienne,42266,Saint-Nizier-de-Fornas,2016,SEV_UNDER_OCC,85.48626
Rouen,76561,Saint-Aubin-lès-Elbeuf,2016,VSEV_UNDER_OCC,730.0
Rennes,35315,Saint-Sulpice-la-Forêt,2016,MOD_UNDER_OCC,80.0
Rennes,35315,Saint-Sulpice-la-Forêt,2016,MOD_OVER_OCC,5.0
Grenoble,38258,Mont-Saint-Martin,2016,VSEV_UNDER_OCC,15.0
Montpellier,34327,Vendargues,2016,MOD_OVER_OCC,171.87697
Saint-Etienne,42223,Saint-Genest-Lerpt,2016,MOD_OVER_OCC,34.94348
Montpellier,34022,Baillargues,2016,STD_OCC,626.94464
Grenoble,38258,Mont-Saint-Martin,2016,SEV_UNDER_OCC,15.0
Rouen,76550,Sahurs,2016,MOD_UNDER_OCC,85.0
Grenoble,38187,Le Gua,2016,SEV_UNDER_OCC,166.57673
Montpellier,34327,Vendargues,2016,MOD_UNDER_OCC,613.51926
Saint-Etienne,42322,La Valla-en-Gier,2016,SEV_UNDER_OCC,129.20556
Grenoble,38258,Mont-Saint-Martin,2016,SEV_OVER_OCC,0.0
Saint-Etienne,42322,La Valla-en-Gier,2016,STD_OCC,33.49774
Saint-Etienne,42110,L'Horme,2016,MOD_OVER_OCC,98.6555
Saint-Etienne,42223,Saint-Genest-Lerpt,2016,STD_OCC,574.07145
Rouen,76550,Sahurs,2016,VSEV_UNDER_OCC,205.0
Rouen,76560,Saint-Aubin-Épinay,2016,SEV_UNDER_OCC,121.01746
Saint-Etienne,42234,Saint-Héand,2016,MOD_UNDER_OCC,341.85257
Rouen,76560,Saint-Aubin-Épinay,2016,SEV_OVER_OCC,0.0
Rouen,76560,Saint-Aubin-Épinay,2016,VSEV_UNDER_OCC,135.80135
Rouen,76402,Malaunay,2016,MOD_OVER_OCC,87.8902
Rouen,76540,Rouen,2016,SEV_UNDER_OCC,7529.05451
Rouen,76561,Saint-Aubin-lès-Elbeuf,2016,SEV_OVER_OCC,30.0
Rouen,76560,Saint-Aubin-Épinay,2016,STD_OCC,35.30755
Rouen,76402,Malaunay,2016,MOD_UNDER_OCC,740.24987
Montpellier,34022,Baillargues,2016,MOD_OVER_OCC,119.8222
Saint-Etienne,42223,Saint-Genest-Lerpt,2016,VSEV_UNDER_OCC,683.89382
Grenoble,38187,Le Gua,2016,VSEV_UNDER_OCC,307.91456
Saint-Etienne,42322,La Valla-en-Gier,2016,MOD_UNDER_OCC,119.63477
Montpellier,34327,Vendargues,2016,SEV_UNDER_OCC,623.33557
Saint-Etienne,42266,Saint-Nizier-de-Fornas,2016,SEV_OVER_OCC,4.90685
Rouen,76560,Saint-Aubin-Épinay,2016,MOD_UNDER_OCC,89.87279
Rouen,76513,Quevillon,2022,SEV_OVER_OCC,0.0
Rouen,76513,Quevillon,2022,VSEV_UNDER_OCC,103.51664
Rouen,76436,Le Mesnil-sous-Jumièges,2016,VSEV_UNDER_OCC,93.68512
Grenoble,38258,Mont-Saint-Martin,2016,STD_OCC,0.0
Montpellier,34169,Montferrier-sur-Lez,2016,MOD_OVER_OCC,75.86002
Rouen,76402,Malaunay,2016,STD_OCC,354.90678
Montpellier,34169,Montferrier-sur-Lez,2016,SEV_OVER_OCC,0.0
Rouen,76550,Sahurs,2016,MOD_OVER_OCC,5.0
Saint-Etienne,42234,Saint-Héand,2016,SEV_OVER_OCC,0.0
Saint-Etienne,42223,Saint-Genest-Lerpt,2016,SEV_OVER_OCC,4.99193
Rouen,76436,Le Mesnil-sous-Jumièges,2016,MOD_UNDER_OCC,40.71003
Rouen,76750,Yainville,2016,MOD_UNDER_OCC,163.11082
Saint-Etienne,42110,L'Horme,2016,SEV_OVER_OCC,4.85172
Rouen,76108,Bois-Guillaume,2011,VSEV_UNDER_OCC,3140.08594
Rouen,76631,Saint-Paër,2011,SEV_UNDER_OCC,197.61404
Rennes,35059,La Chapelle-des-Fougeretz,2011,SEV_UNDER_OCC,330.56073
Grenoble,38562,Vizille,2011,MOD_UNDER_OCC,1071.13066
Rennes,35351,Le Verger,2022,MOD_UNDER_OCC,113.70462
Grenoble,38126,Corenc,2022,MOD_OVER_OCC,112.31702
Saint-Etienne,42099,Fraisses,2016,SEV_UNDER_OCC,416.33763
Grenoble,38562,Vizille,2022,MOD_OVER_OCC,347.62244
Saint-Etienne,42311,La Tour-en-Jarez,2022,SEV_OVER_OCC,4.92693
Grenoble,38126,Corenc,2022,MOD_UNDER_OCC,241.74339
Saint-Etienne,42311,La Tour-en-Jarez,2022,SEV_UNDER_OCC,174.54006
Rennes,35120,Gévezé,2022,STD_OCC,376.89686
Saint-Etienne,42100,La Gimond,2022,VSEV_UNDER_OCC,25.49578
Rouen,76108,Bois-Guillaume,2022,SEV_OVER_OCC,10.0555
Rouen,76558,Saint-Aubin-Celloville,2022,SEV_OVER_OCC,0.0
Saint-Etienne,42099,Fraisses,2016,MOD_UNDER_OCC,586.88558
Rennes,35351,Le Verger,2022,STD_OCC,48.09152
Saint-Etienne,42100,La Gimond,2022,MOD_UNDER_OCC,40.65508
Grenoble,38126,Corenc,2022,STD_OCC,221.01401
Rouen,76088,Berville-sur-Seine,2016,STD_OCC,15.17068
Grenoble,38185,Grenoble,2016,SEV_UNDER_OCC,11023.05629
Rouen,76088,Berville-sur-Seine,2016,SEV_OVER_OCC,4.99487
Montpellier,34116,Grabels,2022,SEV_UNDER_OCC,539.93933
Grenoble,38229,Meylan,2022,MOD_UNDER_OCC,2400.08946
Rennes,35076,Chavagne,2022,MOD_UNDER_OCC,379.46614
Saint-Etienne,42085,Doizieux,2022,SEV_UNDER_OCC,70.90588
Saint-Etienne,42207,Saint-Chamond,2022,MOD_OVER_OCC,643.43708
Grenoble,38478,Séchilienne,2022,STD_OCC,44.73267
Rouen,76558,Saint-Aubin-Celloville,2022,VSEV_UNDER_OCC,212.53404
Rennes,35032,Bourgbarré,2022,MOD_UNDER_OCC,442.54573
Grenoble,38059,Brié-et-Angonnes,2022,VSEV_UNDER_OCC,528.2834
Montpellier,34164,Montaud,2022,SEV_UNDER_OCC,116.6042
Grenoble,38540,Veurey-Voroize,2022,MOD_UNDER_OCC,149.41822
Rennes,35032,Bourgbarré,2022,VSEV_UNDER_OCC,762.84958
Saint-Etienne,42085,Doizieux,2022,MOD_UNDER_OCC,91.16471
Montpellier,34116,Grabels,2022,STD_OCC,1174.86798
Rennes,35076,Chavagne,2022,SEV_OVER_OCC,16.26427
Rennes,35032,Bourgbarré,2022,MOD_OVER_OCC,32.66871
Rouen,76558,Saint-Aubin-Celloville,2022,SEV_UNDER_OCC,123.70997
Grenoble,38540,Veurey-Voroize,2022,SEV_OVER_OCC,0.0
Grenoble,38325,Proveysieux,2022,MOD_UNDER_OCC,39.84462
Grenoble,38325,Proveysieux,2022,VSEV_UNDER_OCC,85.90595
Grenoble,38478,Séchilienne,2022,MOD_UNDER_OCC,54.67327
Rouen,76558,Saint-Aubin-Celloville,2022,STD_OCC,34.75141
Saint-Etienne,42085,Doizieux,2022,VSEV_UNDER_OCC,126.61765
Saint-Etienne,42207,Saint-Chamond,2022,SEV_UNDER_OCC,3600.19102
Saint-Etienne,42085,Doizieux,2022,SEV_OVER_OCC,0.0
Saint-Etienne,42044,Le Chambon-Feugerolles,2022,SEV_UNDER_OCC,1260.19544
Grenoble,38059,Brié-et-Angonnes,2022,SEV_UNDER_OCC,244.20648
Grenoble,38059,Brié-et-Angonnes,2022,STD_OCC,89.7085
Montpellier,34116,Grabels,2022,MOD_UNDER_OCC,914.89719
Montpellier,34164,Montaud,2022,SEV_OVER_OCC,0.0
Grenoble,38325,Proveysieux,2022,MOD_OVER_OCC,0.0
Grenoble,38229,Meylan,2022,MOD_OVER_OCC,530.40336
Saint-Etienne,42207,Saint-Chamond,2022,STD_OCC,3629.5677
Grenoble,38325,Proveysieux,2022,SEV_OVER_OCC,0.0
Grenoble,38325,Proveysieux,2022,SEV_UNDER_OCC,75.25509
Grenoble,38478,Séchilienne,2022,SEV_OVER_OCC,0.0
Saint-Etienne,42207,Saint-Chamond,2022,MOD_UNDER_OCC,5088.80518
Grenoble,38540,Veurey-Voroize,2022,VSEV_UNDER_OCC,185.25419
Grenoble,38325,Proveysieux,2022,STD_OCC,14.98024
Grenoble,38229,Meylan,2022,STD_OCC,1963.52836
Grenoble,38540,Veurey-Voroize,2022,MOD_OVER_OCC,9.04014
Saint-Etienne,42085,Doizieux,2022,MOD_OVER_OCC,0.0
Rennes,35076,Chavagne,2022,STD_OCC,390.8292
Grenoble,38059,Brié-et-Angonnes,2022,MOD_OVER_OCC,19.93522
Grenoble,38478,Séchilienne,2022,VSEV_UNDER_OCC,134.19802
Montpellier,34164,Montaud,2022,VSEV_UNDER_OCC,131.07667
Rouen,76558,Saint-Aubin-Celloville,2022,MOD_OVER_OCC,4.9603
Saint-Etienne,42044,Le Chambon-Feugerolles,2022,VSEV_UNDER_OCC,803.43319
Rennes,35281,Saint-Jacques-de-la-Lande,2022,MOD_OVER_OCC,434.97688
Montpellier,34164,Montaud,2022,MOD_UNDER_OCC,98.80315
Grenoble,38059,Brié-et-Angonnes,2022,SEV_OVER_OCC,0.0
Rennes,35032,Bourgbarré,2022,SEV_UNDER_OCC,355.93341
Montpellier,34164,Montaud,2022,MOD_OVER_OCC,15.87287
Grenoble,38478,Séchilienne,2022,SEV_UNDER_OCC,173.9604
Saint-Etienne,42044,Le Chambon-Feugerolles,2022,MOD_UNDER_OCC,1754.41369
Rennes,35281,Saint-Jacques-de-la-Lande,2022,VSEV_UNDER_OCC,884.70113
Grenoble,38229,Meylan,2022,SEV_UNDER_OCC,1843.23237
Saint-Etienne,42207,Saint-Chamond,2022,VSEV_UNDER_OCC,2677.27551
Saint-Etienne,42207,Saint-Chamond,2022,SEV_OVER_OCC,104.20491
Montpellier,34116,Grabels,2022,MOD_OVER_OCC,759.91461
Saint-Etienne,42044,Le Chambon-Feugerolles,2022,STD_OCC,1073.47825
Montpellier,34164,Montaud,2022,STD_OCC,54.92196
Rennes,35032,Bourgbarré,2022,STD_OCC,233.36306
Rennes,35281,Saint-Jacques-de-la-Lande,2022,SEV_OVER_OCC,11.21076
Saint-Etienne,42044,Le Chambon-Feugerolles,2022,MOD_OVER_OCC,219.19313
Rennes,35076,Chavagne,2022,VSEV_UNDER_OCC,677.42008
Rennes,35281,Saint-Jacques-de-la-Lande,2022,MOD_UNDER_OCC,2169.62956
Rennes,35076,Chavagne,2022,SEV_UNDER_OCC,371.67227
Saint-Etienne,42044,Le Chambon-Feugerolles,2022,SEV_OVER_OCC,28.69309
Rennes,35281,Saint-Jacques-de-la-Lande,2022,STD_OCC,2201.71311
Grenoble,38540,Veurey-Voroize,2022,SEV_UNDER_OCC,171.62362
Grenoble,38540,Veurey-Voroize,2022,STD_OCC,75.68719
Rennes,35076,Chavagne,2022,MOD_OVER_OCC,37.22937
Rennes,35281,Saint-Jacques-de-la-Lande,2022,SEV_UNDER_OCC,1032.55662
Rouen,76558,Saint-Aubin-Celloville,2022,MOD_UNDER_OCC,64.73051
Grenoble,38059,Brié-et-Angonnes,2022,MOD_UNDER_OCC,144.53036
Grenoble,38229,Meylan,2022,VSEV_UNDER_OCC,2168.47783
Grenoble,38478,Séchilienne,2022,MOD_OVER_OCC,4.9703
Montpellier,34116,Grabels,2022,SEV_OVER_OCC,34.99607
Montpellier,34116,Grabels,2022,VSEV_UNDER_OCC,864.90281
Saint-Etienne,42085,Doizieux,2022,STD_OCC,65.84118
Grenoble,38229,Meylan,2022,SEV_OVER_OCC,28.67003
Rennes,35032,Bourgbarré,2022,SEV_OVER_OCC,4.64829
Rennes,35120,Gévezé,2022,SEV_OVER_OCC,0.0
Grenoble,38562,Vizille,2022,VSEV_UNDER_OCC,481.03537
Rouen,76484,Oissel,2022,SEV_OVER_OCC,29.76966
Grenoble,38200,Jarrie,2022,VSEV_UNDER_OCC,562.41136
Montpellier,34088,Cournonterral,2016,STD_OCC,531.12505
Grenoble,38200,Jarrie,2022,MOD_OVER_OCC,36.66741
Montpellier,34088,Cournonterral,2016,VSEV_UNDER_OCC,569.06255
Rennes,35024,Betton,2022,STD_OCC,1074.01551
Saint-Etienne,42099,Fraisses,2016,MOD_OVER_OCC,45.14504
Rennes,35120,Gévezé,2022,MOD_UNDER_OCC,588.34404
Rennes,35250,Saint-Armel,2016,SEV_UNDER_OCC,193.24458
Rouen,76484,Oissel,2022,STD_OCC,1072.47424
Saint-Etienne,42100,La Gimond,2022,SEV_OVER_OCC,0.0
Rouen,76631,Saint-Paër,2022,SEV_OVER_OCC,0.0
Rouen,76513,Quevillon,2022,STD_OCC,23.37239
Rennes,35120,Gévezé,2022,VSEV_UNDER_OCC,930.52049
Rennes,35080,Cintré,2016,SEV_OVER_OCC,9.94749
Grenoble,38185,Grenoble,2016,STD_OCC,27443.3714
Rouen,76108,Bois-Guillaume,2022,STD_OCC,1036.416
Rouen,76484,Oissel,2022,MOD_OVER_OCC,279.33344
Rennes,35024,Betton,2022,SEV_OVER_OCC,2.65376
Saint-Etienne,42222,Saint-Galmier,2016,VSEV_UNDER_OCC,745.0
Grenoble,38185,Grenoble,2016,VSEV_UNDER_OCC,5711.03426
Rennes,35080,Cintré,2016,VSEV_UNDER_OCC,355.01757
Rouen,76088,Berville-sur-Seine,2016,SEV_UNDER_OCC,55.53235
Grenoble,38185,Grenoble,2016,MOD_OVER_OCC,15380.15112
Saint-Etienne,42222,Saint-Galmier,2016,MOD_OVER_OCC,55.0
Montpellier,34088,Cournonterral,2016,SEV_OVER_OCC,4.74219
Rennes,35120,Gévezé,2022,SEV_UNDER_OCC,526.51339
Rennes,35080,Cintré,2016,MOD_OVER_OCC,10.16793
Grenoble,38126,Corenc,2022,SEV_UNDER_OCC,232.00315
Grenoble,38562,Vizille,2022,STD_OCC,905.37473
Rouen,76474,Notre-Dame-de-Bondeville,2022,STD_OCC,633.93956
Rennes,35250,Saint-Armel,2016,STD_OCC,193.07837
Grenoble,38562,Vizille,2022,SEV_OVER_OCC,9.8794
Rennes,35245,Romillé,2022,SEV_UNDER_OCC,381.00828
Saint-Etienne,42311,La Tour-en-Jarez,2022,STD_OCC,69.82568
Rouen,76513,Quevillon,2022,MOD_OVER_OCC,0.0
Grenoble,38200,Jarrie,2022,SEV_OVER_OCC,0.0
Saint-Etienne,42311,La Tour-en-Jarez,2022,MOD_OVER_OCC,0.0
Rennes,35245,Romillé,2022,SEV_OVER_OCC,0.0
Rennes,35024,Betton,2022,SEV_UNDER_OCC,864.7637
Saint-Etienne,42005,Andrézieux-Bouthéon,2022,VSEV_UNDER_OCC,985.70071
Rouen,76484,Oissel,2022,VSEV_UNDER_OCC,872.64544
Rennes,35245,Romillé,2022,MOD_OVER_OCC,20.14346
Rennes,35245,Romillé,2022,VSEV_UNDER_OCC,685.49864
Saint-Etienne,42307,Tartaras,2016,SEV_OVER_OCC,0.0
Grenoble,38200,Jarrie,2022,MOD_UNDER_OCC,404.83377
Rennes,35245,Romillé,2022,MOD_UNDER_OCC,344.85589
Grenoble,38126,Corenc,2022,SEV_OVER_OCC,0.0
Rouen,76108,Bois-Guillaume,2022,MOD_UNDER_OCC,1413.80246
Grenoble,38126,Corenc,2022,VSEV_UNDER_OCC,959.70012
Rouen,76108,Bois-Guillaume,2022,VSEV_UNDER_OCC,2308.65101
Saint-Etienne,42099,Fraisses,2016,VSEV_UNDER_OCC,396.27317
Rouen,76631,Saint-Paër,2022,MOD_OVER_OCC,0.0
Saint-Etienne,42100,La Gimond,2022,SEV_UNDER_OCC,35.48754
Rennes,35351,Le Verger,2022,MOD_OVER_OCC,11.04348
Rouen,76474,Notre-Dame-de-Bondeville,2022,SEV_UNDER_OCC,679.5337
Montpellier,34088,Cournonterral,2016,MOD_OVER_OCC,151.75001
Rennes,35250,Saint-Armel,2016,MOD_OVER_OCC,5.72687
Rennes,35351,Le Verger,2022,VSEV_UNDER_OCC,206.66288
Rennes,35250,Saint-Armel,2016,MOD_UNDER_OCC,156.76995
Rouen,76513,Quevillon,2022,MOD_UNDER_OCC,50.20272
Saint-Etienne,42222,Saint-Galmier,2016,MOD_UNDER_OCC,590.0
Rennes,35024,Betton,2022,MOD_UNDER_OCC,1105.21499
Rennes,35250,Saint-Armel,2016,SEV_OVER_OCC,0.0
Rouen,76088,Berville-sur-Seine,2016,MOD_UNDER_OCC,60.49566
Rennes,35024,Betton,2022,VSEV_UNDER_OCC,2298.75564
Rouen,76474,Notre-Dame-de-Bondeville,2022,SEV_OVER_OCC,9.34967
Rennes,35024,Betton,2022,MOD_OVER_OCC,160.19402
Rouen,76108,Bois-Guillaume,2022,MOD_OVER_OCC,269.76727
Saint-Etienne,42307,Tartaras,2016,SEV_UNDER_OCC,98.47454
Rouen,76631,Saint-Paër,2022,STD_OCC,81.54302
Grenoble,38562,Vizille,2022,MOD_UNDER_OCC,1013.33151
Grenoble,38562,Vizille,2022,SEV_UNDER_OCC,673.28919
Rouen,76513,Quevillon,2022,SEV_UNDER_OCC,62.00448
Montpellier,34088,Cournonterral,2016,MOD_UNDER_OCC,597.51568
Saint-Etienne,42100,La Gimond,2022,STD_OCC,4.99552
Rouen,76631,Saint-Paër,2022,MOD_UNDER_OCC,85.88027
Saint-Etienne,42099,Fraisses,2016,SEV_OVER_OCC,0.0
Saint-Etienne,42222,Saint-Galmier,2016,STD_OCC,310.0
Rouen,76484,Oissel,2022,SEV_UNDER_OCC,1082.40559
Grenoble,38200,Jarrie,2022,STD_OCC,279.82715
Saint-Etienne,42005,Andrézieux-Bouthéon,2022,MOD_UNDER_OCC,1338.4689
Saint-Etienne,42099,Fraisses,2016,STD_OCC,200.64464
Rouen,76108,Bois-Guillaume,2022,SEV_UNDER_OCC,1391.94741
Saint-Etienne,42005,Andrézieux-Bouthéon,2022,SEV_UNDER_OCC,1120.25105
Rennes,35245,Romillé,2022,STD_OCC,249.56083
Rouen,76474,Notre-Dame-de-Bondeville,2022,VSEV_UNDER_OCC,817.80534
Saint-Etienne,42222,Saint-Galmier,2016,SEV_OVER_OCC,10.0
Rouen,76631,Saint-Paër,2022,SEV_UNDER_OCC,174.21977
Rennes,35250,Saint-Armel,2016,VSEV_UNDER_OCC,257.50818
Rennes,35120,Gévezé,2022,MOD_OVER_OCC,22.01386
Rennes,35351,Le Verger,2022,SEV_UNDER_OCC,168.47597
Rennes,35080,Cintré,2016,MOD_UNDER_OCC,174.25637
Saint-Etienne,42307,Tartaras,2016,STD_OCC,50.94141
Rouen,76088,Berville-sur-Seine,2016,VSEV_UNDER_OCC,79.81456
Rouen,76088,Berville-sur-Seine,2016,MOD_OVER_OCC,0.0
Montpellier,34088,Cournonterral,2016,SEV_UNDER_OCC,592.77349
Saint-Etienne,42005,Andrézieux-Bouthéon,2022,SEV_OVER_OCC,26.75168
Rouen,76474,Notre-Dame-de-Bondeville,2022,MOD_OVER_OCC,97.83444
Saint-Etienne,42311,La Tour-en-Jarez,2022,MOD_UNDER_OCC,114.74362
Saint-Etienne,42222,Saint-Galmier,2016,SEV_UNDER_OCC,620.0
Grenoble,38185,Grenoble,2016,MOD_UNDER_OCC,22436.76169
Rouen,76631,Saint-Paër,2022,VSEV_UNDER_OCC,195.30993
Saint-Etienne,42311,La Tour-en-Jarez,2022,VSEV_UNDER_OCC,179.94185
Saint-Etienne,42005,Andrézieux-Bouthéon,2022,MOD_OVER_OCC,127.62058
Saint-Etienne,42005,Andrézieux-Bouthéon,2022,STD_OCC,747.69123
Rennes,35080,Cintré,2016,SEV_UNDER_OCC,184.63185
Rouen,76474,Notre-Dame-de-Bondeville,2022,MOD_UNDER_OCC,957.60724
Rennes,35351,Le Verger,2022,SEV_OVER_OCC,0.0
Rouen,76484,Oissel,2022,MOD_UNDER_OCC,1595.67407
Grenoble,38200,Jarrie,2022,SEV_UNDER_OCC,373.37187
Saint-Etienne,42307,Tartaras,2016,VSEV_UNDER_OCC,57.05003
Rennes,35080,Cintré,2016,STD_OCC,92.98638
Saint-Etienne,42100,La Gimond,2022,MOD_OVER_OCC,0.0
Saint-Etienne,42307,Tartaras,2016,MOD_OVER_OCC,0.0
Grenoble,38185,Grenoble,2016,SEV_OVER_OCC,620.083
Saint-Etienne,42307,Tartaras,2016,MOD_UNDER_OCC,86.98491
Rennes,35059,La Chapelle-des-Fougeretz,2011,SEV_OVER_OCC,4.13592
Rouen,76108,Bois-Guillaume,2011,STD_OCC,1543.59906
Rennes,35245,Romillé,2011,SEV_UNDER_OCC,356.20752
Rennes,35245,Romillé,2011,SEV_OVER_OCC,3.95786
Saint-Etienne,42123,Lorette,2011,SEV_OVER_OCC,15.6391
Rennes,35059,La Chapelle-des-Fougeretz,2011,MOD_OVER_OCC,38.61414
Grenoble,38200,Jarrie,2011,SEV_UNDER_OCC,403.60976
Saint-Etienne,42093,Farnay,2011,MOD_UNDER_OCC,151.21235
Grenoble,38388,Saint-Georges-de-Commiers,2011,STD_OCC,98.56311
Saint-Etienne,42093,Farnay,2011,STD_OCC,44.95502
Saint-Etienne,42083,Dargoire,2011,SEV_OVER_OCC,0.0
Rouen,76513,Quevillon,2011,MOD_UNDER_OCC,50.87708
Saint-Etienne,42031,Caloire,2011,MOD_OVER_OCC,3.93084
Rouen,76457,Moulineaux,2011,VSEV_UNDER_OCC,86.29494
Grenoble,38388,Saint-Georges-de-Commiers,2011,MOD_UNDER_OCC,197.12621
Grenoble,38309,Poisat,2022,STD_OCC,152.42002
Saint-Etienne,42092,L'Étrat,2022,SEV_OVER_OCC,0.0
Saint-Etienne,42305,La Talaudière,2022,SEV_OVER_OCC,5.2507
Grenoble,38309,Poisat,2022,MOD_OVER_OCC,57.28256
Rennes,35196,Mordelles,2022,MOD_UNDER_OCC,907.80519
Grenoble,38279,Notre-Dame-de-Mésage,2022,STD_OCC,23.98319
Saint-Etienne,42186,Rive-de-Gier,2022,SEV_OVER_OCC,29.51798
Grenoble,38309,Poisat,2022,SEV_UNDER_OCC,167.2779
Rouen,76116,Boos,2022,MOD_OVER_OCC,34.54321
Rouen,76319,Grand-Couronne,2022,VSEV_UNDER_OCC,1118.48963
Grenoble,38279,Notre-Dame-de-Mésage,2022,VSEV_UNDER_OCC,224.53717
Saint-Etienne,42270,Saint-Paul-en-Cornillon,2022,SEV_UNDER_OCC,124.67202
Montpellier,34087,Cournonsec,2022,MOD_UNDER_OCC,329.02037
Montpellier,34337,Villeneuve-lès-Maguelone,2022,STD_OCC,923.03536
Saint-Etienne,42092,L'Étrat,2022,STD_OCC,217.26609
Grenoble,38445,Saint-Pierre-de-Mésage,2022,SEV_OVER_OCC,0.0
Grenoble,38445,Saint-Pierre-de-Mésage,2022,SEV_UNDER_OCC,68.92955
Montpellier,34129,Lattes,2022,MOD_OVER_OCC,596.18453
Grenoble,38445,Saint-Pierre-de-Mésage,2022,MOD_OVER_OCC,10.24854
Grenoble,38158,Eybens,2022,VSEV_UNDER_OCC,810.70708
Montpellier,34337,Villeneuve-lès-Maguelone,2022,MOD_OVER_OCC,256.31728
Grenoble,38188,Herbeys,2022,SEV_UNDER_OCC,82.66621
Montpellier,34256,Saint-Geniès-des-Mourgues,2022,STD_OCC,98.62632
Saint-Etienne,42270,Saint-Paul-en-Cornillon,2022,MOD_OVER_OCC,9.92425
Montpellier,34129,Lattes,2022,SEV_OVER_OCC,28.32672
Rouen,76367,Houppeville,2022,SEV_UNDER_OCC,227.44881
Grenoble,38281,Noyarey,2022,MOD_OVER_OCC,43.7194
Montpellier,34087,Cournonsec,2022,MOD_OVER_OCC,64.04693
Grenoble,38281,Noyarey,2022,STD_OCC,146.52572
Saint-Etienne,42305,La Talaudière,2022,SEV_UNDER_OCC,801.34335
Rouen,76319,Grand-Couronne,2022,MOD_OVER_OCC,214.71006
Grenoble,38279,Notre-Dame-de-Mésage,2022,SEV_UNDER_OCC,131.20606
Saint-Etienne,42270,Saint-Paul-en-Cornillon,2022,STD_OCC,64.87849
Montpellier,34087,Cournonsec,2022,SEV_UNDER_OCC,405.78149
Grenoble,38188,Herbeys,2022,MOD_UNDER_OCC,88.11017
Grenoble,38158,Eybens,2022,MOD_OVER_OCC,305.31847
Rouen,76319,Grand-Couronne,2022,SEV_OVER_OCC,14.97977
Montpellier,34057,Castelnau-le-Lez,2022,STD_OCC,4257.38884
Montpellier,34057,Castelnau-le-Lez,2022,MOD_UNDER_OCC,2905.62978
Montpellier,34129,Lattes,2022,MOD_UNDER_OCC,1929.3547
Saint-Etienne,42092,L'Étrat,2022,MOD_UNDER_OCC,327.92336
Montpellier,34057,Castelnau-le-Lez,2022,SEV_OVER_OCC,76.22478
Saint-Etienne,42092,L'Étrat,2022,VSEV_UNDER_OCC,486.9957
Montpellier,34256,Saint-Geniès-des-Mourgues,2022,MOD_UNDER_OCC,216.59424
Montpellier,34129,Lattes,2022,STD_OCC,2431.15375
Grenoble,38472,Sarcenas,2022,SEV_OVER_OCC,0.0
Grenoble,38188,Herbeys,2022,STD_OCC,41.06814
Rouen,76116,Boos,2022,VSEV_UNDER_OCC,535.97569
Montpellier,34057,Castelnau-le-Lez,2022,SEV_UNDER_OCC,1735.30307
Rouen,76116,Boos,2022,MOD_UNDER_OCC,368.55764
Saint-Etienne,42316,Unieux,2022,SEV_OVER_OCC,19.96634
Grenoble,38158,Eybens,2022,MOD_UNDER_OCC,1231.92586
Saint-Etienne,42270,Saint-Paul-en-Cornillon,2022,VSEV_UNDER_OCC,220.55109
Rouen,76575,Saint-Étienne-du-Rouvray,2022,MOD_OVER_OCC,1380.80464
Saint-Etienne,42270,Saint-Paul-en-Cornillon,2022,SEV_OVER_OCC,0.0
Saint-Etienne,42305,La Talaudière,2022,STD_OCC,562.66572
Montpellier,34256,Saint-Geniès-des-Mourgues,2022,SEV_UNDER_OCC,231.52643
Grenoble,38279,Notre-Dame-de-Mésage,2022,MOD_UNDER_OCC,98.27201
Montpellier,34057,Castelnau-le-Lez,2022,VSEV_UNDER_OCC,2474.33428
Saint-Etienne,42186,Rive-de-Gier,2022,VSEV_UNDER_OCC,803.73419
Saint-Etienne,42186,Rive-de-Gier,2022,MOD_OVER_OCC,304.22956
Montpellier,34256,Saint-Geniès-des-Mourgues,2022,MOD_OVER_OCC,9.8162
Grenoble,38158,Eybens,2022,STD_OCC,1138.18022
Saint-Etienne,42316,Unieux,2022,STD_OCC,545.60179
Grenoble,38309,Poisat,2022,MOD_UNDER_OCC,202.28291
Montpellier,34123,Juvignac,2022,VSEV_UNDER_OCC,1432.4313
Montpellier,34129,Lattes,2022,SEV_UNDER_OCC,1746.44645
Saint-Etienne,42316,Unieux,2022,MOD_UNDER_OCC,1202.97823
Montpellier,34337,Villeneuve-lès-Maguelone,2022,VSEV_UNDER_OCC,888.6515
Rennes,35196,Mordelles,2022,SEV_OVER_OCC,50.15584
Montpellier,34256,Saint-Geniès-des-Mourgues,2022,SEV_OVER_OCC,0.0
Saint-Etienne,42305,La Talaudière,2022,VSEV_UNDER_OCC,605.48372
Montpellier,34337,Villeneuve-lès-Maguelone,2022,MOD_UNDER_OCC,1125.5073
Rouen,76575,Saint-Étienne-du-Rouvray,2022,VSEV_UNDER_OCC,1862.96634
Grenoble,38188,Herbeys,2022,SEV_OVER_OCC,0.0
Montpellier,34259,Saint-Georges-d'Orques,2022,STD_OCC,474.33159
Grenoble,38445,Saint-Pierre-de-Mésage,2022,STD_OCC,39.81416
Montpellier,34123,Juvignac,2022,STD_OCC,1744.43198
Montpellier,34087,Cournonsec,2022,SEV_OVER_OCC,5.10529
Grenoble,38188,Herbeys,2022,VSEV_UNDER_OCC,353.11714
Saint-Etienne,42092,L'Étrat,2022,SEV_UNDER_OCC,264.47142
Rouen,76116,Boos,2022,STD_OCC,172.52569
Saint-Etienne,42270,Saint-Paul-en-Cornillon,2022,MOD_UNDER_OCC,135.21399
Montpellier,34256,Saint-Geniès-des-Mourgues,2022,VSEV_UNDER_OCC,331.5249
Rouen,76116,Boos,2022,SEV_OVER_OCC,0.0
Rouen,76367,Houppeville,2022,SEV_OVER_OCC,0.0
Grenoble,38472,Sarcenas,2022,SEV_UNDER_OCC,29.06977
Saint-Etienne,42305,La Talaudière,2022,MOD_UNDER_OCC,1006.72243
Montpellier,34087,Cournonsec,2022,VSEV_UNDER_OCC,276.95717
Saint-Etienne,42092,L'Étrat,2022,MOD_OVER_OCC,31.64519
Montpellier,34129,Lattes,2022,VSEV_UNDER_OCC,1997.38513
Rouen,76367,Houppeville,2022,MOD_OVER_OCC,10.4206
Rouen,76367,Houppeville,2022,STD_OCC,35.2948
Grenoble,38158,Eybens,2022,SEV_OVER_OCC,31.06786
Grenoble,38281,Noyarey,2022,SEV_OVER_OCC,4.91348
Rouen,76367,Houppeville,2022,VSEV_UNDER_OCC,664.15939
Saint-Etienne,42316,Unieux,2022,MOD_OVER_OCC,128.61748
Grenoble,38281,Noyarey,2022,SEV_UNDER_OCC,220.73353
Rouen,76575,Saint-Étienne-du-Rouvray,2022,SEV_UNDER_OCC,2626.17176
Rouen,76319,Grand-Couronne,2022,SEV_UNDER_OCC,893.79305
Montpellier,34057,Castelnau-le-Lez,2022,MOD_OVER_OCC,1470.98984
Rennes,35196,Mordelles,2022,MOD_OVER_OCC,95.2961
Montpellier,34123,Juvignac,2022,MOD_OVER_OCC,504.80959
Grenoble,38472,Sarcenas,2022,MOD_UNDER_OCC,17.44186
Grenoble,38281,Noyarey,2022,VSEV_UNDER_OCC,319.08956
Grenoble,38279,Notre-Dame-de-Mésage,2022,SEV_OVER_OCC,0.0
Montpellier,34123,Juvignac,2022,MOD_UNDER_OCC,1573.65638
Rouen,76575,Saint-Étienne-du-Rouvray,2022,STD_OCC,2655.73884
Montpellier,34123,Juvignac,2022,SEV_UNDER_OCC,999.55685
Grenoble,38281,Noyarey,2022,MOD_UNDER_OCC,200.23662
Grenoble,38472,Sarcenas,2022,STD_OCC,5.81395
Grenoble,38445,Saint-Pierre-de-Mésage,2022,MOD_UNDER_OCC,64.3958
Grenoble,38279,Notre-Dame-de-Mésage,2022,MOD_OVER_OCC,5.18949
Montpellier,34337,Villeneuve-lès-Maguelone,2022,SEV_OVER_OCC,25.28008
Grenoble,38309,Poisat,2022,SEV_OVER_OCC,0.0
Rouen,76319,Grand-Couronne,2022,MOD_UNDER_OCC,1028.61774
Montpellier,34087,Cournonsec,2022,STD_OCC,279.87586
Rouen,76575,Saint-Étienne-du-Rouvray,2022,SEV_OVER_OCC,69.83287
Rennes,35196,Mordelles,2022,STD_OCC,787.41558
Rennes,35196,Mordelles,2022,SEV_UNDER_OCC,646.99481
Montpellier,34259,Saint-Georges-d'Orques,2022,MOD_UNDER_OCC,596.25888
Grenoble,38472,Sarcenas,2022,MOD_OVER_OCC,5.81395
Saint-Etienne,42186,Rive-de-Gier,2022,MOD_UNDER_OCC,2218.57931
Montpellier,34259,Saint-Georges-d'Orques,2022,VSEV_UNDER_OCC,767.89177
Rennes,35196,Mordelles,2022,VSEV_UNDER_OCC,1223.8026
Saint-Etienne,42186,Rive-de-Gier,2022,SEV_UNDER_OCC,1397.46158
Montpellier,34337,Villeneuve-lès-Maguelone,2022,SEV_UNDER_OCC,865.55859
Saint-Etienne,42316,Unieux,2022,SEV_UNDER_OCC,1012.89028
Saint-Etienne,42305,La Talaudière,2022,MOD_OVER_OCC,74.27653
Grenoble,38445,Saint-Pierre-de-Mésage,2022,VSEV_UNDER_OCC,123.08222
Grenoble,38309,Poisat,2022,VSEV_UNDER_OCC,363.30867
Montpellier,34259,Saint-Georges-d'Orques,2022,SEV_UNDER_OCC,517.08414
Saint-Etienne,42316,Unieux,2022,VSEV_UNDER_OCC,741.45672
Montpellier,34259,Saint-Georges-d'Orques,2022,SEV_OVER_OCC,0.0
Montpellier,34259,Saint-Georges-d'Orques,2022,MOD_OVER_OCC,163.51004
Saint-Etienne,42186,Rive-de-Gier,2022,STD_OCC,1660.24684
Rouen,76319,Grand-Couronne,2022,STD_OCC,818.89419
Rouen,76367,Houppeville,2022,MOD_UNDER_OCC,199.13196
Rouen,76116,Boos,2022,SEV_UNDER_OCC,454.32816
Grenoble,38188,Herbeys,2022,MOD_OVER_OCC,26.73281
Montpellier,34123,Juvignac,2022,SEV_OVER_OCC,40.20356
Grenoble,38158,Eybens,2022,SEV_UNDER_OCC,1063.30372
Grenoble,38472,Sarcenas,2022,VSEV_UNDER_OCC,46.51163
Rouen,76575,Saint-Étienne-du-Rouvray,2022,MOD_UNDER_OCC,3579.06447
Rouen,76591,Saint-Jacques-sur-Darnétal,2011,MOD_UNDER_OCC,149.10906
Rouen,76377,Isneauville,2011,MOD_OVER_OCC,24.0
Saint-Etienne,42123,Lorette,2011,MOD_OVER_OCC,62.55642
Grenoble,38562,Vizille,2011,MOD_OVER_OCC,314.37982
Saint-Etienne,42083,Dargoire,2011,VSEV_UNDER_OCC,56.0
Rennes,35059,La Chapelle-des-Fougeretz,2011,MOD_UNDER_OCC,331.0582
Grenoble,38200,Jarrie,2011,VSEV_UNDER_OCC,480.07707
Rennes,35245,Romillé,2011,MOD_UNDER_OCC,344.33393
Grenoble,38562,Vizille,2011,SEV_OVER_OCC,28.11048
Grenoble,38562,Vizille,2011,SEV_UNDER_OCC,694.50609
Rouen,76631,Saint-Paër,2011,MOD_UNDER_OCC,119.39181
Rouen,76108,Bois-Guillaume,2011,SEV_OVER_OCC,6.57935
Grenoble,38200,Jarrie,2011,MOD_OVER_OCC,45.98211
Rouen,76484,Oissel,2011,SEV_OVER_OCC,20.7802
Rouen,76457,Moulineaux,2011,MOD_UNDER_OCC,121.59742
Saint-Etienne,42031,Caloire,2011,MOD_UNDER_OCC,39.30836
Rennes,35245,Romillé,2011,STD_OCC,209.76665
Rouen,76131,La Bouille,2011,MOD_OVER_OCC,0.0
Rouen,76484,Oissel,2011,STD_OCC,846.22419
Rouen,76131,La Bouille,2011,MOD_UNDER_OCC,86.98462
Rouen,76631,Saint-Paër,2011,MOD_OVER_OCC,0.0
Rouen,76108,Bois-Guillaume,2011,SEV_UNDER_OCC,2155.36323
Grenoble,38388,Saint-Georges-de-Commiers,2011,MOD_OVER_OCC,12.32039
Rouen,76131,La Bouille,2011,SEV_UNDER_OCC,94.89231
Rennes,35351,Le Verger,2011,MOD_UNDER_OCC,81.03691
Rouen,76591,Saint-Jacques-sur-Darnétal,2011,SEV_UNDER_OCC,237.7685
Saint-Etienne,42093,Farnay,2011,VSEV_UNDER_OCC,130.77825
Rouen,76474,Notre-Dame-de-Bondeville,2011,MOD_OVER_OCC,174.48073
Saint-Etienne,42083,Dargoire,2011,MOD_OVER_OCC,4.0
Rouen,76474,Notre-Dame-de-Bondeville,2011,SEV_UNDER_OCC,740.98618
Rouen,76377,Isneauville,2011,STD_OCC,52.0
Rouen,76377,Isneauville,2011,MOD_UNDER_OCC,84.0
Saint-Etienne,42093,Farnay,2011,SEV_OVER_OCC,0.0
Rouen,76457,Moulineaux,2011,STD_OCC,50.99247
Rouen,76377,Isneauville,2011,VSEV_UNDER_OCC,516.0
Saint-Etienne,42031,Caloire,2011,STD_OCC,27.51585
Rouen,76457,Moulineaux,2011,MOD_OVER_OCC,7.84499
Rouen,76377,Isneauville,2011,SEV_UNDER_OCC,272.0
Saint-Etienne,42123,Lorette,2011,SEV_UNDER_OCC,461.35357
Grenoble,38562,Vizille,2011,VSEV_UNDER_OCC,526.24851
Saint-Etienne,42031,Caloire,2011,VSEV_UNDER_OCC,27.51585
Rennes,35351,Le Verger,2011,STD_OCC,85.08875
Rouen,76513,Quevillon,2011,STD_OCC,19.56811
Saint-Etienne,42031,Caloire,2011,SEV_UNDER_OCC,27.51585
Saint-Etienne,42083,Dargoire,2011,MOD_UNDER_OCC,56.0
Grenoble,38562,Vizille,2011,STD_OCC,850.71062
Grenoble,38388,Saint-Georges-de-Commiers,2011,VSEV_UNDER_OCC,254.62136
Rouen,76591,Saint-Jacques-sur-Darnétal,2011,SEV_OVER_OCC,0.0
Rennes,35351,Le Verger,2011,MOD_OVER_OCC,12.15554
Grenoble,38200,Jarrie,2011,SEV_OVER_OCC,7.55297
Rouen,76377,Isneauville,2011,SEV_OVER_OCC,4.0
Rouen,76131,La Bouille,2011,STD_OCC,75.12308
Rouen,76513,Quevillon,2011,VSEV_UNDER_OCC,90.01329
Rouen,76474,Notre-Dame-de-Bondeville,2011,VSEV_UNDER_OCC,696.5317
Rouen,76591,Saint-Jacques-sur-Darnétal,2011,STD_OCC,80.59949
Grenoble,38388,Saint-Georges-de-Commiers,2011,SEV_OVER_OCC,0.0
Rouen,76631,Saint-Paër,2011,VSEV_UNDER_OCC,144.09357
Rennes,35351,Le Verger,2011,VSEV_UNDER_OCC,194.48858
Rouen,76108,Bois-Guillaume,2011,MOD_OVER_OCC,644.11072
Saint-Etienne,42123,Lorette,2011,MOD_UNDER_OCC,563.00774
Rennes,35059,La Chapelle-des-Fougeretz,2011,STD_OCC,214.00611
Rouen,76108,Bois-Guillaume,2011,MOD_UNDER_OCC,2049.43457
Saint-Etienne,42262,Saint-Maurice-en-Gourgois,2016,SEV_UNDER_OCC,235.0
Saint-Etienne,42330,Villars,2022,MOD_OVER_OCC,144.9056
Rennes,35144,Langan,2016,STD_OCC,4.69307
Rouen,76212,Darnétal,2016,STD_OCC,1294.46015
Rennes,35275,Saint-Gilles,2016,MOD_OVER_OCC,42.5539
Rennes,35088,Corps-Nuds,2016,STD_OCC,138.22949
Saint-Etienne,42262,Saint-Maurice-en-Gourgois,2016,MOD_UNDER_OCC,195.0
Rouen,76366,Le Houlme,2022,STD_OCC,360.34612
Saint-Etienne,42032,Cellieu,2016,SEV_OVER_OCC,0.0
Grenoble,38071,Champ-sur-Drac,2016,SEV_UNDER_OCC,415.76374
Rennes,35275,Saint-Gilles,2016,SEV_OVER_OCC,0.0
Saint-Etienne,42237,Saint-Jean-Bonnefonds,2016,MOD_UNDER_OCC,784.72096
Grenoble,38516,La Tronche,2016,MOD_UNDER_OCC,738.66297
Saint-Etienne,42237,Saint-Jean-Bonnefonds,2016,SEV_OVER_OCC,5.00693
Grenoble,38071,Champ-sur-Drac,2016,VSEV_UNDER_OCC,311.0916
Rouen,76391,La Londe,2022,MOD_OVER_OCC,10.01814
Grenoble,38277,Notre-Dame-de-Commiers,2022,SEV_UNDER_OCC,60.25182
Rouen,76313,Gouy,2022,SEV_UNDER_OCC,115.54176
Grenoble,38277,Notre-Dame-de-Commiers,2022,SEV_OVER_OCC,0.0
Saint-Etienne,42330,Villars,2022,STD_OCC,524.6582
Rennes,35208,Orgères,2022,VSEV_UNDER_OCC,831.95467
Montpellier,34307,Sussargues,2022,STD_OCC,125.64528
Grenoble,38545,Vif,2022,VSEV_UNDER_OCC,973.91659
Montpellier,34095,Fabrègues,2022,STD_OCC,716.19916
Saint-Etienne,42096,Fontanès,2022,SEV_UNDER_OCC,54.2703
Montpellier,34244,Saint-Brès,2022,SEV_OVER_OCC,5.02467
Rennes,35208,Orgères,2022,STD_OCC,342.49839
Rouen,76313,Gouy,2022,MOD_UNDER_OCC,29.99146
Rouen,76391,La Londe,2022,STD_OCC,48.60341
Rennes,35278,Saint-Grégoire,2022,MOD_UNDER_OCC,846.87564
Rouen,76322,Le Grand-Quevilly,2022,MOD_OVER_OCC,782.70327
Montpellier,34307,Sussargues,2022,SEV_UNDER_OCC,274.15401
Grenoble,38528,Vaulnaveys-le-Bas,2022,MOD_UNDER_OCC,132.43701
Rouen,76313,Gouy,2022,SEV_OVER_OCC,0.0
Saint-Etienne,42096,Fontanès,2022,MOD_OVER_OCC,4.789
Saint-Etienne,42302,Sorbiers,2022,STD_OCC,508.9022
Saint-Etienne,42167,Pavezin,2022,SEV_UNDER_OCC,25.54406
Rouen,76377,Isneauville,2022,VSEV_UNDER_OCC,727.79614
Saint-Etienne,42330,Villars,2022,VSEV_UNDER_OCC,869.43359
Rennes,35051,Cesson-Sévigné,2022,MOD_OVER_OCC,975.90912
Rouen,76377,Isneauville,2022,MOD_OVER_OCC,15.05785
Saint-Etienne,42167,Pavezin,2022,SEV_OVER_OCC,0.0
Rennes,35315,Saint-Sulpice-la-Forêt,2022,STD_OCC,25.03215
Saint-Etienne,42167,Pavezin,2022,MOD_UNDER_OCC,56.66537
Saint-Etienne,42302,Sorbiers,2022,SEV_OVER_OCC,5.01452
Rouen,76178,Cléon,2022,STD_OCC,470.03222
Rouen,76391,La Londe,2022,SEV_UNDER_OCC,211.81458
Montpellier,34095,Fabrègues,2022,MOD_OVER_OCC,115.19287
Saint-Etienne,42302,Sorbiers,2022,MOD_UNDER_OCC,750.97003
Montpellier,34095,Fabrègues,2022,VSEV_UNDER_OCC,741.24109
Rennes,35315,Saint-Sulpice-la-Forêt,2022,SEV_OVER_OCC,0.0
Saint-Etienne,42167,Pavezin,2022,VSEV_UNDER_OCC,51.43166
Rouen,76178,Cléon,2022,MOD_UNDER_OCC,554.6358
Saint-Etienne,42330,Villars,2022,SEV_OVER_OCC,4.99674
Saint-Etienne,42096,Fontanès,2022,STD_OCC,19.52677
Grenoble,38528,Vaulnaveys-le-Bas,2022,VSEV_UNDER_OCC,211.17788
Rouen,76313,Gouy,2022,MOD_OVER_OCC,0.0
Montpellier,34244,Saint-Brès,2022,SEV_UNDER_OCC,396.9492
Rouen,76377,Isneauville,2022,SEV_OVER_OCC,0.0
Montpellier,34095,Fabrègues,2022,SEV_OVER_OCC,30.05031
Rouen,76178,Cléon,2022,MOD_OVER_OCC,86.79186
Grenoble,38528,Vaulnaveys-le-Bas,2022,SEV_UNDER_OCC,130.92351
Rennes,35315,Saint-Sulpice-la-Forêt,2022,MOD_OVER_OCC,0.0
Rennes,35315,Saint-Sulpice-la-Forêt,2022,SEV_UNDER_OCC,165.21222
Rennes,35315,Saint-Sulpice-la-Forêt,2022,VSEV_UNDER_OCC,325.41801
Rouen,76178,Cléon,2022,SEV_OVER_OCC,10.681
Saint-Etienne,42302,Sorbiers,2022,VSEV_UNDER_OCC,1177.6307
Grenoble,38277,Notre-Dame-de-Commiers,2022,VSEV_UNDER_OCC,63.79434
Rennes,35278,Saint-Grégoire,2022,MOD_OVER_OCC,104.23688
Rouen,76391,La Londe,2022,VSEV_UNDER_OCC,534.8915
Rouen,76322,Le Grand-Quevilly,2022,SEV_UNDER_OCC,2945.48198
Rouen,76377,Isneauville,2022,MOD_UNDER_OCC,255.98347
Rennes,35278,Saint-Grégoire,2022,STD_OCC,791.17983
Rennes,35051,Cesson-Sévigné,2022,SEV_UNDER_OCC,1239.49464
Montpellier,34244,Saint-Brès,2022,STD_OCC,311.52975
Rennes,35051,Cesson-Sévigné,2022,SEV_OVER_OCC,15.916
Montpellier,34307,Sussargues,2022,SEV_OVER_OCC,4.97493
Rouen,76322,Le Grand-Quevilly,2022,VSEV_UNDER_OCC,1351.20557
Saint-Etienne,42167,Pavezin,2022,STD_OCC,20.71071
Montpellier,34244,Saint-Brès,2022,MOD_OVER_OCC,90.44412
Rouen,76322,Le Grand-Quevilly,2022,SEV_OVER_OCC,56.60713
Rouen,76391,La Londe,2022,MOD_UNDER_OCC,184.20316
Rouen,76366,Le Houlme,2022,SEV_OVER_OCC,5.18094
Grenoble,38277,Notre-Dame-de-Commiers,2022,STD_OCC,20.20201
Saint-Etienne,42096,Fontanès,2022,MOD_UNDER_OCC,83.53283
Grenoble,38528,Vaulnaveys-le-Bas,2022,SEV_OVER_OCC,0.0
Rouen,76322,Le Grand-Quevilly,2022,STD_OCC,3174.04732
Saint-Etienne,42167,Pavezin,2022,MOD_OVER_OCC,5.23436
Grenoble,38545,Vif,2022,MOD_OVER_OCC,114.97056
Grenoble,38277,Notre-Dame-de-Commiers,2022,MOD_OVER_OCC,0.0
Rennes,35208,Orgères,2022,MOD_OVER_OCC,29.07088
Grenoble,38528,Vaulnaveys-le-Bas,2022,MOD_OVER_OCC,9.58659
Grenoble,38545,Vif,2022,SEV_UNDER_OCC,966.86792
Rouen,76391,La Londe,2022,SEV_OVER_OCC,0.0
Montpellier,34095,Fabrègues,2022,MOD_UNDER_OCC,861.44235
Rennes,35208,Orgères,2022,MOD_UNDER_OCC,590.76462
Rennes,35278,Saint-Grégoire,2022,VSEV_UNDER_OCC,1919.07923
Rouen,76366,Le Houlme,2022,MOD_OVER_OCC,94.13713
Montpellier,34244,Saint-Brès,2022,VSEV_UNDER_OCC,331.62845
Rouen,76313,Gouy,2022,STD_OCC,25.76843
Rouen,76366,Le Houlme,2022,SEV_UNDER_OCC,451.52948
Grenoble,38545,Vif,2022,STD_OCC,675.69762
Rouen,76366,Le Houlme,2022,MOD_UNDER_OCC,607.81529
Rouen,76313,Gouy,2022,VSEV_UNDER_OCC,187.31174
Rennes,35051,Cesson-Sévigné,2022,MOD_UNDER_OCC,1717.79766
Rennes,35208,Orgères,2022,SEV_UNDER_OCC,464.36744
Montpellier,34307,Sussargues,2022,MOD_OVER_OCC,15.27568
Rennes,35051,Cesson-Sévigné,2022,STD_OCC,2196.24353
Rouen,76377,Isneauville,2022,STD_OCC,155.5978
Rouen,76366,Le Houlme,2022,VSEV_UNDER_OCC,377.551
Rouen,76377,Isneauville,2022,SEV_UNDER_OCC,346.33058
Saint-Etienne,42262,Saint-Maurice-en-Gourgois,2022,VSEV_UNDER_OCC,261.28926
Grenoble,38185,Grenoble,2022,STD_OCC,27357.78575
Saint-Etienne,42262,Saint-Maurice-en-Gourgois,2022,MOD_OVER_OCC,5.02479
Grenoble,38185,Grenoble,2022,SEV_UNDER_OCC,11767.93691
Rouen,76088,Berville-sur-Seine,2022,MOD_UNDER_OCC,57.64402
Saint-Etienne,42222,Saint-Galmier,2022,SEV_UNDER_OCC,635.56357
Rouen,76088,Berville-sur-Seine,2022,MOD_OVER_OCC,5.09585
Grenoble,38185,Grenoble,2022,MOD_UNDER_OCC,23744.29387
Saint-Etienne,42262,Saint-Maurice-en-Gourgois,2022,SEV_OVER_OCC,0.0
Montpellier,34088,Cournonterral,2022,MOD_OVER_OCC,137.3803
Grenoble,38185,Grenoble,2022,SEV_OVER_OCC,566.13701
Grenoble,38185,Grenoble,2022,MOD_OVER_OCC,15001.31702
Saint-Etienne,42222,Saint-Galmier,2022,SEV_OVER_OCC,0.0
Saint-Etienne,42222,Saint-Galmier,2022,STD_OCC,360.32462
Saint-Etienne,42262,Saint-Maurice-en-Gourgois,2022,SEV_UNDER_OCC,165.81818
Rennes,35080,Cintré,2022,VSEV_UNDER_OCC,407.02363
Grenoble,38185,Grenoble,2022,VSEV_UNDER_OCC,5708.49217
Rouen,76088,Berville-sur-Seine,2022,SEV_OVER_OCC,0.0
Saint-Etienne,42262,Saint-Maurice-en-Gourgois,2022,MOD_UNDER_OCC,236.16529
Rennes,35080,Cintré,2022,STD_OCC,94.1878
Saint-Etienne,42099,Fraisses,2022,MOD_UNDER_OCC,515.59189
Saint-Etienne,42262,Saint-Maurice-en-Gourgois,2022,STD_OCC,75.3719
Montpellier,34088,Cournonterral,2022,VSEV_UNDER_OCC,625.74534
Montpellier,34088,Cournonterral,2022,MOD_UNDER_OCC,821.49963
Saint-Etienne,42222,Saint-Galmier,2022,MOD_UNDER_OCC,570.51398
Rouen,76088,Berville-sur-Seine,2022,SEV_UNDER_OCC,57.60054
Rouen,76088,Berville-sur-Seine,2022,VSEV_UNDER_OCC,78.84138
Saint-Etienne,42222,Saint-Galmier,2022,VSEV_UNDER_OCC,980.87917
Montpellier,34088,Cournonterral,2022,STD_OCC,701.64994
Rennes,35080,Cintré,2022,SEV_OVER_OCC,0.0
Rennes,35080,Cintré,2022,MOD_UNDER_OCC,157.08197
Saint-Etienne,42222,Saint-Galmier,2022,MOD_OVER_OCC,45.04058
Montpellier,34088,Cournonterral,2022,SEV_OVER_OCC,27.01284
Saint-Etienne,42099,Fraisses,2022,MOD_OVER_OCC,34.90875
Saint-Etienne,42099,Fraisses,2022,STD_OCC,212.63984
Saint-Etienne,42099,Fraisses,2022,SEV_OVER_OCC,0.0
Montpellier,34088,Cournonterral,2022,SEV_UNDER_OCC,593.15226
Saint-Etienne,42099,Fraisses,2022,SEV_UNDER_OCC,540.11544
Saint-Etienne,42099,Fraisses,2022,VSEV_UNDER_OCC,441.70492
Rennes,35080,Cintré,2022,SEV_UNDER_OCC,266.85089
Rouen,76088,Berville-sur-Seine,2022,STD_OCC,15.53002
Rennes,35080,Cintré,2022,MOD_OVER_OCC,10.44295
Rennes,35208,Orgères,2022,SEV_OVER_OCC,0.0
Saint-Etienne,42302,Sorbiers,2022,MOD_OVER_OCC,54.85554
Rouen,76178,Cléon,2022,SEV_UNDER_OCC,434.58166
Saint-Etienne,42096,Fontanès,2022,VSEV_UNDER_OCC,93.694
Grenoble,38545,Vif,2022,MOD_UNDER_OCC,975.72755
Rennes,35278,Saint-Grégoire,2022,SEV_OVER_OCC,5.17584
Montpellier,34244,Saint-Brès,2022,MOD_UNDER_OCC,457.24528
Grenoble,38528,Vaulnaveys-le-Bas,2022,STD_OCC,72.37201
Saint-Etienne,42302,Sorbiers,2022,SEV_UNDER_OCC,936.49781
Rennes,35051,Cesson-Sévigné,2022,VSEV_UNDER_OCC,2871.20467
Montpellier,34307,Sussargues,2022,MOD_UNDER_OCC,220.39724
Montpellier,34307,Sussargues,2022,VSEV_UNDER_OCC,522.68186
Rouen,76178,Cléon,2022,VSEV_UNDER_OCC,384.66496
Montpellier,34095,Fabrègues,2022,SEV_UNDER_OCC,796.33333
Saint-Etienne,42330,Villars,2022,SEV_UNDER_OCC,1019.33594
Rennes,35315,Saint-Sulpice-la-Forêt,2022,MOD_UNDER_OCC,85.10932
Grenoble,38545,Vif,2022,SEV_OVER_OCC,0.0
Saint-Etienne,42330,Villars,2022,MOD_UNDER_OCC,969.36849
Rennes,35278,Saint-Grégoire,2022,SEV_UNDER_OCC,691.14142
Saint-Etienne,42096,Fontanès,2022,SEV_OVER_OCC,4.58506
Grenoble,38277,Notre-Dame-de-Commiers,2022,MOD_UNDER_OCC,61.08567
Rouen,76322,Le Grand-Quevilly,2022,MOD_UNDER_OCC,4738.6685
Grenoble,38533,Venon,2016,MOD_UNDER_OCC,55.0
Rennes,35238,Rennes,2016,SEV_OVER_OCC,519.7712
Saint-Etienne,42283,Saint-Romain-en-Jarez,2016,SEV_OVER_OCC,0.0
Grenoble,38516,La Tronche,2016,SEV_UNDER_OCC,407.01837
Grenoble,38516,La Tronche,2016,STD_OCC,678.36395
Saint-Etienne,42237,Saint-Jean-Bonnefonds,2016,MOD_OVER_OCC,88.20257
Montpellier,34249,Saint-Drézéry,2016,VSEV_UNDER_OCC,371.2858
Montpellier,34249,Saint-Drézéry,2016,SEV_UNDER_OCC,233.27621
Saint-Etienne,42283,Saint-Romain-en-Jarez,2016,VSEV_UNDER_OCC,101.71668
Rennes,35238,Rennes,2016,MOD_UNDER_OCC,29279.71324
Rennes,35275,Saint-Gilles,2016,STD_OCC,316.79017
Grenoble,38071,Champ-sur-Drac,2016,MOD_OVER_OCC,25.06249
Rouen,76212,Darnétal,2016,MOD_OVER_OCC,352.13284
Rennes,35238,Rennes,2016,MOD_OVER_OCC,18777.27522
Saint-Etienne,42283,Saint-Romain-en-Jarez,2016,MOD_OVER_OCC,4.92119
Grenoble,38533,Venon,2016,MOD_OVER_OCC,5.0
Grenoble,38485,Seyssinet-Pariset,2016,SEV_OVER_OCC,16.24265
Grenoble,38516,La Tronche,2016,MOD_OVER_OCC,341.69443
Rennes,35275,Saint-Gilles,2016,SEV_UNDER_OCC,406.62619
Grenoble,38485,Seyssinet-Pariset,2016,MOD_OVER_OCC,493.9916
Rouen,76095,Bihorel,2016,SEV_OVER_OCC,20.1314
Rouen,76497,Petit-Couronne,2016,MOD_UNDER_OCC,1032.75644
Grenoble,38485,Seyssinet-Pariset,2016,SEV_UNDER_OCC,1296.24879
Rouen,76095,Bihorel,2016,SEV_UNDER_OCC,986.23368
Rouen,76095,Bihorel,2016,VSEV_UNDER_OCC,1056.33377
Montpellier,34249,Saint-Drézéry,2016,STD_OCC,116.37549
Saint-Etienne,42237,Saint-Jean-Bonnefonds,2016,SEV_UNDER_OCC,766.68186
Montpellier,34249,Saint-Drézéry,2016,SEV_OVER_OCC,0.0
Rennes,35088,Corps-Nuds,2016,MOD_OVER_OCC,19.74707
Grenoble,38533,Venon,2016,SEV_OVER_OCC,0.0
Rouen,76212,Darnétal,2016,SEV_OVER_OCC,29.7577
Grenoble,38071,Champ-sur-Drac,2016,MOD_UNDER_OCC,294.15314
Rouen,76212,Darnétal,2016,VSEV_UNDER_OCC,565.39639
Rouen,76095,Bihorel,2016,MOD_UNDER_OCC,1031.52141
Rennes,35238,Rennes,2016,VSEV_UNDER_OCC,12373.63861
Rennes,35275,Saint-Gilles,2016,VSEV_UNDER_OCC,709.23173
Saint-Etienne,42237,Saint-Jean-Bonnefonds,2016,STD_OCC,509.07895
Saint-Etienne,42032,Cellieu,2016,MOD_UNDER_OCC,170.40118
Saint-Etienne,42283,Saint-Romain-en-Jarez,2016,SEV_UNDER_OCC,183.02387
Grenoble,38485,Seyssinet-Pariset,2016,STD_OCC,1157.34284
Saint-Etienne,42262,Saint-Maurice-en-Gourgois,2016,SEV_OVER_OCC,0.0
Grenoble,38533,Venon,2016,VSEV_UNDER_OCC,150.0
Grenoble,38485,Seyssinet-Pariset,2016,VSEV_UNDER_OCC,830.19864
Rouen,76497,Petit-Couronne,2016,SEV_UNDER_OCC,790.66171
Rouen,76497,Petit-Couronne,2016,MOD_OVER_OCC,238.04946
Grenoble,38533,Venon,2016,SEV_UNDER_OCC,50.0
Rouen,76497,Petit-Couronne,2016,STD_OCC,792.29746
Saint-Etienne,42283,Saint-Romain-en-Jarez,2016,MOD_UNDER_OCC,131.96592
Rouen,76095,Bihorel,2016,MOD_OVER_OCC,131.5659
Montpellier,34249,Saint-Drézéry,2016,MOD_UNDER_OCC,190.52404
Saint-Etienne,42032,Cellieu,2016,STD_OCC,75.17699
Grenoble,38071,Champ-sur-Drac,2016,SEV_OVER_OCC,4.77266
Saint-Etienne,42032,Cellieu,2016,VSEV_UNDER_OCC,250.58997
Rouen,76212,Darnétal,2016,SEV_UNDER_OCC,783.61955
Saint-Etienne,42262,Saint-Maurice-en-Gourgois,2016,VSEV_UNDER_OCC,250.0
Saint-Etienne,42283,Saint-Romain-en-Jarez,2016,STD_OCC,66.41462
Rennes,35238,Rennes,2016,STD_OCC,35252.73002
Rennes,35238,Rennes,2016,SEV_UNDER_OCC,16247.49635
Saint-Etienne,42032,Cellieu,2016,SEV_UNDER_OCC,160.37758
Saint-Etienne,42237,Saint-Jean-Bonnefonds,2016,VSEV_UNDER_OCC,605.33261
Rouen,76497,Petit-Couronne,2016,VSEV_UNDER_OCC,853.79473
Montpellier,34249,Saint-Drézéry,2016,MOD_OVER_OCC,10.60689
Rennes,35088,Corps-Nuds,2016,VSEV_UNDER_OCC,409.7517
Grenoble,38516,La Tronche,2016,VSEV_UNDER_OCC,708.51346
Rouen,76212,Darnétal,2016,MOD_UNDER_OCC,1334.13709
Rouen,76095,Bihorel,2016,STD_OCC,647.25996
Grenoble,38071,Champ-sur-Drac,2016,STD_OCC,224.95234
Grenoble,38516,La Tronche,2016,SEV_OVER_OCC,15.07475
Saint-Etienne,42032,Cellieu,2016,MOD_OVER_OCC,5.0118
Rouen,76497,Petit-Couronne,2016,SEV_OVER_OCC,9.69328
Grenoble,38485,Seyssinet-Pariset,2016,MOD_UNDER_OCC,1683.62094
Grenoble,38533,Venon,2016,STD_OCC,35.0
Rennes,35275,Saint-Gilles,2022,MOD_OVER_OCC,28.88683
Rouen,76497,Petit-Couronne,2022,MOD_OVER_OCC,182.83892
Saint-Etienne,42262,Saint-Maurice-en-Gourgois,2016,STD_OCC,25.0
Grenoble,38516,La Tronche,2022,MOD_OVER_OCC,414.05394
Rennes,35275,Saint-Gilles,2016,MOD_UNDER_OCC,463.36473
Rennes,35088,Corps-Nuds,2016,SEV_OVER_OCC,4.93677
Rennes,35088,Corps-Nuds,2016,MOD_UNDER_OCC,330.76342
Saint-Etienne,42262,Saint-Maurice-en-Gourgois,2016,MOD_OVER_OCC,10.0
Rennes,35088,Corps-Nuds,2016,SEV_UNDER_OCC,360.38402
Grenoble,38485,Seyssinet-Pariset,2022,SEV_UNDER_OCC,1417.12808
Rennes,35238,Rennes,2022,VSEV_UNDER_OCC,13856.50918
Grenoble,38071,Champ-sur-Drac,2022,MOD_UNDER_OCC,392.51758
Rennes,35238,Rennes,2022,MOD_UNDER_OCC,30866.75838
Saint-Etienne,42237,Saint-Jean-Bonnefonds,2022,STD_OCC,504.36431
Rennes,35275,Saint-Gilles,2022,MOD_UNDER_OCC,581.91584
Grenoble,38071,Champ-sur-Drac,2022,VSEV_UNDER_OCC,318.004
Rouen,76497,Petit-Couronne,2022,SEV_UNDER_OCC,948.54936
Rouen,76095,Bihorel,2022,SEV_UNDER_OCC,939.83676
Montpellier,34249,Saint-Drézéry,2022,STD_OCC,178.47391
Saint-Etienne,42237,Saint-Jean-Bonnefonds,2022,MOD_OVER_OCC,109.86564
Grenoble,38533,Venon,2022,VSEV_UNDER_OCC,186.33735
Saint-Etienne,42032,Cellieu,2022,SEV_OVER_OCC,0.0
Saint-Etienne,42237,Saint-Jean-Bonnefonds,2022,MOD_UNDER_OCC,819.69971
Montpellier,34249,Saint-Drézéry,2022,VSEV_UNDER_OCC,421.15926
Saint-Etienne,42032,Cellieu,2022,VSEV_UNDER_OCC,328.77339
Grenoble,38071,Champ-sur-Drac,2022,MOD_OVER_OCC,47.47565
Montpellier,34249,Saint-Drézéry,2022,SEV_UNDER_OCC,298.37397
Saint-Etienne,42283,Saint-Romain-en-Jarez,2022,SEV_OVER_OCC,9.79195
Rennes,35088,Corps-Nuds,2022,MOD_OVER_OCC,23.75027
Grenoble,38485,Seyssinet-Pariset,2022,MOD_UNDER_OCC,1857.17554
Rouen,76095,Bihorel,2022,MOD_OVER_OCC,107.1587
Rouen,76497,Petit-Couronne,2022,SEV_OVER_OCC,19.46603
Rennes,35238,Rennes,2022,MOD_OVER_OCC,20998.46554
Rennes,35088,Corps-Nuds,2022,SEV_UNDER_OCC,345.82006
Grenoble,38533,Venon,2022,MOD_OVER_OCC,10.07229
Grenoble,38485,Seyssinet-Pariset,2022,MOD_OVER_OCC,263.03526
Grenoble,38071,Champ-sur-Drac,2022,STD_OCC,233.24492
Saint-Etienne,42283,Saint-Romain-en-Jarez,2022,STD_OCC,59.86153
Saint-Etienne,42032,Cellieu,2022,MOD_OVER_OCC,0.0
Saint-Etienne,42237,Saint-Jean-Bonnefonds,2022,SEV_UNDER_OCC,707.02724
Montpellier,34249,Saint-Drézéry,2022,MOD_UNDER_OCC,270.32646
Rouen,76095,Bihorel,2022,SEV_OVER_OCC,0.0
Montpellier,34249,Saint-Drézéry,2022,SEV_OVER_OCC,0.0
Saint-Etienne,42283,Saint-Romain-en-Jarez,2022,MOD_OVER_OCC,0.0
Rouen,76497,Petit-Couronne,2022,VSEV_UNDER_OCC,806.01559
Rennes,35275,Saint-Gilles,2022,STD_OCC,481.53005
Grenoble,38533,Venon,2022,SEV_UNDER_OCC,75.54217
Rouen,76095,Bihorel,2022,VSEV_UNDER_OCC,1091.14635
Rennes,35238,Rennes,2022,SEV_OVER_OCC,830.38479
Rennes,35275,Saint-Gilles,2022,SEV_UNDER_OCC,446.7414
Rouen,76095,Bihorel,2022,STD_OCC,687.467
Montpellier,34249,Saint-Drézéry,2022,MOD_OVER_OCC,15.63506
Rennes,35275,Saint-Gilles,2022,SEV_OVER_OCC,15.14279
Saint-Etienne,42032,Cellieu,2022,SEV_UNDER_OCC,176.67682
Rouen,76212,Darnétal,2022,MOD_UNDER_OCC,1349.3327
Saint-Etienne,42237,Saint-Jean-Bonnefonds,2022,VSEV_UNDER_OCC,684.55633
Grenoble,38533,Venon,2022,MOD_UNDER_OCC,50.36145
Rouen,76212,Darnétal,2022,MOD_OVER_OCC,351.89776
Rennes,35088,Corps-Nuds,2022,VSEV_UNDER_OCC,553.05864
Rouen,76212,Darnétal,2022,STD_OCC,1222.73938
Saint-Etienne,42283,Saint-Romain-en-Jarez,2022,MOD_UNDER_OCC,154.96909
Rouen,76497,Petit-Couronne,2022,MOD_UNDER_OCC,1174.94692
Saint-Etienne,42032,Cellieu,2022,STD_OCC,29.43671
Grenoble,38485,Seyssinet-Pariset,2022,STD_OCC,1186.91478
Grenoble,38071,Champ-sur-Drac,2022,SEV_OVER_OCC,0.0
Rouen,76212,Darnétal,2022,SEV_OVER_OCC,31.56959
Grenoble,38516,La Tronche,2022,STD_OCC,663.19638
Grenoble,38516,La Tronche,2022,SEV_UNDER_OCC,353.80171
Saint-Etienne,42237,Saint-Jean-Bonnefonds,2022,SEV_OVER_OCC,9.04998
Grenoble,38516,La Tronche,2022,SEV_OVER_OCC,4.98894
Rennes,35238,Rennes,2022,SEV_UNDER_OCC,16622.82998
Rennes,35238,Rennes,2022,STD_OCC,37059.88528
Saint-Etienne,42032,Cellieu,2022,MOD_UNDER_OCC,151.95523
Rouen,76212,Darnétal,2022,VSEV_UNDER_OCC,564.84507
Grenoble,38516,La Tronche,2022,MOD_UNDER_OCC,777.62316
Rennes,35088,Corps-Nuds,2022,STD_OCC,198.1898
Grenoble,38533,Venon,2022,SEV_OVER_OCC,0.0
Saint-Etienne,42283,Saint-Romain-en-Jarez,2022,SEV_UNDER_OCC,124.91693
Saint-Etienne,42283,Saint-Romain-en-Jarez,2022,VSEV_UNDER_OCC,159.22067
Rennes,35088,Corps-Nuds,2022,MOD_UNDER_OCC,293.38237
Grenoble,38516,La Tronche,2022,VSEV_UNDER_OCC,687.84195
Rouen,76497,Petit-Couronne,2022,STD_OCC,791.66781
Rennes,35275,Saint-Gilles,2022,VSEV_UNDER_OCC,750.9301
Rouen,76095,Bihorel,2022,MOD_UNDER_OCC,1218.46925
Grenoble,38485,Seyssinet-Pariset,2022,VSEV_UNDER_OCC,880.60115
Grenoble,38533,Venon,2022,STD_OCC,15.10843
Rennes,35088,Corps-Nuds,2022,SEV_OVER_OCC,10.86412
Grenoble,38071,Champ-sur-Drac,2022,SEV_UNDER_OCC,489.08394
Grenoble,38485,Seyssinet-Pariset,2022,SEV_OVER_OCC,33.56725
Rouen,76212,Darnétal,2022,SEV_UNDER_OCC,1056.52018
Rouen,76475,Franqueville-Saint-Pierre,2016,MOD_UNDER_OCC,465.06399
Rouen,76069,Belbeuf,2016,MOD_UNDER_OCC,116.12903
Rouen,76354,Hénouville,2016,MOD_UNDER_OCC,78.34101
Rouen,76237,Épinay-sur-Duclair,2016,MOD_OVER_OCC,0.0
Rouen,76475,Franqueville-Saint-Pierre,2016,MOD_OVER_OCC,56.68036
Rennes,35055,Chantepie,2016,VSEV_UNDER_OCC,1146.32245
Rouen,76475,Franqueville-Saint-Pierre,2016,STD_OCC,327.21726
Grenoble,38423,Saint-Martin-le-Vinoux,2016,SEV_OVER_OCC,24.81468
Rennes,35144,Langan,2016,MOD_OVER_OCC,0.0
Rennes,35144,Langan,2016,VSEV_UNDER_OCC,164.25743
Rennes,35144,Langan,2016,SEV_OVER_OCC,0.0
Rouen,76475,Franqueville-Saint-Pierre,2016,SEV_UNDER_OCC,549.24475
Rouen,76354,Hénouville,2016,SEV_UNDER_OCC,102.82258
Rouen,76116,Boos,2016,STD_OCC,150.7152
Rennes,35039,Brécé,2016,SEV_OVER_OCC,0.0
Rouen,76237,Épinay-sur-Duclair,2016,MOD_UNDER_OCC,60.25313
Rouen,76377,Isneauville,2016,SEV_UNDER_OCC,310.0
Rouen,76237,Épinay-sur-Duclair,2016,SEV_OVER_OCC,0.0
Rennes,35055,Chantepie,2016,STD_OCC,1386.59335
Rouen,76116,Boos,2016,VSEV_UNDER_OCC,499.092
Rennes,35039,Brécé,2016,MOD_OVER_OCC,25.40444
Rennes,35144,Langan,2016,SEV_UNDER_OCC,112.63366
Rouen,76069,Belbeuf,2016,SEV_UNDER_OCC,241.93548
Rouen,76069,Belbeuf,2016,VSEV_UNDER_OCC,416.12903
Rouen,76116,Boos,2016,MOD_UNDER_OCC,338.01667
Rouen,76377,Isneauville,2016,VSEV_UNDER_OCC,570.0
Rennes,35039,Brécé,2016,MOD_UNDER_OCC,192.68901
Rouen,76116,Boos,2016,SEV_OVER_OCC,0.0
Rouen,76377,Isneauville,2016,STD_OCC,55.0
Rennes,35055,Chantepie,2016,MOD_OVER_OCC,123.76498
Grenoble,38423,Saint-Martin-le-Vinoux,2016,MOD_OVER_OCC,233.25801
Rouen,76354,Hénouville,2016,STD_OCC,29.37788
Rouen,76354,Hénouville,2016,VSEV_UNDER_OCC,288.88249
Rennes,35363,Pont-Péan,2016,SEV_OVER_OCC,0.0
Rouen,76116,Boos,2016,MOD_OVER_OCC,26.99163
Rennes,35363,Pont-Péan,2016,STD_OCC,286.08211
Rouen,76377,Isneauville,2016,MOD_OVER_OCC,15.0
Rouen,76069,Belbeuf,2016,MOD_OVER_OCC,4.83871
Rouen,76237,Épinay-sur-Duclair,2016,SEV_UNDER_OCC,45.37159
Rennes,35144,Langan,2016,MOD_UNDER_OCC,89.16832
Rouen,76475,Franqueville-Saint-Pierre,2016,VSEV_UNDER_OCC,1101.97187
Rennes,35055,Chantepie,2016,SEV_UNDER_OCC,766.64472
Rouen,76116,Boos,2016,SEV_UNDER_OCC,407.38312
Rouen,76069,Belbeuf,2016,STD_OCC,82.25806
Grenoble,38423,Saint-Martin-le-Vinoux,2016,VSEV_UNDER_OCC,446.66428
Rennes,35363,Pont-Péan,2016,VSEV_UNDER_OCC,635.03889
Rennes,35363,Pont-Péan,2016,MOD_UNDER_OCC,325.35514
Rennes,35039,Brécé,2016,SEV_UNDER_OCC,187.73229
Rouen,76377,Isneauville,2016,SEV_OVER_OCC,0.0
Grenoble,38423,Saint-Martin-le-Vinoux,2016,SEV_UNDER_OCC,466.51602
Rennes,35055,Chantepie,2016,MOD_UNDER_OCC,1351.49521
Rennes,35055,Chantepie,2016,SEV_OVER_OCC,3.81223
Rennes,35039,Brécé,2016,STD_OCC,118.15459
Rouen,76377,Isneauville,2016,MOD_UNDER_OCC,135.0
Grenoble,38423,Saint-Martin-le-Vinoux,2016,MOD_UNDER_OCC,724.58871
Rennes,35039,Brécé,2016,VSEV_UNDER_OCC,235.67274
Rouen,76354,Hénouville,2016,MOD_OVER_OCC,4.89631
Rouen,76069,Belbeuf,2016,SEV_OVER_OCC,0.0
Rouen,76237,Épinay-sur-Duclair,2016,VSEV_UNDER_OCC,70.41117
Rennes,35363,Pont-Péan,2016,MOD_OVER_OCC,20.9638
Rouen,76237,Épinay-sur-Duclair,2016,STD_OCC,19.98451
Grenoble,38423,Saint-Martin-le-Vinoux,2016,STD_OCC,555.84888
Rouen,76354,Hénouville,2016,SEV_OVER_OCC,0.0
Rouen,76475,Franqueville-Saint-Pierre,2016,SEV_OVER_OCC,0.0
Rennes,35363,Pont-Péan,2016,SEV_UNDER_OCC,385.36938
Montpellier,34179,Murviel-lès-Montpellier,2022,MOD_OVER_OCC,14.72703
Rennes,35210,Pacé,2022,VSEV_UNDER_OCC,2086.48525
Rouen,76350,Hautot-sur-Seine,2022,SEV_UNDER_OCC,50.86321
Rouen,76591,Saint-Jacques-sur-Darnétal,2022,SEV_UNDER_OCC,239.0972
Rouen,76448,Montmain,2022,STD_OCC,34.86047
Rouen,76514,Quévreville-la-Poterie,2022,STD_OCC,29.74015
Grenoble,38057,Bresson,2022,VSEV_UNDER_OCC,152.26952
Rouen,76056,Bardouville,2022,SEV_UNDER_OCC,70.82353
Rennes,35210,Pacé,2022,SEV_UNDER_OCC,808.15644
Rouen,76614,Saint-Martin-de-Boscherville,2022,SEV_OVER_OCC,0.0
Rouen,76614,Saint-Martin-de-Boscherville,2022,SEV_UNDER_OCC,129.85315
Rouen,76069,Belbeuf,2022,MOD_UNDER_OCC,171.72244
Rouen,76350,Hautot-sur-Seine,2022,SEV_OVER_OCC,0.0
Rouen,76350,Hautot-sur-Seine,2022,MOD_UNDER_OCC,43.89897
Rennes,35047,Bruz,2022,SEV_UNDER_OCC,1530.53305
Saint-Etienne,42189,Roche-la-Molière,2022,SEV_UNDER_OCC,1168.18197
Montpellier,34120,Jacou,2022,STD_OCC,680.5547
Grenoble,38179,Gières,2022,SEV_UNDER_OCC,568.1191
Rouen,76448,Montmain,2022,MOD_OVER_OCC,4.98007
Montpellier,34022,Baillargues,2022,MOD_OVER_OCC,218.00012
Rouen,76069,Belbeuf,2022,STD_OCC,64.01681
Grenoble,38179,Gières,2022,MOD_UNDER_OCC,877.58225
Rennes,35001,Acigné,2022,STD_OCC,535.47067
Montpellier,34172,Montpellier,2022,SEV_OVER_OCC,2512.43609
Montpellier,34172,Montpellier,2022,STD_OCC,54815.7416
Montpellier,34120,Jacou,2022,MOD_UNDER_OCC,712.73221
Rennes,35001,Acigné,2022,MOD_UNDER_OCC,735.64663
Rouen,76350,Hautot-sur-Seine,2022,STD_OCC,5.10019
Rouen,76614,Saint-Martin-de-Boscherville,2022,VSEV_UNDER_OCC,369.12808
Saint-Etienne,42189,Roche-la-Molière,2022,MOD_UNDER_OCC,1397.20138
Rouen,76448,Montmain,2022,SEV_UNDER_OCC,189.24252
Rennes,35240,Le Rheu,2022,MOD_OVER_OCC,289.69618
Rennes,35001,Acigné,2022,SEV_OVER_OCC,0.0
Montpellier,34172,Montpellier,2022,MOD_UNDER_OCC,37011.59075
Rennes,35001,Acigné,2022,MOD_OVER_OCC,65.05718
Rouen,76753,Ymare,2022,SEV_OVER_OCC,0.0
Saint-Etienne,42189,Roche-la-Molière,2022,VSEV_UNDER_OCC,952.89643
Rennes,35066,Chartres-de-Bretagne,2022,MOD_OVER_OCC,205.53535
Rennes,35210,Pacé,2022,SEV_OVER_OCC,40.11057
Montpellier,34179,Murviel-lès-Montpellier,2022,SEV_OVER_OCC,0.0
Rouen,76448,Montmain,2022,VSEV_UNDER_OCC,308.76412
Rennes,35066,Chartres-de-Bretagne,2022,VSEV_UNDER_OCC,1082.88252
Rouen,76514,Quévreville-la-Poterie,2022,VSEV_UNDER_OCC,162.47431
Saint-Etienne,42103,La Grand-Croix,2022,SEV_OVER_OCC,5.00525
Montpellier,34022,Baillargues,2022,MOD_UNDER_OCC,873.40334
Saint-Etienne,42103,La Grand-Croix,2022,MOD_OVER_OCC,90.09454
Rennes,35047,Bruz,2022,VSEV_UNDER_OCC,2761.32146
Saint-Etienne,42189,Roche-la-Molière,2022,SEV_OVER_OCC,10.70791
Rouen,76056,Bardouville,2022,STD_OCC,20.23529
Montpellier,34022,Baillargues,2022,VSEV_UNDER_OCC,793.87713
Rouen,76753,Ymare,2022,SEV_UNDER_OCC,122.42457
Rouen,76350,Hautot-sur-Seine,2022,MOD_OVER_OCC,0.0
Rouen,76753,Ymare,2022,MOD_UNDER_OCC,112.08085
Rouen,76514,Quévreville-la-Poterie,2022,SEV_OVER_OCC,0.0
Rennes,35066,Chartres-de-Bretagne,2022,MOD_UNDER_OCC,1065.079
Saint-Etienne,42103,La Grand-Croix,2022,VSEV_UNDER_OCC,395.41492
Rennes,35210,Pacé,2022,STD_OCC,987.42235
Rennes,35210,Pacé,2022,MOD_UNDER_OCC,902.39664
Grenoble,38057,Bresson,2022,MOD_OVER_OCC,4.84843
Rouen,76069,Belbeuf,2022,VSEV_UNDER_OCC,488.02283
Saint-Etienne,42103,La Grand-Croix,2022,SEV_UNDER_OCC,515.54097
Rouen,76753,Ymare,2022,MOD_OVER_OCC,0.0
Grenoble,38057,Bresson,2022,STD_OCC,20.98237
Rennes,35066,Chartres-de-Bretagne,2022,STD_OCC,1132.63296
Grenoble,38179,Gières,2022,VSEV_UNDER_OCC,454.15034
Rouen,76591,Saint-Jacques-sur-Darnétal,2022,STD_OCC,87.64528
Rouen,76514,Quévreville-la-Poterie,2022,MOD_OVER_OCC,0.0
Saint-Etienne,42189,Roche-la-Molière,2022,MOD_OVER_OCC,148.48373
Rouen,76591,Saint-Jacques-sur-Darnétal,2022,MOD_OVER_OCC,35.17156
Saint-Etienne,42103,La Grand-Croix,2022,STD_OCC,380.39916
Rouen,76448,Montmain,2022,SEV_OVER_OCC,0.0
Montpellier,34179,Murviel-lès-Montpellier,2022,VSEV_UNDER_OCC,265.63824
Rennes,35210,Pacé,2022,MOD_OVER_OCC,215.39773
Montpellier,34172,Montpellier,2022,MOD_OVER_OCC,38807.28899
Rouen,76614,Saint-Martin-de-Boscherville,2022,MOD_OVER_OCC,0.0
Rennes,35001,Acigné,2022,SEV_UNDER_OCC,630.55425
Montpellier,34172,Montpellier,2022,SEV_UNDER_OCC,17662.98674
Grenoble,38179,Gières,2022,SEV_OVER_OCC,46.22144
Saint-Etienne,42103,La Grand-Croix,2022,MOD_UNDER_OCC,575.60399
Montpellier,34120,Jacou,2022,SEV_UNDER_OCC,674.92483
Rouen,76069,Belbeuf,2022,MOD_OVER_OCC,9.70764
Rennes,35066,Chartres-de-Bretagne,2022,SEV_UNDER_OCC,637.19249
Montpellier,34120,Jacou,2022,VSEV_UNDER_OCC,679.79668
Rennes,35240,Le Rheu,2022,SEV_UNDER_OCC,824.13567
Rouen,76069,Belbeuf,2022,SEV_UNDER_OCC,200.47605
Grenoble,38057,Bresson,2022,MOD_UNDER_OCC,52.08
Montpellier,34179,Murviel-lès-Montpellier,2022,STD_OCC,111.63258
Rouen,76069,Belbeuf,2022,SEV_OVER_OCC,0.0
Rennes,35240,Le Rheu,2022,SEV_OVER_OCC,4.99476
Montpellier,34120,Jacou,2022,MOD_OVER_OCC,165.7429
Rennes,35047,Bruz,2022,MOD_OVER_OCC,1046.93557
Rouen,76614,Saint-Martin-de-Boscherville,2022,STD_OCC,35.06118
Grenoble,38057,Bresson,2022,SEV_UNDER_OCC,68.50092
Rouen,76591,Saint-Jacques-sur-Darnétal,2022,SEV_OVER_OCC,0.0
Grenoble,38179,Gières,2022,MOD_OVER_OCC,849.32174
Rouen,76753,Ymare,2022,VSEV_UNDER_OCC,221.45321
Montpellier,34120,Jacou,2022,SEV_OVER_OCC,14.57421
Rouen,76056,Bardouville,2022,MOD_OVER_OCC,0.0
Montpellier,34179,Murviel-lès-Montpellier,2022,MOD_UNDER_OCC,188.72571
Rouen,76514,Quévreville-la-Poterie,2022,SEV_UNDER_OCC,138.64013
Montpellier,34172,Montpellier,2022,VSEV_UNDER_OCC,12005.5479
Rennes,35240,Le Rheu,2022,MOD_UNDER_OCC,1108.83709
Saint-Etienne,42189,Roche-la-Molière,2022,STD_OCC,902.89947
Grenoble,38179,Gières,2022,STD_OCC,914.52909
Rennes,35240,Le Rheu,2022,VSEV_UNDER_OCC,1058.88947
Montpellier,34022,Baillargues,2022,SEV_OVER_OCC,0.0
Rennes,35047,Bruz,2022,MOD_UNDER_OCC,1846.68606
Rennes,35047,Bruz,2022,STD_OCC,2048.11591
Rouen,76614,Saint-Martin-de-Boscherville,2022,MOD_UNDER_OCC,102.54213
Rouen,76056,Bardouville,2022,VSEV_UNDER_OCC,121.41176
Rouen,76514,Quévreville-la-Poterie,2022,MOD_UNDER_OCC,59.41758
Rouen,76591,Saint-Jacques-sur-Darnétal,2022,MOD_UNDER_OCC,238.9363
Rennes,35047,Bruz,2022,SEV_OVER_OCC,12.38824
Grenoble,38057,Bresson,2022,SEV_OVER_OCC,0.0
Montpellier,34022,Baillargues,2022,STD_OCC,774.80746
Rennes,35066,Chartres-de-Bretagne,2022,SEV_OVER_OCC,18.90736
Montpellier,34179,Murviel-lès-Montpellier,2022,SEV_UNDER_OCC,212.71937
Rouen,76350,Hautot-sur-Seine,2022,VSEV_UNDER_OCC,66.32279
Rouen,76056,Bardouville,2022,MOD_UNDER_OCC,50.58824
Rennes,35240,Le Rheu,2022,STD_OCC,968.98376
Rennes,35001,Acigné,2022,VSEV_UNDER_OCC,1030.90616
Rouen,76056,Bardouville,2022,SEV_OVER_OCC,0.0
Rouen,76448,Montmain,2022,MOD_UNDER_OCC,59.7608
Montpellier,34022,Baillargues,2022,SEV_UNDER_OCC,798.74119
Rouen,76753,Ymare,2022,STD_OCC,29.21452
Rouen,76591,Saint-Jacques-sur-Darnétal,2022,VSEV_UNDER_OCC,635.56549
Grenoble,38057,Bresson,2016,VSEV_UNDER_OCC,150.0
Rouen,76056,Bardouville,2016,SEV_UNDER_OCC,85.0
Rennes,35240,Le Rheu,2016,MOD_UNDER_OCC,980.0
Montpellier,34179,Murviel-lès-Montpellier,2016,MOD_UNDER_OCC,190.757
Rennes,35001,Acigné,2016,SEV_UNDER_OCC,605.0
Montpellier,34172,Montpellier,2016,SEV_OVER_OCC,2244.33623
Rennes,35024,Betton,2016,MOD_UNDER_OCC,1079.38771
Grenoble,38057,Bresson,2016,STD_OCC,30.0
Grenoble,38179,Gières,2016,STD_OCC,736.01953
Rouen,76614,Saint-Martin-de-Boscherville,2016,MOD_UNDER_OCC,89.11707
Rouen,76514,Quévreville-la-Poterie,2016,MOD_OVER_OCC,0.0
Rouen,76514,Quévreville-la-Poterie,2016,SEV_UNDER_OCC,91.51185
Rouen,76464,La Neuville-Chant-d'Oisel,2016,MOD_OVER_OCC,10.0
Rouen,76231,Elbeuf,2016,VSEV_UNDER_OCC,847.7594
Rennes,35024,Betton,2016,MOD_OVER_OCC,83.9754
Saint-Etienne,42189,Roche-la-Molière,2016,VSEV_UNDER_OCC,855.88495
Montpellier,34172,Montpellier,2016,MOD_OVER_OCC,35858.72065
Rouen,76464,La Neuville-Chant-d'Oisel,2016,MOD_UNDER_OCC,170.0
Rennes,35047,Bruz,2016,SEV_UNDER_OCC,1394.66029
Rouen,76448,Montmain,2016,MOD_OVER_OCC,0.0
Rouen,76614,Saint-Martin-de-Boscherville,2016,SEV_OVER_OCC,4.95095
Rouen,76753,Ymare,2016,STD_OCC,30.13042
Rouen,76448,Montmain,2016,SEV_UNDER_OCC,160.0
Grenoble,38057,Bresson,2016,SEV_UNDER_OCC,35.0
Rennes,35024,Betton,2016,VSEV_UNDER_OCC,1735.15861
Rennes,35024,Betton,2016,STD_OCC,827.0334
Rouen,76514,Quévreville-la-Poterie,2016,MOD_UNDER_OCC,65.81191
Rouen,76448,Montmain,2016,VSEV_UNDER_OCC,255.0
Rennes,35001,Acigné,2016,STD_OCC,445.0
Montpellier,34120,Jacou,2016,SEV_OVER_OCC,4.27845
Rouen,76514,Quévreville-la-Poterie,2016,STD_OCC,14.91005
Rouen,76448,Montmain,2016,STD_OCC,35.0
Saint-Etienne,42189,Roche-la-Molière,2016,MOD_UNDER_OCC,1402.85386
Rouen,76350,Hautot-sur-Seine,2016,SEV_UNDER_OCC,50.71262
Grenoble,38179,Gières,2016,SEV_OVER_OCC,16.01286
Grenoble,38057,Bresson,2016,MOD_UNDER_OCC,70.0
Rouen,76464,La Neuville-Chant-d'Oisel,2016,SEV_OVER_OCC,0.0
Rouen,76350,Hautot-sur-Seine,2016,SEV_OVER_OCC,0.0
Saint-Etienne,42103,La Grand-Croix,2016,MOD_OVER_OCC,80.0
Rennes,35024,Betton,2016,SEV_OVER_OCC,3.79078
Rouen,76464,La Neuville-Chant-d'Oisel,2016,STD_OCC,50.0
Rennes,35001,Acigné,2016,SEV_OVER_OCC,0.0
Montpellier,34120,Jacou,2016,SEV_UNDER_OCC,808.54922
Rennes,35047,Bruz,2016,VSEV_UNDER_OCC,2357.7091
Montpellier,34172,Montpellier,2016,SEV_UNDER_OCC,16683.10358
Rennes,35180,Miniac-sous-Bécherel,2016,SEV_UNDER_OCC,112.21301
Rouen,76056,Bardouville,2016,MOD_OVER_OCC,0.0
Rouen,76231,Elbeuf,2016,MOD_UNDER_OCC,2338.58842
Rennes,35001,Acigné,2016,MOD_OVER_OCC,40.0
Rennes,35180,Miniac-sous-Bécherel,2016,SEV_OVER_OCC,0.0
Montpellier,34172,Montpellier,2016,MOD_UNDER_OCC,33006.27757
Rouen,76464,La Neuville-Chant-d'Oisel,2016,SEV_UNDER_OCC,180.0
Rouen,76231,Elbeuf,2016,MOD_OVER_OCC,761.60809
Montpellier,34179,Murviel-lès-Montpellier,2016,SEV_UNDER_OCC,120.47811
Montpellier,34179,Murviel-lès-Montpellier,2016,SEV_OVER_OCC,0.0
Rouen,76350,Hautot-sur-Seine,2016,VSEV_UNDER_OCC,80.59901
Montpellier,34120,Jacou,2016,VSEV_UNDER_OCC,574.56054
Grenoble,38057,Bresson,2016,MOD_OVER_OCC,10.0
Rouen,76448,Montmain,2016,MOD_UNDER_OCC,75.0
Rennes,35047,Bruz,2016,MOD_UNDER_OCC,1677.73275
Montpellier,34120,Jacou,2016,MOD_UNDER_OCC,678.77867
Grenoble,38179,Gières,2016,MOD_OVER_OCC,721.93944
Rennes,35180,Miniac-sous-Bécherel,2016,VSEV_UNDER_OCC,73.1824
Rouen,76753,Ymare,2016,SEV_UNDER_OCC,150.6521
Rouen,76056,Bardouville,2016,SEV_OVER_OCC,0.0
Rennes,35240,Le Rheu,2016,MOD_OVER_OCC,255.0
Saint-Etienne,42189,Roche-la-Molière,2016,SEV_OVER_OCC,2.51887
Rennes,35240,Le Rheu,2016,SEV_UNDER_OCC,735.0
Rouen,76350,Hautot-sur-Seine,2016,STD_OCC,9.88433
Rouen,76514,Quévreville-la-Poterie,2016,VSEV_UNDER_OCC,205.85899
Rouen,76753,Ymare,2016,MOD_OVER_OCC,5.02174
Rennes,35180,Miniac-sous-Bécherel,2016,STD_OCC,24.39413
Rouen,76753,Ymare,2016,VSEV_UNDER_OCC,200.86946
Rouen,76056,Bardouville,2016,MOD_UNDER_OCC,55.0
Rouen,76231,Elbeuf,2016,SEV_UNDER_OCC,995.87153
Rennes,35047,Bruz,2016,MOD_OVER_OCC,1000.88992
Saint-Etienne,42103,La Grand-Croix,2016,STD_OCC,430.0
Rouen,76231,Elbeuf,2016,SEV_OVER_OCC,47.76434
Rennes,35001,Acigné,2016,MOD_UNDER_OCC,535.0
Saint-Etienne,42103,La Grand-Croix,2016,MOD_UNDER_OCC,620.0
Grenoble,38057,Bresson,2016,SEV_OVER_OCC,0.0
Rouen,76231,Elbeuf,2016,STD_OCC,2756.61942
Rennes,35047,Bruz,2016,STD_OCC,1703.69518
Saint-Etienne,42189,Roche-la-Molière,2016,STD_OCC,789.14425
Grenoble,38179,Gières,2016,SEV_UNDER_OCC,615.43211
Rennes,35240,Le Rheu,2016,VSEV_UNDER_OCC,927.5
Rennes,35240,Le Rheu,2016,STD_OCC,735.0
Saint-Etienne,42103,La Grand-Croix,2016,SEV_UNDER_OCC,515.0
Rennes,35180,Miniac-sous-Bécherel,2016,MOD_UNDER_OCC,82.94005
Rouen,76514,Quévreville-la-Poterie,2016,SEV_OVER_OCC,0.0
Rouen,76056,Bardouville,2016,VSEV_UNDER_OCC,100.0
Montpellier,34172,Montpellier,2016,STD_OCC,48585.59323
Rouen,76614,Saint-Martin-de-Boscherville,2016,MOD_OVER_OCC,0.0
Rouen,76614,Saint-Martin-de-Boscherville,2016,SEV_UNDER_OCC,148.52845
Rouen,76753,Ymare,2016,SEV_OVER_OCC,0.0
Montpellier,34179,Murviel-lès-Montpellier,2016,VSEV_UNDER_OCC,266.05582
Montpellier,34179,Murviel-lès-Montpellier,2016,MOD_OVER_OCC,45.17929
Rouen,76448,Montmain,2016,SEV_OVER_OCC,0.0
Montpellier,34179,Murviel-lès-Montpellier,2016,STD_OCC,95.3785
Rennes,35024,Betton,2016,SEV_UNDER_OCC,966.80498
Rouen,76614,Saint-Martin-de-Boscherville,2016,STD_OCC,39.60759
Grenoble,38179,Gières,2016,MOD_UNDER_OCC,775.2964
Montpellier,34120,Jacou,2016,MOD_OVER_OCC,113.92859
Rouen,76350,Hautot-sur-Seine,2016,MOD_OVER_OCC,10.3508
Saint-Etienne,42103,La Grand-Croix,2016,SEV_OVER_OCC,10.0
Rennes,35180,Miniac-sous-Bécherel,2016,MOD_OVER_OCC,0.0
Rouen,76464,La Neuville-Chant-d'Oisel,2016,VSEV_UNDER_OCC,400.0
Rouen,76056,Bardouville,2016,STD_OCC,20.0
Rennes,35240,Le Rheu,2016,SEV_OVER_OCC,5.0
Rouen,76350,Hautot-sur-Seine,2016,MOD_UNDER_OCC,14.72504
Saint-Etienne,42189,Roche-la-Molière,2016,SEV_UNDER_OCC,1146.51765
Saint-Etienne,42103,La Grand-Croix,2016,VSEV_UNDER_OCC,265.0
Saint-Etienne,42271,Saint-Paul-en-Jarez,2022,SEV_UNDER_OCC,519.67078
Montpellier,34172,Montpellier,2016,VSEV_UNDER_OCC,10436.29926
Grenoble,38179,Gières,2016,VSEV_UNDER_OCC,423.21474
Rennes,35001,Acigné,2016,VSEV_UNDER_OCC,1050.0
Saint-Etienne,42189,Roche-la-Molière,2016,MOD_OVER_OCC,189.94123
Rennes,35047,Bruz,2016,SEV_OVER_OCC,29.31722
Rouen,76753,Ymare,2016,MOD_UNDER_OCC,55.2391
Rouen,76614,Saint-Martin-de-Boscherville,2016,VSEV_UNDER_OCC,336.66449
Montpellier,34120,Jacou,2016,STD_OCC,661.23213
Rouen,76634,Saint-Pierre-de-Manneville,2022,MOD_UNDER_OCC,69.85392
Rouen,76681,Sotteville-lès-Rouen,2022,MOD_OVER_OCC,840.49325
Saint-Etienne,42043,Chambœuf,2022,MOD_UNDER_OCC,104.33533
Rouen,76634,Saint-Pierre-de-Manneville,2022,SEV_OVER_OCC,0.0
Rennes,35266,Saint-Erblon,2022,MOD_UNDER_OCC,408.55818
Montpellier,34202,Pignan,2022,VSEV_UNDER_OCC,806.90548
Montpellier,34270,Saint-Jean-de-Védas,2022,MOD_OVER_OCC,269.79334
Grenoble,38235,Miribel-Lanchâtre,2022,MOD_UNDER_OCC,55.72451
Montpellier,34295,Saussan,2022,MOD_OVER_OCC,23.4478
Rennes,35022,Bécherel,2022,VSEV_UNDER_OCC,105.27135
Rennes,35216,Parthenay-de-Bretagne,2022,VSEV_UNDER_OCC,289.06294
Rouen,76682,Sotteville-sous-le-Val,2022,MOD_OVER_OCC,0.0
Saint-Etienne,42123,Lorette,2022,SEV_UNDER_OCC,481.33851
Montpellier,34295,Saussan,2022,MOD_UNDER_OCC,209.16143
Montpellier,34202,Pignan,2022,SEV_OVER_OCC,15.70672
Rouen,76682,Sotteville-sous-le-Val,2022,MOD_UNDER_OCC,39.68862
Saint-Etienne,42123,Lorette,2022,STD_OCC,361.10901
Rouen,76682,Sotteville-sous-le-Val,2022,STD_OCC,10.16071
Saint-Etienne,42043,Chambœuf,2022,VSEV_UNDER_OCC,270.45945
Grenoble,38150,Domène,2022,VSEV_UNDER_OCC,516.15887
Rennes,35266,Saint-Erblon,2022,SEV_UNDER_OCC,296.61418
Rennes,35352,Vern-sur-Seiche,2022,MOD_OVER_OCC,64.41272
Rouen,76039,Les Authieux-sur-le-Port-Saint-Ouen,2022,SEV_UNDER_OCC,136.9984
Rennes,35266,Saint-Erblon,2022,STD_OCC,288.8801
Montpellier,34202,Pignan,2022,MOD_OVER_OCC,207.69992
Rennes,35022,Bécherel,2022,SEV_OVER_OCC,0.0
Saint-Etienne,42271,Saint-Paul-en-Jarez,2022,VSEV_UNDER_OCC,540.6058
Montpellier,34077,Clapiers,2022,STD_OCC,544.71859
Montpellier,34295,Saussan,2022,VSEV_UNDER_OCC,231.16857
Montpellier,34077,Clapiers,2022,MOD_OVER_OCC,114.94062
Rouen,76599,Saint-Léger-du-Bourg-Denis,2022,STD_OCC,337.46058
Rouen,76681,Sotteville-lès-Rouen,2022,SEV_UNDER_OCC,2914.4902
Rennes,35266,Saint-Erblon,2022,MOD_OVER_OCC,36.76475
Rennes,35266,Saint-Erblon,2022,VSEV_UNDER_OCC,511.766
Rennes,35216,Parthenay-de-Bretagne,2022,MOD_UNDER_OCC,168.26256
Montpellier,34077,Clapiers,2022,SEV_UNDER_OCC,444.77281
Rouen,76634,Saint-Pierre-de-Manneville,2022,VSEV_UNDER_OCC,142.29816
Montpellier,34295,Saussan,2022,STD_OCC,65.61179
Rouen,76682,Sotteville-sous-le-Val,2022,SEV_OVER_OCC,0.0
Grenoble,38235,Miribel-Lanchâtre,2022,MOD_OVER_OCC,4.58526
Rouen,76634,Saint-Pierre-de-Manneville,2022,SEV_UNDER_OCC,109.19864
Rouen,76599,Saint-Léger-du-Bourg-Denis,2022,VSEV_UNDER_OCC,436.71369
Rennes,35352,Vern-sur-Seiche,2022,MOD_UNDER_OCC,669.75748
Grenoble,38150,Domène,2022,SEV_OVER_OCC,5.11138
Grenoble,38235,Miribel-Lanchâtre,2022,SEV_UNDER_OCC,49.62882
Saint-Etienne,42123,Lorette,2022,SEV_OVER_OCC,4.81745
Grenoble,38235,Miribel-Lanchâtre,2022,SEV_OVER_OCC,0.0
Montpellier,34202,Pignan,2022,STD_OCC,771.33046
Rennes,35022,Bécherel,2022,MOD_UNDER_OCC,83.99404
Rouen,76599,Saint-Léger-du-Bourg-Denis,2022,MOD_OVER_OCC,19.85062
Rouen,76682,Sotteville-sous-le-Val,2022,VSEV_UNDER_OCC,137.6342
Rennes,35352,Vern-sur-Seiche,2022,STD_OCC,649.82283
Saint-Etienne,42123,Lorette,2022,VSEV_UNDER_OCC,529.13682
Rouen,76681,Sotteville-lès-Rouen,2022,VSEV_UNDER_OCC,2483.8444
Saint-Etienne,42043,Chambœuf,2022,SEV_UNDER_OCC,270.34492
Montpellier,34270,Saint-Jean-de-Védas,2022,SEV_OVER_OCC,4.99617
Saint-Etienne,42123,Lorette,2022,MOD_UNDER_OCC,606.34804
Saint-Etienne,42271,Saint-Paul-en-Jarez,2022,SEV_OVER_OCC,9.66202
Grenoble,38150,Domène,2022,MOD_OVER_OCC,184.66425
Grenoble,38150,Domène,2022,SEV_UNDER_OCC,729.67674
Rouen,76681,Sotteville-lès-Rouen,2022,SEV_OVER_OCC,96.7998
Saint-Etienne,42043,Chambœuf,2022,STD_OCC,54.08843
Rouen,76039,Les Authieux-sur-le-Port-Saint-Ouen,2022,STD_OCC,16.0643
Rennes,35022,Bécherel,2022,MOD_OVER_OCC,10.32591
Saint-Etienne,42123,Lorette,2022,MOD_OVER_OCC,96.5439
Montpellier,34077,Clapiers,2022,MOD_UNDER_OCC,544.72117
Rouen,76681,Sotteville-lès-Rouen,2022,MOD_UNDER_OCC,4461.00323
Saint-Etienne,42271,Saint-Paul-en-Jarez,2022,STD_OCC,307.76524
Grenoble,38235,Miribel-Lanchâtre,2022,STD_OCC,15.89259
Montpellier,34077,Clapiers,2022,VSEV_UNDER_OCC,914.5327
Montpellier,34295,Saussan,2022,SEV_UNDER_OCC,240.79225
Rouen,76681,Sotteville-lès-Rouen,2022,STD_OCC,3100.00076
Rennes,35216,Parthenay-de-Bretagne,2022,MOD_OVER_OCC,0.0
Saint-Etienne,42043,Chambœuf,2022,MOD_OVER_OCC,0.0
Rouen,76682,Sotteville-sous-le-Val,2022,SEV_UNDER_OCC,86.62124
Rouen,76039,Les Authieux-sur-le-Port-Saint-Ouen,2022,MOD_UNDER_OCC,62.06737
Rennes,35022,Bécherel,2022,STD_OCC,65.02659
Grenoble,38150,Domène,2022,MOD_UNDER_OCC,995.22974
Rouen,76599,Saint-Léger-du-Bourg-Denis,2022,SEV_UNDER_OCC,382.12448
Grenoble,38235,Miribel-Lanchâtre,2022,VSEV_UNDER_OCC,46.81244
Rouen,76039,Les Authieux-sur-le-Port-Saint-Ouen,2022,SEV_OVER_OCC,0.0
Rennes,35216,Parthenay-de-Bretagne,2022,SEV_UNDER_OCC,156.01237
Rennes,35352,Vern-sur-Seiche,2022,SEV_UNDER_OCC,751.86009
Montpellier,34295,Saussan,2022,SEV_OVER_OCC,0.0
Rennes,35266,Saint-Erblon,2022,SEV_OVER_OCC,0.0
Saint-Etienne,42271,Saint-Paul-en-Jarez,2022,MOD_OVER_OCC,24.28629
Rouen,76039,Les Authieux-sur-le-Port-Saint-Ouen,2022,MOD_OVER_OCC,5.15341
Rouen,76039,Les Authieux-sur-le-Port-Saint-Ouen,2022,VSEV_UNDER_OCC,271.64878
Saint-Etienne,42271,Saint-Paul-en-Jarez,2022,MOD_UNDER_OCC,480.89136
Rennes,35352,Vern-sur-Seiche,2022,VSEV_UNDER_OCC,1496.16465
Rennes,35352,Vern-sur-Seiche,2022,SEV_OVER_OCC,0.0
Montpellier,34198,Pérols,2022,VSEV_UNDER_OCC,1116.91744
Grenoble,38151,Échirolles,2022,MOD_OVER_OCC,1747.12081
Rouen,76157,Canteleu,2022,MOD_OVER_OCC,392.4065
Rennes,35059,La Chapelle-des-Fougeretz,2022,VSEV_UNDER_OCC,696.50527
Saint-Etienne,42001,Aboën,2022,MOD_OVER_OCC,0.0
Rouen,76165,Caudebec-lès-Elbeuf,2022,VSEV_UNDER_OCC,876.3675
Rennes,35059,La Chapelle-des-Fougeretz,2022,SEV_UNDER_OCC,427.00039
Grenoble,38436,Saint-Paul-de-Varces,2022,SEV_UNDER_OCC,287.01566
Grenoble,38436,Saint-Paul-de-Varces,2022,VSEV_UNDER_OCC,450.31767
Rouen,76216,Déville-lès-Rouen,2022,MOD_OVER_OCC,553.47928
Grenoble,38524,Varces-Allières-et-Risset,2022,STD_OCC,571.5796
Grenoble,38474,Sassenage,2022,VSEV_UNDER_OCC,1064.10725
Rennes,35058,La Chapelle-Chaussée,2022,MOD_OVER_OCC,0.0
Rennes,35189,Montgermont,2022,SEV_UNDER_OCC,356.62328
Rouen,76165,Caudebec-lès-Elbeuf,2022,SEV_OVER_OCC,28.04152
Rouen,76617,Saint-Martin-du-Vivier,2022,STD_OCC,20.01174
Rouen,76157,Canteleu,2022,MOD_UNDER_OCC,2138.3159
Rouen,76636,Saint-Pierre-de-Varengeville,2022,SEV_UNDER_OCC,280.96195
Rouen,76157,Canteleu,2022,STD_OCC,1588.03888
Rennes,35189,Montgermont,2022,STD_OCC,285.87877
Rouen,76640,Saint-Pierre-lès-Elbeuf,2022,STD_OCC,646.56865
Rouen,76429,Le Mesnil-Esnard,2022,STD_OCC,532.1445
Saint-Etienne,42001,Aboën,2022,SEV_OVER_OCC,0.0
Rennes,35131,L'Hermitage,2022,SEV_UNDER_OCC,413.61449
Rouen,76216,Déville-lès-Rouen,2022,SEV_UNDER_OCC,1061.84948
Saint-Etienne,42001,Aboën,2022,MOD_UNDER_OCC,29.57143
Rouen,76640,Saint-Pierre-lès-Elbeuf,2022,MOD_UNDER_OCC,1072.82935
Grenoble,38486,Seyssins,2022,VSEV_UNDER_OCC,1035.39936
Rennes,35189,Montgermont,2022,MOD_OVER_OCC,111.7147
Grenoble,38474,Sassenage,2022,MOD_UNDER_OCC,1327.48685
Rouen,76165,Caudebec-lès-Elbeuf,2022,STD_OCC,1078.37395
Rouen,76216,Déville-lès-Rouen,2022,MOD_UNDER_OCC,1806.94038
Grenoble,38151,Échirolles,2022,VSEV_UNDER_OCC,1415.7935
Grenoble,38524,Varces-Allières-et-Risset,2022,MOD_UNDER_OCC,841.91378
Rennes,35058,La Chapelle-Chaussée,2022,SEV_UNDER_OCC,119.03464
Saint-Etienne,42192,Rozier-Côtes-d'Aurec,2022,MOD_UNDER_OCC,54.32583
Saint-Etienne,42208,Saint-Christo-en-Jarez,2022,STD_OCC,64.84471
Montpellier,34198,Pérols,2022,SEV_UNDER_OCC,1143.13893
Grenoble,38151,Échirolles,2022,SEV_UNDER_OCC,3384.77276
Grenoble,38474,Sassenage,2022,SEV_OVER_OCC,19.99807
Rouen,76640,Saint-Pierre-lès-Elbeuf,2022,VSEV_UNDER_OCC,843.2039
Rennes,35059,La Chapelle-des-Fougeretz,2022,MOD_OVER_OCC,40.61124
Grenoble,38436,Saint-Paul-de-Varces,2022,MOD_OVER_OCC,9.89709
Rennes,35131,L'Hermitage,2022,VSEV_UNDER_OCC,634.31832
Saint-Etienne,42208,Saint-Christo-en-Jarez,2022,SEV_OVER_OCC,0.0
Grenoble,38474,Sassenage,2022,STD_OCC,1119.67051
Rennes,35206,Noyal-Châtillon-sur-Seiche,2022,SEV_OVER_OCC,4.88785
Rennes,35206,Noyal-Châtillon-sur-Seiche,2022,MOD_UNDER_OCC,838.98785
Montpellier,34198,Pérols,2022,SEV_OVER_OCC,10.01949
Rouen,76451,Mont-Saint-Aignan,2022,SEV_UNDER_OCC,1751.73022
Grenoble,38151,Échirolles,2022,SEV_OVER_OCC,112.959
Rouen,76165,Caudebec-lès-Elbeuf,2022,MOD_OVER_OCC,298.04684
Saint-Etienne,42192,Rozier-Côtes-d'Aurec,2022,SEV_OVER_OCC,0.0
Grenoble,38486,Seyssins,2022,MOD_UNDER_OCC,680.26238
Rouen,76157,Canteleu,2022,VSEV_UNDER_OCC,1081.62258
Rouen,76429,Le Mesnil-Esnard,2022,SEV_UNDER_OCC,757.90694
Rouen,76451,Mont-Saint-Aignan,2022,MOD_OVER_OCC,1480.1714
Grenoble,38151,Échirolles,2022,STD_OCC,4710.35912
Rouen,76617,Saint-Martin-du-Vivier,2022,VSEV_UNDER_OCC,544.46831
Rennes,35058,La Chapelle-Chaussée,2022,VSEV_UNDER_OCC,232.78685
Rennes,35206,Noyal-Châtillon-sur-Seiche,2022,MOD_OVER_OCC,127.76963
Rennes,35206,Noyal-Châtillon-sur-Seiche,2022,SEV_UNDER_OCC,530.42538
Rennes,35189,Montgermont,2022,VSEV_UNDER_OCC,676.57355
Rouen,76451,Mont-Saint-Aignan,2022,VSEV_UNDER_OCC,2624.20156
Grenoble,38436,Saint-Paul-de-Varces,2022,STD_OCC,34.63982
Grenoble,38486,Seyssins,2022,MOD_OVER_OCC,155.05981
Saint-Etienne,42001,Aboën,2022,STD_OCC,19.71429
Rouen,76640,Saint-Pierre-lès-Elbeuf,2022,MOD_OVER_OCC,121.04039
Saint-Etienne,42001,Aboën,2022,SEV_UNDER_OCC,44.35714
Rouen,76216,Déville-lès-Rouen,2022,SEV_OVER_OCC,33.57002
Grenoble,38436,Saint-Paul-de-Varces,2022,SEV_OVER_OCC,0.0
Rennes,35131,L'Hermitage,2022,MOD_OVER_OCC,60.70866
Rouen,76617,Saint-Martin-du-Vivier,2022,SEV_OVER_OCC,0.0
Rouen,76617,Saint-Martin-du-Vivier,2022,SEV_UNDER_OCC,107.95688
Rouen,76451,Mont-Saint-Aignan,2022,SEV_OVER_OCC,21.44574
Rennes,35206,Noyal-Châtillon-sur-Seiche,2022,STD_OCC,910.36966
Rouen,76640,Saint-Pierre-lès-Elbeuf,2022,SEV_UNDER_OCC,1011.75681
Rouen,76636,Saint-Pierre-de-Varengeville,2022,MOD_OVER_OCC,30.64667
Saint-Etienne,42192,Rozier-Côtes-d'Aurec,2022,STD_OCC,43.89628
Rennes,35058,La Chapelle-Chaussée,2022,MOD_UNDER_OCC,91.54465
Saint-Etienne,42192,Rozier-Côtes-d'Aurec,2022,SEV_UNDER_OCC,61.08708
Rouen,76165,Caudebec-lès-Elbeuf,2022,SEV_UNDER_OCC,1023.28241
Saint-Etienne,42192,Rozier-Côtes-d'Aurec,2022,VSEV_UNDER_OCC,43.68671
Montpellier,34198,Pérols,2022,MOD_OVER_OCC,346.11069
Grenoble,38436,Saint-Paul-de-Varces,2022,MOD_UNDER_OCC,123.71365
Rennes,35058,La Chapelle-Chaussée,2022,STD_OCC,28.92176
Saint-Etienne,42208,Saint-Christo-en-Jarez,2022,VSEV_UNDER_OCC,272.05977
Rouen,76617,Saint-Martin-du-Vivier,2022,MOD_OVER_OCC,0.0
Rouen,76636,Saint-Pierre-de-Varengeville,2022,VSEV_UNDER_OCC,417.718
Rouen,76429,Le Mesnil-Esnard,2022,VSEV_UNDER_OCC,1418.35249
Rennes,35131,L'Hermitage,2022,STD_OCC,503.31879
Grenoble,38486,Seyssins,2022,SEV_OVER_OCC,20.00772
Grenoble,38524,Varces-Allières-et-Risset,2022,VSEV_UNDER_OCC,767.42165
Rouen,76429,Le Mesnil-Esnard,2022,MOD_UNDER_OCC,791.31654
Rouen,76216,Déville-lès-Rouen,2022,VSEV_UNDER_OCC,614.0178
Grenoble,38474,Sassenage,2022,SEV_UNDER_OCC,1294.20859
Rouen,76451,Mont-Saint-Aignan,2022,MOD_UNDER_OCC,2437.80046
Rouen,76636,Saint-Pierre-de-Varengeville,2022,STD_OCC,79.94494
Rouen,76429,Le Mesnil-Esnard,2022,MOD_OVER_OCC,229.20341
Rennes,35189,Montgermont,2022,MOD_UNDER_OCC,289.96678
Montpellier,34198,Pérols,2022,MOD_UNDER_OCC,1100.43452
Rouen,76157,Canteleu,2022,SEV_OVER_OCC,48.15176
Rouen,76640,Saint-Pierre-lès-Elbeuf,2022,SEV_OVER_OCC,15.22255
Rennes,35131,L'Hermitage,2022,MOD_UNDER_OCC,461.49251
Grenoble,38524,Varces-Allières-et-Risset,2022,SEV_OVER_OCC,0.0
Saint-Etienne,42192,Rozier-Côtes-d'Aurec,2022,MOD_OVER_OCC,5.2098
Rennes,35058,La Chapelle-Chaussée,2022,SEV_OVER_OCC,4.77126
Saint-Etienne,42208,Saint-Christo-en-Jarez,2022,MOD_OVER_OCC,4.64525
Rennes,35206,Noyal-Châtillon-sur-Seiche,2022,VSEV_UNDER_OCC,1266.88601
Grenoble,38151,Échirolles,2022,MOD_UNDER_OCC,4937.32919
Rouen,76216,Déville-lès-Rouen,2022,STD_OCC,1492.7293
Rennes,35059,La Chapelle-des-Fougeretz,2022,STD_OCC,359.37835
Rennes,35131,L'Hermitage,2022,SEV_OVER_OCC,4.0825
Grenoble,38524,Varces-Allières-et-Risset,2022,SEV_UNDER_OCC,612.49027
Rouen,76617,Saint-Martin-du-Vivier,2022,MOD_UNDER_OCC,45.46766
Rouen,76451,Mont-Saint-Aignan,2022,STD_OCC,1711.81938
Rouen,76429,Le Mesnil-Esnard,2022,SEV_OVER_OCC,0.0
Grenoble,38474,Sassenage,2022,MOD_OVER_OCC,249.51322
Rouen,76165,Caudebec-lès-Elbeuf,2022,MOD_UNDER_OCC,1413.09354
Rouen,76636,Saint-Pierre-de-Varengeville,2022,SEV_OVER_OCC,4.4592
Montpellier,34198,Pérols,2022,STD_OCC,746.95253
Grenoble,38524,Varces-Allières-et-Risset,2022,MOD_OVER_OCC,85.99169
Saint-Etienne,42208,Saint-Christo-en-Jarez,2022,SEV_UNDER_OCC,200.58338
Rennes,35059,La Chapelle-des-Fougeretz,2022,MOD_UNDER_OCC,383.21158
Saint-Etienne,42001,Aboën,2022,VSEV_UNDER_OCC,108.42857
Rouen,76636,Saint-Pierre-de-Varengeville,2022,MOD_UNDER_OCC,180.01451
Rennes,35189,Montgermont,2022,SEV_OVER_OCC,5.00667
Rennes,35059,La Chapelle-des-Fougeretz,2022,SEV_OVER_OCC,0.0
Grenoble,38486,Seyssins,2022,STD_OCC,710.27395
Rouen,76157,Canteleu,2022,SEV_UNDER_OCC,1343.88175
Saint-Etienne,42208,Saint-Christo-en-Jarez,2022,MOD_UNDER_OCC,207.50178
Grenoble,38486,Seyssins,2022,SEV_UNDER_OCC,815.31447
Rennes,35059,La Chapelle-des-Fougeretz,2016,SEV_OVER_OCC,0.0
Rouen,76682,Sotteville-sous-le-Val,2016,VSEV_UNDER_OCC,80.67209
Rouen,76131,La Bouille,2016,STD_OCC,50.00561
Grenoble,38388,Saint-Georges-de-Commiers,2016,MOD_OVER_OCC,10.77589
Rouen,76131,La Bouille,2016,SEV_UNDER_OCC,100.06148
Saint-Etienne,42123,Lorette,2016,MOD_OVER_OCC,65.46622
Rouen,76088,Berville-sur-Seine,2011,VSEV_UNDER_OCC,76.83516
Saint-Etienne,42031,Caloire,2016,MOD_OVER_OCC,0.0
Saint-Etienne,42083,Dargoire,2016,SEV_OVER_OCC,0.0
Rouen,76681,Sotteville-lès-Rouen,2016,MOD_UNDER_OCC,4245.04764
Rennes,35352,Vern-sur-Seiche,2016,SEV_OVER_OCC,0.0
Montpellier,34270,Saint-Jean-de-Védas,2016,SEV_OVER_OCC,14.3057
Rennes,35266,Saint-Erblon,2016,SEV_OVER_OCC,0.0
Montpellier,34077,Clapiers,2016,SEV_UNDER_OCC,470.0
Rouen,76634,Saint-Pierre-de-Manneville,2016,MOD_UNDER_OCC,57.18758
Saint-Etienne,42259,Saint-Martin-la-Plaine,2016,SEV_OVER_OCC,5.0
Rouen,76599,Saint-Léger-du-Bourg-Denis,2016,STD_OCC,195.0
Montpellier,34202,Pignan,2016,VSEV_UNDER_OCC,682.78519
Montpellier,34295,Saussan,2016,SEV_UNDER_OCC,159.80479
Rouen,76599,Saint-Léger-du-Bourg-Denis,2016,VSEV_UNDER_OCC,345.0
Rouen,76634,Saint-Pierre-de-Manneville,2016,STD_OCC,26.1109
Montpellier,34295,Saussan,2016,SEV_OVER_OCC,0.0
Montpellier,34077,Clapiers,2016,SEV_OVER_OCC,5.0
Rouen,76634,Saint-Pierre-de-Manneville,2016,SEV_OVER_OCC,0.0
Rouen,76039,Les Authieux-sur-le-Port-Saint-Ouen,2016,MOD_UNDER_OCC,54.52028
Montpellier,34077,Clapiers,2016,MOD_OVER_OCC,115.0
Montpellier,34202,Pignan,2016,STD_OCC,570.61333
Rouen,76020,Anneville-Ambourville,2022,SEV_OVER_OCC,5.26111
Saint-Etienne,42133,Marcenod,2022,SEV_UNDER_OCC,102.1507
Rennes,35139,Laillé,2022,MOD_OVER_OCC,30.98544
Rennes,35079,Chevaigné,2022,SEV_OVER_OCC,0.0
Rennes,35065,La Chapelle-Thouarault,2022,MOD_OVER_OCC,9.81632
Saint-Etienne,42266,Saint-Nizier-de-Fornas,2022,STD_OCC,30.40629
Saint-Etienne,42133,Marcenod,2022,MOD_OVER_OCC,4.6621
Rennes,35139,Laillé,2022,SEV_UNDER_OCC,447.92267
Grenoble,38364,Saint-Barthélemy-de-Séchilienne,2022,VSEV_UNDER_OCC,48.18182
Montpellier,34217,Prades-le-Lez,2022,VSEV_UNDER_OCC,571.19709
Rennes,35079,Chevaigné,2022,MOD_UNDER_OCC,225.1708
Saint-Etienne,42266,Saint-Nizier-de-Fornas,2022,MOD_OVER_OCC,4.61478
Saint-Etienne,42097,La Fouillouse,2022,MOD_UNDER_OCC,518.72123
Grenoble,38169,Fontaine,2022,VSEV_UNDER_OCC,979.20357
Saint-Etienne,42133,Marcenod,2022,MOD_UNDER_OCC,77.60049
Saint-Etienne,42097,La Fouillouse,2022,SEV_UNDER_OCC,545.1153
Rouen,76717,Val-de-la-Haye,2022,SEV_UNDER_OCC,98.02964
Grenoble,38317,Le Pont-de-Claix,2022,SEV_UNDER_OCC,1161.02505
Rouen,76759,Yville-sur-Seine,2022,MOD_UNDER_OCC,25.2381
Grenoble,38317,Le Pont-de-Claix,2022,STD_OCC,1282.13827
Rouen,76020,Anneville-Ambourville,2022,MOD_UNDER_OCC,104.71781
Montpellier,34227,Restinclières,2022,VSEV_UNDER_OCC,291.66969
Grenoble,38364,Saint-Barthélemy-de-Séchilienne,2022,STD_OCC,9.63636
Saint-Etienne,42133,Marcenod,2022,STD_OCC,20.55971
Rouen,76717,Val-de-la-Haye,2022,MOD_UNDER_OCC,46.47571
Saint-Etienne,42266,Saint-Nizier-de-Fornas,2022,SEV_OVER_OCC,0.0
Montpellier,34227,Restinclières,2022,SEV_OVER_OCC,0.0
Montpellier,34217,Prades-le-Lez,2022,MOD_OVER_OCC,125.26252
Rennes,35079,Chevaigné,2022,SEV_UNDER_OCC,264.52149
Rennes,35139,Laillé,2022,MOD_UNDER_OCC,385.55475
Rouen,76020,Anneville-Ambourville,2022,VSEV_UNDER_OCC,202.44129
Montpellier,34217,Prades-le-Lez,2022,STD_OCC,661.38611
Rennes,35139,Laillé,2022,STD_OCC,317.29538
Saint-Etienne,42097,La Fouillouse,2022,SEV_OVER_OCC,0.0
Saint-Etienne,42266,Saint-Nizier-de-Fornas,2022,MOD_UNDER_OCC,49.19952
Rouen,76759,Yville-sur-Seine,2022,MOD_OVER_OCC,0.0
Montpellier,34217,Prades-le-Lez,2022,SEV_UNDER_OCC,716.50162
Saint-Etienne,42266,Saint-Nizier-de-Fornas,2022,SEV_UNDER_OCC,65.76105
Grenoble,38364,Saint-Barthélemy-de-Séchilienne,2022,MOD_UNDER_OCC,53.0
Grenoble,38271,Murianette,2022,MOD_UNDER_OCC,65.97608
Saint-Etienne,42097,La Fouillouse,2022,MOD_OVER_OCC,25.62603
Rennes,35079,Chevaigné,2022,VSEV_UNDER_OCC,352.63956
Saint-Etienne,42133,Marcenod,2022,VSEV_UNDER_OCC,64.24995
Rennes,35065,La Chapelle-Thouarault,2022,MOD_UNDER_OCC,172.41123
Saint-Etienne,42097,La Fouillouse,2022,VSEV_UNDER_OCC,721.06582
Grenoble,38271,Murianette,2022,STD_OCC,77.77806
Rennes,35065,La Chapelle-Thouarault,2022,STD_OCC,132.1841
Rouen,76020,Anneville-Ambourville,2022,SEV_UNDER_OCC,118.8123
Montpellier,34227,Restinclières,2022,STD_OCC,121.13429
Saint-Etienne,42266,Saint-Nizier-de-Fornas,2022,VSEV_UNDER_OCC,144.77844
Montpellier,34217,Prades-le-Lez,2022,SEV_OVER_OCC,5.0105
Rouen,76717,Val-de-la-Haye,2022,STD_OCC,41.57442
Montpellier,34227,Restinclières,2022,MOD_OVER_OCC,36.20981
Grenoble,38271,Murianette,2022,SEV_UNDER_OCC,117.39141
Rennes,35079,Chevaigné,2022,MOD_OVER_OCC,10.00107
Rennes,35139,Laillé,2022,SEV_OVER_OCC,0.0
Rennes,35065,La Chapelle-Thouarault,2022,SEV_UNDER_OCC,258.69934
Rouen,76759,Yville-sur-Seine,2022,SEV_OVER_OCC,0.0
Saint-Etienne,42097,La Fouillouse,2022,STD_OCC,241.00702
Grenoble,38364,Saint-Barthélemy-de-Séchilienne,2022,MOD_OVER_OCC,0.0
Grenoble,38271,Murianette,2022,MOD_OVER_OCC,19.58804
Rennes,35065,La Chapelle-Thouarault,2022,SEV_OVER_OCC,0.0
Rouen,76020,Anneville-Ambourville,2022,STD_OCC,40.24832
Grenoble,38271,Murianette,2022,SEV_OVER_OCC,0.0
Rennes,35079,Chevaigné,2022,STD_OCC,92.21636
Rouen,76759,Yville-sur-Seine,2022,SEV_UNDER_OCC,55.52381
Rennes,35139,Laillé,2022,VSEV_UNDER_OCC,949.24137
Saint-Etienne,42133,Marcenod,2022,SEV_OVER_OCC,0.0
Montpellier,34217,Prades-le-Lez,2022,MOD_UNDER_OCC,641.3441
Grenoble,38364,Saint-Barthélemy-de-Séchilienne,2022,SEV_UNDER_OCC,57.81818
Grenoble,38169,Fontaine,2022,MOD_OVER_OCC,1150.25511
Rouen,76717,Val-de-la-Haye,2022,VSEV_UNDER_OCC,108.11596
Grenoble,38271,Murianette,2022,VSEV_UNDER_OCC,82.00359
Rouen,76717,Val-de-la-Haye,2022,MOD_OVER_OCC,0.0
Grenoble,38169,Fontaine,2022,STD_OCC,2855.3201
Grenoble,38169,Fontaine,2022,MOD_UNDER_OCC,3511.93639
Rouen,76759,Yville-sur-Seine,2022,STD_OCC,5.04762
Montpellier,34227,Restinclières,2022,SEV_UNDER_OCC,200.35521
Grenoble,38317,Le Pont-de-Claix,2022,MOD_UNDER_OCC,1519.99997
Grenoble,38317,Le Pont-de-Claix,2022,MOD_OVER_OCC,298.24546
Grenoble,38317,Le Pont-de-Claix,2022,SEV_OVER_OCC,33.37239
Rennes,35065,La Chapelle-Thouarault,2022,VSEV_UNDER_OCC,370.51412
Grenoble,38364,Saint-Barthélemy-de-Séchilienne,2022,SEV_OVER_OCC,0.0
Grenoble,38169,Fontaine,2022,SEV_OVER_OCC,78.60114
Rouen,76020,Anneville-Ambourville,2022,MOD_OVER_OCC,0.0
Rouen,76759,Yville-sur-Seine,2022,VSEV_UNDER_OCC,100.95238
Rouen,76717,Val-de-la-Haye,2022,SEV_OVER_OCC,0.0
Grenoble,38317,Le Pont-de-Claix,2022,VSEV_UNDER_OCC,423.53806
Montpellier,34227,Restinclières,2022,MOD_UNDER_OCC,332.55597
Grenoble,38169,Fontaine,2022,SEV_UNDER_OCC,2269.69328
Rouen,76039,Les Authieux-sur-le-Port-Saint-Ouen,2016,VSEV_UNDER_OCC,247.81947
Grenoble,38235,Miribel-Lanchâtre,2016,SEV_OVER_OCC,0.0
Rennes,35216,Parthenay-de-Bretagne,2016,MOD_OVER_OCC,5.03958
Saint-Etienne,42043,Chambœuf,2016,MOD_OVER_OCC,4.87726
Saint-Etienne,42271,Saint-Paul-en-Jarez,2016,SEV_OVER_OCC,5.18773
Saint-Etienne,42043,Chambœuf,2016,SEV_OVER_OCC,0.0
Rennes,35266,Saint-Erblon,2016,SEV_UNDER_OCC,234.39238
Rouen,76705,Tourville-la-Rivière,2016,MOD_UNDER_OCC,205.0
Saint-Etienne,42259,Saint-Martin-la-Plaine,2016,VSEV_UNDER_OCC,485.0
Montpellier,34295,Saussan,2016,MOD_OVER_OCC,14.52771
Rennes,35210,Pacé,2016,SEV_UNDER_OCC,814.51253
Rouen,76682,Sotteville-sous-le-Val,2016,STD_OCC,44.67133
Grenoble,38235,Miribel-Lanchâtre,2016,MOD_UNDER_OCC,26.52822
Grenoble,38150,Domène,2016,STD_OCC,695.17265
Rouen,76378,Jumièges,2016,SEV_UNDER_OCC,207.26986
Montpellier,34077,Clapiers,2016,STD_OCC,405.0
Montpellier,34270,Saint-Jean-de-Védas,2016,MOD_UNDER_OCC,925.10206
Rennes,35022,Bécherel,2016,SEV_UNDER_OCC,55.18116
Rennes,35352,Vern-sur-Seiche,2016,STD_OCC,527.13186
Rouen,76599,Saint-Léger-du-Bourg-Denis,2016,MOD_OVER_OCC,60.0
Rouen,76378,Jumièges,2016,MOD_UNDER_OCC,181.99304
Rouen,76378,Jumièges,2016,STD_OCC,50.55362
Saint-Etienne,42271,Saint-Paul-en-Jarez,2016,STD_OCC,322.71675
Rouen,76681,Sotteville-lès-Rouen,2016,SEV_UNDER_OCC,3120.40221
Rennes,35352,Vern-sur-Seiche,2016,SEV_UNDER_OCC,558.9064
Montpellier,34202,Pignan,2016,SEV_OVER_OCC,19.50815
Rouen,76682,Sotteville-sous-le-Val,2016,SEV_OVER_OCC,0.0
Saint-Etienne,42259,Saint-Martin-la-Plaine,2016,MOD_UNDER_OCC,340.0
Montpellier,34270,Saint-Jean-de-Védas,2016,VSEV_UNDER_OCC,1115.84475
Saint-Etienne,42043,Chambœuf,2016,MOD_UNDER_OCC,126.80888
Rennes,35066,Chartres-de-Bretagne,2016,STD_OCC,905.94058
Saint-Etienne,42271,Saint-Paul-en-Jarez,2016,SEV_UNDER_OCC,421.43118
Rouen,76681,Sotteville-lès-Rouen,2016,VSEV_UNDER_OCC,2175.73455
Rouen,76682,Sotteville-sous-le-Val,2016,SEV_UNDER_OCC,96.73561
Montpellier,34077,Clapiers,2016,MOD_UNDER_OCC,435.0
Rennes,35022,Bécherel,2016,STD_OCC,15.30114
Saint-Etienne,42259,Saint-Martin-la-Plaine,2016,STD_OCC,250.0
Rennes,35066,Chartres-de-Bretagne,2016,MOD_OVER_OCC,141.55322
Rennes,35066,Chartres-de-Bretagne,2016,SEV_OVER_OCC,23.5922
Grenoble,38150,Domène,2016,SEV_UNDER_OCC,780.19377
Rouen,76681,Sotteville-lès-Rouen,2016,STD_OCC,2986.0406
Montpellier,34202,Pignan,2016,MOD_UNDER_OCC,707.17037
Grenoble,38150,Domène,2016,MOD_OVER_OCC,155.03851
Rouen,76039,Les Authieux-sur-le-Port-Saint-Ouen,2016,SEV_OVER_OCC,0.0
Saint-Etienne,42259,Saint-Martin-la-Plaine,2016,SEV_UNDER_OCC,370.0
Rennes,35022,Bécherel,2016,SEV_OVER_OCC,4.75294
Grenoble,38235,Miribel-Lanchâtre,2016,MOD_OVER_OCC,0.0
Rouen,76634,Saint-Pierre-de-Manneville,2016,VSEV_UNDER_OCC,140.99186
Rouen,76599,Saint-Léger-du-Bourg-Denis,2016,MOD_UNDER_OCC,390.0
Saint-Etienne,42043,Chambœuf,2016,SEV_UNDER_OCC,190.21333
Rennes,35210,Pacé,2016,MOD_UNDER_OCC,842.65333
Rennes,35216,Parthenay-de-Bretagne,2016,MOD_UNDER_OCC,177.5966
Rouen,76705,Tourville-la-Rivière,2016,SEV_OVER_OCC,10.0
Rouen,76378,Jumièges,2016,MOD_OVER_OCC,55.60899
Rennes,35216,Parthenay-de-Bretagne,2016,STD_OCC,96.61631
Rennes,35352,Vern-sur-Seiche,2016,MOD_OVER_OCC,86.41777
Rennes,35210,Pacé,2016,STD_OCC,1040.94153
Rennes,35216,Parthenay-de-Bretagne,2016,SEV_UNDER_OCC,111.65041
Rouen,76378,Jumièges,2016,VSEV_UNDER_OCC,262.87884
Rouen,76039,Les Authieux-sur-le-Port-Saint-Ouen,2016,SEV_UNDER_OCC,123.90973
Rennes,35210,Pacé,2016,SEV_OVER_OCC,12.51767
Rennes,35266,Saint-Erblon,2016,STD_OCC,232.6606
Rennes,35210,Pacé,2016,VSEV_UNDER_OCC,1866.71314
Rouen,76682,Sotteville-sous-le-Val,2016,MOD_UNDER_OCC,55.07163
Rouen,76634,Saint-Pierre-de-Manneville,2016,SEV_UNDER_OCC,130.45363
Rouen,76681,Sotteville-lès-Rouen,2016,SEV_OVER_OCC,50.88575
Montpellier,34270,Saint-Jean-de-Védas,2016,SEV_UNDER_OCC,968.01917
Rennes,35352,Vern-sur-Seiche,2016,VSEV_UNDER_OCC,1407.21977
Rouen,76705,Tourville-la-Rivière,2016,MOD_OVER_OCC,35.0
Rouen,76039,Les Authieux-sur-le-Port-Saint-Ouen,2016,MOD_OVER_OCC,0.0
Saint-Etienne,42259,Saint-Martin-la-Plaine,2016,MOD_OVER_OCC,15.0
Rouen,76634,Saint-Pierre-de-Manneville,2016,MOD_OVER_OCC,0.0
Rennes,35210,Pacé,2016,MOD_OVER_OCC,127.49484
Grenoble,38150,Domène,2016,MOD_UNDER_OCC,890.2211
Rouen,76599,Saint-Léger-du-Bourg-Denis,2016,SEV_OVER_OCC,5.0
Rennes,35216,Parthenay-de-Bretagne,2016,VSEV_UNDER_OCC,213.34232
Montpellier,34295,Saussan,2016,MOD_UNDER_OCC,154.96222
Montpellier,34202,Pignan,2016,SEV_UNDER_OCC,560.85926
Saint-Etienne,42271,Saint-Paul-en-Jarez,2016,MOD_OVER_OCC,62.67467
Rennes,35216,Parthenay-de-Bretagne,2016,SEV_OVER_OCC,5.07554
Rennes,35022,Bécherel,2016,MOD_OVER_OCC,9.9179
Montpellier,34295,Saussan,2016,STD_OCC,92.00882
Montpellier,34270,Saint-Jean-de-Védas,2016,MOD_OVER_OCC,138.28845
Rennes,35022,Bécherel,2016,VSEV_UNDER_OCC,145.29179
Saint-Etienne,42271,Saint-Paul-en-Jarez,2016,MOD_UNDER_OCC,524.91819
Montpellier,34295,Saussan,2016,VSEV_UNDER_OCC,179.17506
Rennes,35066,Chartres-de-Bretagne,2016,MOD_UNDER_OCC,882.34838
Rennes,35066,Chartres-de-Bretagne,2016,VSEV_UNDER_OCC,1028.62003
Rennes,35022,Bécherel,2016,MOD_UNDER_OCC,70.07802
Rouen,76682,Sotteville-sous-le-Val,2016,MOD_OVER_OCC,0.0
Rennes,35352,Vern-sur-Seiche,2016,MOD_UNDER_OCC,622.34583
Rouen,76681,Sotteville-lès-Rouen,2016,MOD_OVER_OCC,770.39024
Rouen,76599,Saint-Léger-du-Bourg-Denis,2016,SEV_UNDER_OCC,405.0
Rouen,76705,Tourville-la-Rivière,2016,STD_OCC,185.0
Rennes,35266,Saint-Erblon,2016,VSEV_UNDER_OCC,486.22601
Grenoble,38150,Domène,2016,VSEV_UNDER_OCC,450.11179
Rouen,76705,Tourville-la-Rivière,2016,SEV_UNDER_OCC,230.0
Saint-Etienne,42043,Chambœuf,2016,STD_OCC,43.89538
Grenoble,38235,Miribel-Lanchâtre,2016,STD_OCC,32.04976
Grenoble,38150,Domène,2016,SEV_OVER_OCC,10.00248
Rouen,76039,Les Authieux-sur-le-Port-Saint-Ouen,2016,STD_OCC,49.56389
Rennes,35266,Saint-Erblon,2016,MOD_OVER_OCC,20.28334
Grenoble,38235,Miribel-Lanchâtre,2016,VSEV_UNDER_OCC,45.95574
Rennes,35266,Saint-Erblon,2016,MOD_UNDER_OCC,241.26863
Grenoble,38235,Miribel-Lanchâtre,2016,SEV_UNDER_OCC,42.44077
Montpellier,34270,Saint-Jean-de-Védas,2016,STD_OCC,834.49928
Montpellier,34077,Clapiers,2016,VSEV_UNDER_OCC,760.0
Rouen,76705,Tourville-la-Rivière,2016,VSEV_UNDER_OCC,300.0
Saint-Etienne,42043,Chambœuf,2016,VSEV_UNDER_OCC,268.24956
Montpellier,34202,Pignan,2016,MOD_OVER_OCC,126.80296
Rouen,76378,Jumièges,2016,SEV_OVER_OCC,10.11072
Saint-Etienne,42271,Saint-Paul-en-Jarez,2016,VSEV_UNDER_OCC,457.18219
Rennes,35066,Chartres-de-Bretagne,2016,SEV_UNDER_OCC,655.86323
Rouen,76457,Moulineaux,2016,VSEV_UNDER_OCC,90.57203
Rennes,35245,Romillé,2016,SEV_UNDER_OCC,328.74199
Rouen,76474,Notre-Dame-de-Bondeville,2016,MOD_OVER_OCC,94.86939
Saint-Etienne,42031,Caloire,2016,VSEV_UNDER_OCC,62.27848
Rouen,76088,Berville-sur-Seine,2011,MOD_UNDER_OCC,40.43956
Saint-Etienne,42031,Caloire,2016,MOD_UNDER_OCC,15.56962
Rouen,76591,Saint-Jacques-sur-Darnétal,2016,SEV_OVER_OCC,0.0
Rouen,76484,Oissel,2016,MOD_OVER_OCC,143.45147
Saint-Etienne,42083,Dargoire,2016,MOD_OVER_OCC,0.0
Saint-Etienne,42123,Lorette,2016,MOD_UNDER_OCC,589.19598
Rennes,35080,Cintré,2011,MOD_OVER_OCC,4.19474
Grenoble,38388,Saint-Georges-de-Commiers,2016,SEV_UNDER_OCC,261.72514
Rennes,35059,La Chapelle-des-Fougeretz,2016,VSEV_UNDER_OCC,668.20914
Rennes,35351,Le Verger,2016,STD_OCC,65.00002
Saint-Etienne,42093,Farnay,2016,VSEV_UNDER_OCC,157.95076
Grenoble,38562,Vizille,2016,MOD_UNDER_OCC,911.30512
Grenoble,38388,Saint-Georges-de-Commiers,2016,STD_OCC,90.76648
Rouen,76631,Saint-Paër,2016,SEV_UNDER_OCC,190.27279
Rennes,35351,Le Verger,2016,SEV_OVER_OCC,0.0
Rouen,76513,Quevillon,2016,MOD_OVER_OCC,0.0
Rouen,76484,Oissel,2016,SEV_UNDER_OCC,1093.86799
Rouen,76513,Quevillon,2016,VSEV_UNDER_OCC,122.86713
Rouen,76474,Notre-Dame-de-Bondeville,2016,SEV_UNDER_OCC,667.11121
Grenoble,38562,Vizille,2016,VSEV_UNDER_OCC,486.68079
Rennes,35250,Saint-Armel,2011,VSEV_UNDER_OCC,238.54214
Rennes,35250,Saint-Armel,2011,SEV_UNDER_OCC,208.18223
Rouen,76498,Le Petit-Quevilly,2022,SEV_OVER_OCC,69.07013
Rennes,35180,Miniac-sous-Bécherel,2022,MOD_OVER_OCC,0.0
Saint-Etienne,42234,Saint-Héand,2022,STD_OCC,158.06448
Rennes,35144,Langan,2022,STD_OCC,33.11726
Montpellier,34169,Montferrier-sur-Lez,2022,MOD_UNDER_OCC,297.77401
Rouen,76222,Duclair,2022,SEV_UNDER_OCC,426.98014
Saint-Etienne,42083,Dargoire,2022,SEV_UNDER_OCC,88.91
Grenoble,38529,Vaulnaveys-le-Haut,2022,SEV_UNDER_OCC,433.70471
Saint-Etienne,42225,Genilac,2022,MOD_UNDER_OCC,335.96719
Rennes,35204,Nouvoitou,2022,MOD_UNDER_OCC,275.22028
Rouen,76436,Le Mesnil-sous-Jumièges,2022,STD_OCC,29.45369
Saint-Etienne,42223,Saint-Genest-Lerpt,2022,MOD_UNDER_OCC,791.50281
Saint-Etienne,42210,Sainte-Croix-en-Jarez,2022,STD_OCC,5.40106
Rouen,76457,Moulineaux,2022,MOD_UNDER_OCC,123.95969
Rennes,35353,Vezin-le-Coquet,2022,SEV_OVER_OCC,9.97796
Saint-Etienne,42225,Genilac,2022,STD_OCC,150.43307
Rouen,76498,Le Petit-Quevilly,2022,MOD_OVER_OCC,911.04864
Saint-Etienne,42223,Saint-Genest-Lerpt,2022,SEV_OVER_OCC,14.76701
Rouen,76550,Sahurs,2022,SEV_OVER_OCC,0.0
Rouen,76436,Le Mesnil-sous-Jumièges,2022,SEV_OVER_OCC,0.0
Saint-Etienne,42225,Genilac,2022,MOD_OVER_OCC,10.02887
Rouen,76436,Le Mesnil-sous-Jumièges,2022,VSEV_UNDER_OCC,92.36384
Saint-Etienne,42223,Saint-Genest-Lerpt,2022,SEV_UNDER_OCC,647.18825
Saint-Etienne,42110,L'Horme,2022,VSEV_UNDER_OCC,436.29945
Montpellier,34169,Montferrier-sur-Lez,2022,SEV_UNDER_OCC,318.66947
Grenoble,38258,Mont-Saint-Martin,2022,MOD_UNDER_OCC,4.33333
Rouen,76550,Sahurs,2022,MOD_UNDER_OCC,95.15702
Montpellier,34169,Montferrier-sur-Lez,2022,SEV_OVER_OCC,5.22345
Saint-Etienne,42031,Caloire,2022,SEV_UNDER_OCC,40.11592
Rouen,76410,Maromme,2022,MOD_OVER_OCC,378.60098
Saint-Etienne,42095,Firminy,2022,MOD_OVER_OCC,523.05074
Rennes,35353,Vezin-le-Coquet,2022,MOD_UNDER_OCC,568.7438
Rennes,35204,Nouvoitou,2022,VSEV_UNDER_OCC,601.65379
Saint-Etienne,42234,Saint-Héand,2022,MOD_UNDER_OCC,397.79053
Grenoble,38529,Vaulnaveys-le-Haut,2022,STD_OCC,304.09181
Grenoble,38258,Mont-Saint-Martin,2022,SEV_UNDER_OCC,8.66667
Saint-Etienne,42083,Dargoire,2022,MOD_OVER_OCC,0.0
Rouen,76498,Le Petit-Quevilly,2022,VSEV_UNDER_OCC,1261.0105
Saint-Etienne,42275,Saint-Priest-en-Jarez,2022,VSEV_UNDER_OCC,667.39644
Rouen,76550,Sahurs,2022,STD_OCC,60.09917
Saint-Etienne,42095,Firminy,2022,SEV_OVER_OCC,67.70675
Saint-Etienne,42275,Saint-Priest-en-Jarez,2022,SEV_OVER_OCC,10.14187
Saint-Etienne,42206,Saint-Bonnet-les-Oules,2022,SEV_OVER_OCC,0.0
Saint-Etienne,42031,Caloire,2022,STD_OCC,13.55136
Rouen,76457,Moulineaux,2022,VSEV_UNDER_OCC,89.25067
Saint-Etienne,42083,Dargoire,2022,SEV_OVER_OCC,0.0
Rennes,35180,Miniac-sous-Bécherel,2022,STD_OCC,30.59142
Rouen,76222,Duclair,2022,MOD_UNDER_OCC,541.3698
Saint-Etienne,42206,Saint-Bonnet-les-Oules,2022,SEV_UNDER_OCC,204.10137
Saint-Etienne,42225,Genilac,2022,SEV_OVER_OCC,0.0
Grenoble,38252,Montchaboud,2022,MOD_UNDER_OCC,19.01314
Rouen,76457,Moulineaux,2022,SEV_UNDER_OCC,118.98964
Grenoble,38258,Mont-Saint-Martin,2022,SEV_OVER_OCC,0.0
Rouen,76436,Le Mesnil-sous-Jumièges,2022,MOD_UNDER_OCC,38.24855
Rennes,35204,Nouvoitou,2022,STD_OCC,174.12164
Rennes,35353,Vezin-le-Coquet,2022,SEV_UNDER_OCC,384.15152
Saint-Etienne,42275,Saint-Priest-en-Jarez,2022,MOD_UNDER_OCC,791.35452
Grenoble,38258,Mont-Saint-Martin,2022,MOD_OVER_OCC,0.0
Grenoble,38252,Montchaboud,2022,STD_OCC,4.76337
Rennes,35353,Vezin-le-Coquet,2022,MOD_OVER_OCC,59.86777
Saint-Etienne,42031,Caloire,2022,SEV_OVER_OCC,0.0
Rennes,35204,Nouvoitou,2022,MOD_OVER_OCC,43.4798
Grenoble,38252,Montchaboud,2022,MOD_OVER_OCC,0.0
Rennes,35144,Langan,2022,SEV_OVER_OCC,0.0
Saint-Etienne,42110,L'Horme,2022,SEV_UNDER_OCC,446.57506
Saint-Etienne,42234,Saint-Héand,2022,VSEV_UNDER_OCC,642.83451
Rouen,76709,Le Trait,2022,STD_OCC,308.56696
Saint-Etienne,42183,La Ricamarie,2022,MOD_UNDER_OCC,1004.97679
Montpellier,34169,Montferrier-sur-Lez,2022,STD_OCC,266.43534
Saint-Etienne,42223,Saint-Genest-Lerpt,2022,MOD_OVER_OCC,54.44689
Rouen,76709,Le Trait,2022,VSEV_UNDER_OCC,505.64859
Rouen,76436,Le Mesnil-sous-Jumièges,2022,SEV_UNDER_OCC,91.42604
Saint-Etienne,42210,Sainte-Croix-en-Jarez,2022,MOD_OVER_OCC,0.0
Saint-Etienne,42320,Valfleury,2022,STD_OCC,20.22113
Grenoble,38258,Mont-Saint-Martin,2022,VSEV_UNDER_OCC,21.66667
Rennes,35180,Miniac-sous-Bécherel,2022,MOD_UNDER_OCC,50.68575
Saint-Etienne,42275,Saint-Priest-en-Jarez,2022,STD_OCC,590.55965
Rouen,76498,Le Petit-Quevilly,2022,SEV_UNDER_OCC,1994.46657
Rennes,35180,Miniac-sous-Bécherel,2022,SEV_UNDER_OCC,112.25079
Rennes,35144,Langan,2022,MOD_OVER_OCC,0.0
Rouen,76550,Sahurs,2022,MOD_OVER_OCC,0.0
Saint-Etienne,42210,Sainte-Croix-en-Jarez,2022,SEV_UNDER_OCC,93.74622
Saint-Etienne,42210,Sainte-Croix-en-Jarez,2022,MOD_UNDER_OCC,51.45213
Rennes,35204,Nouvoitou,2022,SEV_UNDER_OCC,361.77559
Rennes,35144,Langan,2022,MOD_UNDER_OCC,75.66164
Rennes,35180,Miniac-sous-Bécherel,2022,VSEV_UNDER_OCC,106.84938
Grenoble,38529,Vaulnaveys-le-Haut,2022,MOD_UNDER_OCC,418.74938
Saint-Etienne,42234,Saint-Héand,2022,SEV_OVER_OCC,0.0
Grenoble,38258,Mont-Saint-Martin,2022,STD_OCC,4.33333
Rouen,76457,Moulineaux,2022,MOD_OVER_OCC,9.91972
Saint-Etienne,42206,Saint-Bonnet-les-Oules,2022,STD_OCC,24.89041
Saint-Etienne,42183,La Ricamarie,2022,MOD_OVER_OCC,316.21234
Saint-Etienne,42095,Firminy,2022,VSEV_UNDER_OCC,1056.70854
Rennes,35353,Vezin-le-Coquet,2022,STD_OCC,538.80992
Grenoble,38252,Montchaboud,2022,VSEV_UNDER_OCC,90.37796
Saint-Etienne,42206,Saint-Bonnet-les-Oules,2022,VSEV_UNDER_OCC,353.44384
Rennes,35180,Miniac-sous-Bécherel,2022,SEV_OVER_OCC,4.96246
Rouen,76457,Moulineaux,2022,SEV_OVER_OCC,4.97669
Saint-Etienne,42234,Saint-Héand,2022,MOD_OVER_OCC,44.25379
Saint-Etienne,42083,Dargoire,2022,STD_OCC,5.23
Rouen,76410,Maromme,2022,SEV_UNDER_OCC,1051.8967
Saint-Etienne,42110,L'Horme,2022,MOD_OVER_OCC,41.50393
Saint-Etienne,42225,Genilac,2022,VSEV_UNDER_OCC,601.73228
Montpellier,34169,Montferrier-sur-Lez,2022,MOD_OVER_OCC,88.81521
Grenoble,38529,Vaulnaveys-le-Haut,2022,MOD_OVER_OCC,64.80645
Rennes,35144,Langan,2022,VSEV_UNDER_OCC,219.2603
Saint-Etienne,42183,La Ricamarie,2022,VSEV_UNDER_OCC,396.00934
Rennes,35353,Vezin-le-Coquet,2022,VSEV_UNDER_OCC,878.06061
Rouen,76498,Le Petit-Quevilly,2022,STD_OCC,2820.9379
Saint-Etienne,42320,Valfleury,2022,SEV_OVER_OCC,0.0
Rouen,76457,Moulineaux,2022,STD_OCC,54.56866
Saint-Etienne,42183,La Ricamarie,2022,SEV_UNDER_OCC,670.38374
Rouen,76410,Maromme,2022,STD_OCC,1456.12605
Saint-Etienne,42320,Valfleury,2022,SEV_UNDER_OCC,65.96844
Rouen,76550,Sahurs,2022,SEV_UNDER_OCC,135.22314
Saint-Etienne,42183,La Ricamarie,2022,STD_OCC,748.11864
Saint-Etienne,42083,Dargoire,2022,MOD_UNDER_OCC,47.07
Saint-Etienne,42206,Saint-Bonnet-les-Oules,2022,MOD_UNDER_OCC,114.49589
Saint-Etienne,42083,Dargoire,2022,VSEV_UNDER_OCC,67.99
Saint-Etienne,42183,La Ricamarie,2022,SEV_OVER_OCC,24.66427
Saint-Etienne,42095,Firminy,2022,SEV_UNDER_OCC,1559.47409
Saint-Etienne,42095,Firminy,2022,MOD_UNDER_OCC,2692.02403
Saint-Etienne,42095,Firminy,2022,STD_OCC,1958.66103
Grenoble,38529,Vaulnaveys-le-Haut,2022,VSEV_UNDER_OCC,558.33251
Saint-Etienne,42234,Saint-Héand,2022,SEV_UNDER_OCC,350.06751
Rouen,76709,Le Trait,2022,SEV_OVER_OCC,5.07574
Saint-Etienne,42210,Sainte-Croix-en-Jarez,2022,VSEV_UNDER_OCC,46.65308
Rouen,76222,Duclair,2022,VSEV_UNDER_OCC,568.26197
Saint-Etienne,42320,Valfleury,2022,MOD_UNDER_OCC,60.74665
Grenoble,38252,Montchaboud,2022,SEV_OVER_OCC,0.0
Rouen,76709,Le Trait,2022,SEV_UNDER_OCC,672.50844
Saint-Etienne,42110,L'Horme,2022,STD_OCC,410.25405
Rouen,76222,Duclair,2022,SEV_OVER_OCC,0.0
Rouen,76222,Duclair,2022,STD_OCC,252.25765
Rennes,35144,Langan,2022,SEV_UNDER_OCC,95.37083
Saint-Etienne,42210,Sainte-Croix-en-Jarez,2022,SEV_OVER_OCC,4.95262
Rouen,76410,Maromme,2022,MOD_UNDER_OCC,2003.321
Saint-Etienne,42223,Saint-Genest-Lerpt,2022,VSEV_UNDER_OCC,692.1514
Saint-Etienne,42223,Saint-Genest-Lerpt,2022,STD_OCC,522.94845
Rouen,76436,Le Mesnil-sous-Jumièges,2022,MOD_OVER_OCC,9.56585
Grenoble,38529,Vaulnaveys-le-Haut,2022,SEV_OVER_OCC,9.97022
Rouen,76709,Le Trait,2022,MOD_UNDER_OCC,722.97399
Rouen,76709,Le Trait,2022,MOD_OVER_OCC,70.79561
Saint-Etienne,42110,L'Horme,2022,SEV_OVER_OCC,5.1716
Grenoble,38252,Montchaboud,2022,SEV_UNDER_OCC,33.29818
Saint-Etienne,42031,Caloire,2022,MOD_UNDER_OCC,13.85576
Saint-Etienne,42320,Valfleury,2022,MOD_OVER_OCC,0.0
Montpellier,34169,Montferrier-sur-Lez,2022,VSEV_UNDER_OCC,820.20519
Rouen,76550,Sahurs,2022,VSEV_UNDER_OCC,225.3719
Saint-Etienne,42031,Caloire,2022,VSEV_UNDER_OCC,54.48662
Saint-Etienne,42031,Caloire,2022,MOD_OVER_OCC,0.0
Saint-Etienne,42275,Saint-Priest-en-Jarez,2022,SEV_UNDER_OCC,623.86546
Rouen,76498,Le Petit-Quevilly,2022,MOD_UNDER_OCC,3386.76079
Rouen,76222,Duclair,2022,MOD_OVER_OCC,50.71435
Saint-Etienne,42206,Saint-Bonnet-les-Oules,2022,MOD_OVER_OCC,0.0
Rennes,35204,Nouvoitou,2022,SEV_OVER_OCC,0.0
Rouen,76410,Maromme,2022,VSEV_UNDER_OCC,635.07967
Saint-Etienne,42225,Genilac,2022,SEV_UNDER_OCC,456.31365
Rouen,76410,Maromme,2022,SEV_OVER_OCC,6.06635
Saint-Etienne,42110,L'Horme,2022,MOD_UNDER_OCC,700.98398
Saint-Etienne,42275,Saint-Priest-en-Jarez,2022,MOD_OVER_OCC,227.2652
Saint-Etienne,42320,Valfleury,2022,VSEV_UNDER_OCC,116.8957
Rouen,76513,Quevillon,2016,SEV_UNDER_OCC,55.99766
Rennes,35245,Romillé,2016,VSEV_UNDER_OCC,587.75083
Rouen,76631,Saint-Paër,2016,MOD_OVER_OCC,0.0
Saint-Etienne,42093,Farnay,2016,STD_OCC,50.50324
Saint-Etienne,42031,Caloire,2016,SEV_UNDER_OCC,36.32911
Rouen,76474,Notre-Dame-de-Bondeville,2016,VSEV_UNDER_OCC,733.59329
Rouen,76591,Saint-Jacques-sur-Darnétal,2016,MOD_OVER_OCC,4.55342
Grenoble,38200,Jarrie,2016,SEV_UNDER_OCC,345.891
Rennes,35351,Le Verger,2016,MOD_OVER_OCC,15.0
Rouen,76591,Saint-Jacques-sur-Darnétal,2016,VSEV_UNDER_OCC,405.25435
Grenoble,38562,Vizille,2016,MOD_OVER_OCC,302.38328
Rouen,76484,Oissel,2016,MOD_UNDER_OCC,1633.9692
Rennes,35351,Le Verger,2016,SEV_UNDER_OCC,145.00005
Rouen,76591,Saint-Jacques-sur-Darnétal,2016,STD_OCC,77.40813
Rouen,76088,Berville-sur-Seine,2011,SEV_OVER_OCC,0.0
Grenoble,38562,Vizille,2016,SEV_OVER_OCC,28.73738
Grenoble,38200,Jarrie,2016,VSEV_UNDER_OCC,517.86811
Rouen,76513,Quevillon,2016,MOD_UNDER_OCC,35.69746
Rouen,76108,Bois-Guillaume,2016,STD_OCC,805.79006
Grenoble,38200,Jarrie,2016,MOD_UNDER_OCC,358.95543
Rennes,35250,Saint-Armel,2011,STD_OCC,125.77677
Grenoble,38388,Saint-Georges-de-Commiers,2016,SEV_OVER_OCC,0.0
Rouen,76484,Oissel,2016,SEV_OVER_OCC,25.89458
Rennes,35080,Cintré,2011,SEV_UNDER_OCC,205.54236
Rennes,35250,Saint-Armel,2011,MOD_OVER_OCC,17.34852
Saint-Etienne,42093,Farnay,2016,MOD_UNDER_OCC,151.38336
Rouen,76457,Moulineaux,2016,SEV_UNDER_OCC,125.79449
Saint-Etienne,42123,Lorette,2016,STD_OCC,443.15595
Saint-Etienne,42083,Dargoire,2016,VSEV_UNDER_OCC,60.0
Rennes,35250,Saint-Armel,2011,MOD_UNDER_OCC,130.1139
Rouen,76631,Saint-Paër,2016,MOD_UNDER_OCC,120.91106
Rouen,76108,Bois-Guillaume,2016,MOD_UNDER_OCC,1253.11378
Rouen,76484,Oissel,2016,VSEV_UNDER_OCC,891.44381
Grenoble,38200,Jarrie,2016,SEV_OVER_OCC,4.45908
Rennes,35250,Saint-Armel,2011,SEV_OVER_OCC,0.0
Rennes,35245,Romillé,2016,MOD_UNDER_OCC,388.51326
Rennes,35080,Cintré,2011,MOD_UNDER_OCC,159.40019
Saint-Etienne,42093,Farnay,2016,SEV_UNDER_OCC,163.19696
Rennes,35245,Romillé,2016,STD_OCC,189.27569
Rouen,76591,Saint-Jacques-sur-Darnétal,2016,SEV_UNDER_OCC,377.93383
Rennes,35059,La Chapelle-des-Fougeretz,2016,MOD_UNDER_OCC,466.33231
Rennes,35080,Cintré,2011,STD_OCC,58.72639
Saint-Etienne,42093,Farnay,2016,MOD_OVER_OCC,4.92651
Rouen,76108,Bois-Guillaume,2016,SEV_OVER_OCC,15.85738
Rouen,76631,Saint-Paër,2016,STD_OCC,74.32081
Rouen,76457,Moulineaux,2016,MOD_UNDER_OCC,135.85805
Saint-Etienne,42083,Dargoire,2016,SEV_UNDER_OCC,85.0
Rennes,35059,La Chapelle-des-Fougeretz,2016,STD_OCC,327.77052
Rouen,76457,Moulineaux,2016,STD_OCC,45.28602
Saint-Etienne,42123,Lorette,2016,VSEV_UNDER_OCC,402.86905
Rouen,76474,Notre-Dame-de-Bondeville,2016,MOD_UNDER_OCC,872.87233
Rouen,76631,Saint-Paër,2016,VSEV_UNDER_OCC,153.47909
Rouen,76108,Bois-Guillaume,2016,SEV_UNDER_OCC,1377.50555
Saint-Etienne,42031,Caloire,2016,STD_OCC,5.18987
Rouen,76088,Berville-sur-Seine,2011,STD_OCC,36.3956
Rouen,76484,Oissel,2016,STD_OCC,906.43315
Saint-Etienne,42083,Dargoire,2016,STD_OCC,5.0
Grenoble,38200,Jarrie,2016,MOD_OVER_OCC,56.66197
Grenoble,38562,Vizille,2016,SEV_UNDER_OCC,896.35332
Rouen,76088,Berville-sur-Seine,2011,MOD_OVER_OCC,0.0
Rouen,76108,Bois-Guillaume,2016,MOD_OVER_OCC,269.85508
Rouen,76457,Moulineaux,2016,SEV_OVER_OCC,0.0
Rouen,76513,Quevillon,2016,SEV_OVER_OCC,0.0
Saint-Etienne,42083,Dargoire,2016,MOD_UNDER_OCC,45.0
Rouen,76474,Notre-Dame-de-Bondeville,2016,SEV_OVER_OCC,0.0
Rouen,76088,Berville-sur-Seine,2011,SEV_UNDER_OCC,56.61538
Rouen,76131,La Bouille,2016,VSEV_UNDER_OCC,75.36224
Rennes,35059,La Chapelle-des-Fougeretz,2016,MOD_OVER_OCC,20.00992
Rouen,76474,Notre-Dame-de-Bondeville,2016,STD_OCC,700.02
Grenoble,38388,Saint-Georges-de-Commiers,2016,MOD_UNDER_OCC,207.70423
Rouen,76591,Saint-Jacques-sur-Darnétal,2016,MOD_UNDER_OCC,177.58337
Grenoble,38200,Jarrie,2016,STD_OCC,279.70382
Rennes,35351,Le Verger,2016,MOD_UNDER_OCC,95.00003
Rennes,35059,La Chapelle-des-Fougeretz,2016,SEV_UNDER_OCC,440.80414
Saint-Etienne,42031,Caloire,2016,SEV_OVER_OCC,0.0
Rouen,76131,La Bouille,2016,MOD_OVER_OCC,5.06128
Rennes,35245,Romillé,2016,MOD_OVER_OCC,14.94282
Rennes,35245,Romillé,2016,SEV_OVER_OCC,0.0
Rennes,35080,Cintré,2011,SEV_OVER_OCC,4.19474
Rouen,76131,La Bouille,2016,MOD_UNDER_OCC,134.66272
Rouen,76513,Quevillon,2016,STD_OCC,10.24511
Rouen,76108,Bois-Guillaume,2016,VSEV_UNDER_OCC,2090.07865
Grenoble,38562,Vizille,2016,STD_OCC,819.35085
Rennes,35351,Le Verger,2016,VSEV_UNDER_OCC,205.00006
Saint-Etienne,42123,Lorette,2016,SEV_UNDER_OCC,478.407
Rennes,35080,Cintré,2011,VSEV_UNDER_OCC,306.21616
Saint-Etienne,42123,Lorette,2016,SEV_OVER_OCC,0.0
Rouen,76457,Moulineaux,2016,MOD_OVER_OCC,0.0
Saint-Etienne,42093,Farnay,2016,SEV_OVER_OCC,0.0
Rouen,76131,La Bouille,2016,SEV_OVER_OCC,0.0
Grenoble,38388,Saint-Georges-de-Commiers,2016,VSEV_UNDER_OCC,298.53542
Rouen,76631,Saint-Paër,2016,SEV_OVER_OCC,0.0
Rouen,76378,Jumièges,2022,SEV_UNDER_OCC,200.10065
Saint-Etienne,42322,La Valla-en-Gier,2022,MOD_UNDER_OCC,170.32533
Rouen,76475,Franqueville-Saint-Pierre,2022,SEV_OVER_OCC,4.60674
Rouen,76561,Saint-Aubin-lès-Elbeuf,2022,STD_OCC,834.28589
Grenoble,38187,Le Gua,2022,VSEV_UNDER_OCC,309.02215
Rouen,76705,Tourville-la-Rivière,2022,MOD_UNDER_OCC,275.70064
Grenoble,38187,Le Gua,2022,SEV_UNDER_OCC,225.59193
Grenoble,38187,Le Gua,2022,MOD_UNDER_OCC,162.65157
Saint-Etienne,42322,La Valla-en-Gier,2022,MOD_OVER_OCC,0.0
Montpellier,34327,Vendargues,2022,SEV_OVER_OCC,4.9025
Rouen,76560,Saint-Aubin-Épinay,2022,SEV_OVER_OCC,0.0
Saint-Etienne,42322,La Valla-en-Gier,2022,VSEV_UNDER_OCC,115.61417
Rouen,76231,Elbeuf,2022,MOD_OVER_OCC,734.33167
Saint-Etienne,42307,Tartaras,2022,SEV_UNDER_OCC,90.69374
Rouen,76231,Elbeuf,2022,SEV_UNDER_OCC,1032.39117
Grenoble,38068,Champagnier,2022,SEV_UNDER_OCC,131.31313
Rouen,76705,Tourville-la-Rivière,2022,MOD_OVER_OCC,20.05096
Rouen,76402,Malaunay,2022,SEV_OVER_OCC,4.37241
Rouen,76560,Saint-Aubin-Épinay,2022,VSEV_UNDER_OCC,173.43952
Rouen,76475,Franqueville-Saint-Pierre,2022,SEV_UNDER_OCC,702.00969
Rouen,76750,Yainville,2022,STD_OCC,43.24667
Rouen,76402,Malaunay,2022,VSEV_UNDER_OCC,710.39698
Grenoble,38068,Champagnier,2022,MOD_UNDER_OCC,136.36364
Rouen,76560,Saint-Aubin-Épinay,2022,MOD_UNDER_OCC,70.06514
Grenoble,38068,Champagnier,2022,STD_OCC,35.35354
Rouen,76750,Yainville,2022,SEV_UNDER_OCC,163.42137
Rouen,76231,Elbeuf,2022,SEV_OVER_OCC,68.65858
Montpellier,34327,Vendargues,2022,SEV_UNDER_OCC,659.90573
Rennes,35250,Saint-Armel,2022,SEV_OVER_OCC,10.47406
Grenoble,38068,Champagnier,2022,SEV_OVER_OCC,5.05051
Montpellier,34327,Vendargues,2022,STD_OCC,600.3713
Rouen,76750,Yainville,2022,SEV_OVER_OCC,4.85766
Rouen,76561,Saint-Aubin-lès-Elbeuf,2022,MOD_OVER_OCC,104.9102
Rennes,35250,Saint-Armel,2022,VSEV_UNDER_OCC,312.37509
Rouen,76475,Franqueville-Saint-Pierre,2022,MOD_OVER_OCC,75.81158
Rennes,35250,Saint-Armel,2022,MOD_OVER_OCC,16.02437
Rouen,76540,Rouen,2022,MOD_UNDER_OCC,16492.80594
Rouen,76561,Saint-Aubin-lès-Elbeuf,2022,VSEV_UNDER_OCC,779.33293
Rennes,35250,Saint-Armel,2022,MOD_UNDER_OCC,258.48773
Rouen,76560,Saint-Aubin-Épinay,2022,MOD_OVER_OCC,4.82996
Rouen,76402,Malaunay,2022,SEV_UNDER_OCC,678.35414
Rouen,76705,Tourville-la-Rivière,2022,SEV_OVER_OCC,5.01274
Rouen,76705,Tourville-la-Rivière,2022,STD_OCC,130.33121
Rouen,76560,Saint-Aubin-Épinay,2022,SEV_UNDER_OCC,122.64272
Rouen,76378,Jumièges,2022,SEV_OVER_OCC,0.0
Grenoble,38187,Le Gua,2022,STD_OCC,93.37868
Montpellier,34327,Vendargues,2022,VSEV_UNDER_OCC,756.20002
Rouen,76540,Rouen,2022,STD_OCC,22894.67429
Rouen,76231,Elbeuf,2022,STD_OCC,2529.03374
Saint-Etienne,42322,La Valla-en-Gier,2022,SEV_OVER_OCC,0.0
Rouen,76561,Saint-Aubin-lès-Elbeuf,2022,MOD_UNDER_OCC,1198.97373
Rouen,76378,Jumièges,2022,MOD_UNDER_OCC,130.19308
Rouen,76705,Tourville-la-Rivière,2022,SEV_UNDER_OCC,285.72611
Rouen,76750,Yainville,2022,MOD_UNDER_OCC,95.02078
Rouen,76475,Franqueville-Saint-Pierre,2022,VSEV_UNDER_OCC,1053.43257
Grenoble,38187,Le Gua,2022,SEV_OVER_OCC,0.0
Rouen,76402,Malaunay,2022,STD_OCC,392.6027
Rennes,35250,Saint-Armel,2022,SEV_UNDER_OCC,258.54353
Rouen,76378,Jumièges,2022,STD_OCC,114.62765
Rouen,76231,Elbeuf,2022,VSEV_UNDER_OCC,935.74839
Rouen,76231,Elbeuf,2022,MOD_UNDER_OCC,2396.54268
Rouen,76561,Saint-Aubin-lès-Elbeuf,2022,SEV_OVER_OCC,14.98717
Montpellier,34327,Vendargues,2022,MOD_UNDER_OCC,862.20458
Rouen,76540,Rouen,2022,SEV_UNDER_OCC,7791.84503
Montpellier,34327,Vendargues,2022,MOD_OVER_OCC,245.40019
Rouen,76705,Tourville-la-Rivière,2022,VSEV_UNDER_OCC,295.75159
Rouen,76402,Malaunay,2022,MOD_UNDER_OCC,718.55186
Rouen,76402,Malaunay,2022,MOD_OVER_OCC,69.88506
Rouen,76378,Jumièges,2022,VSEV_UNDER_OCC,315.53394
Saint-Etienne,42307,Tartaras,2022,STD_OCC,41.18471
Rouen,76540,Rouen,2022,MOD_OVER_OCC,13013.6132
Grenoble,38068,Champagnier,2022,MOD_OVER_OCC,10.10101
Saint-Etienne,42322,La Valla-en-Gier,2022,SEV_UNDER_OCC,120.34183
Saint-Etienne,42307,Tartaras,2022,SEV_OVER_OCC,0.0
Rouen,76750,Yainville,2022,MOD_OVER_OCC,25.58379
Saint-Etienne,42307,Tartaras,2022,MOD_OVER_OCC,0.0
Rouen,76475,Franqueville-Saint-Pierre,2022,STD_OCC,288.02147
Rouen,76378,Jumièges,2022,MOD_OVER_OCC,15.16376
Rouen,76475,Franqueville-Saint-Pierre,2022,MOD_UNDER_OCC,462.5761
Rouen,76560,Saint-Aubin-Épinay,2022,STD_OCC,39.86722
Rouen,76540,Rouen,2022,VSEV_UNDER_OCC,5748.68085
Rouen,76561,Saint-Aubin-lès-Elbeuf,2022,SEV_UNDER_OCC,974.16616
Saint-Etienne,42307,Tartaras,2022,VSEV_UNDER_OCC,135.98133
Rennes,35250,Saint-Armel,2022,STD_OCC,151.45185
Rouen,76750,Yainville,2022,VSEV_UNDER_OCC,144.14156
Rouen,76540,Rouen,2022,SEV_OVER_OCC,434.70682
Saint-Etienne,42307,Tartaras,2022,MOD_UNDER_OCC,96.73826
Grenoble,38187,Le Gua,2022,MOD_OVER_OCC,4.94401
Saint-Etienne,42322,La Valla-en-Gier,2022,STD_OCC,24.38681
Grenoble,38068,Champagnier,2022,VSEV_UNDER_OCC,287.87879
Rennes,35275,Saint-Gilles,2011,MOD_OVER_OCC,31.71124
Montpellier,34088,Cournonterral,2011,MOD_UNDER_OCC,707.88051
Saint-Etienne,42262,Saint-Maurice-en-Gourgois,2011,STD_OCC,76.0
Saint-Etienne,42222,Saint-Galmier,2011,SEV_UNDER_OCC,468.0
Rouen,76212,Darnétal,2011,SEV_OVER_OCC,8.06704
Saint-Etienne,42222,Saint-Galmier,2011,STD_OCC,340.0
Rouen,76497,Petit-Couronne,2011,SEV_UNDER_OCC,805.88388
Rouen,76212,Darnétal,2011,SEV_UNDER_OCC,871.24054
Montpellier,34088,Cournonterral,2011,VSEV_UNDER_OCC,461.13359
Rennes,35088,Corps-Nuds,2011,MOD_OVER_OCC,19.50402
Montpellier,34249,Saint-Drézéry,2011,SEV_UNDER_OCC,221.00928
Grenoble,38516,La Tronche,2011,MOD_UNDER_OCC,611.62887
Grenoble,38071,Champ-sur-Drac,2011,MOD_UNDER_OCC,330.22018
Saint-Etienne,42099,Fraisses,2011,SEV_UNDER_OCC,406.1026
Saint-Etienne,42307,Tartaras,2011,MOD_UNDER_OCC,88.7708
Grenoble,38485,Seyssinet-Pariset,2011,SEV_UNDER_OCC,1382.87594
Saint-Etienne,42283,Saint-Romain-en-Jarez,2011,MOD_UNDER_OCC,134.14726
Saint-Etienne,42283,Saint-Romain-en-Jarez,2011,VSEV_UNDER_OCC,101.62671
Grenoble,38533,Venon,2011,MOD_OVER_OCC,4.0
Grenoble,38485,Seyssinet-Pariset,2011,STD_OCC,1094.21103
Rennes,35238,Rennes,2011,SEV_OVER_OCC,478.81976
Grenoble,38185,Grenoble,2011,MOD_UNDER_OCC,21752.59724
Saint-Etienne,42222,Saint-Galmier,2011,MOD_OVER_OCC,44.0
Saint-Etienne,42222,Saint-Galmier,2011,MOD_UNDER_OCC,656.0
Rennes,35238,Rennes,2011,MOD_OVER_OCC,19479.37022
Rouen,76212,Darnétal,2011,STD_OCC,1182.83003
Rouen,76497,Petit-Couronne,2011,STD_OCC,851.73052
Saint-Etienne,42283,Saint-Romain-en-Jarez,2011,SEV_UNDER_OCC,105.69178
Grenoble,38388,Saint-Georges-de-Commiers,2022,MOD_OVER_OCC,5.30002
Montpellier,34090,Le Crès,2022,VSEV_UNDER_OCC,1094.45845
Rouen,76237,Épinay-sur-Duclair,2022,SEV_OVER_OCC,0.0
Rennes,35363,Pont-Péan,2022,MOD_UNDER_OCC,414.07984
Saint-Etienne,42093,Farnay,2022,SEV_OVER_OCC,4.65386
Rouen,76354,Hénouville,2022,MOD_UNDER_OCC,74.44375
Rouen,76608,Sainte-Marguerite-sur-Duclair,2022,SEV_UNDER_OCC,201.63691
Rouen,76237,Épinay-sur-Duclair,2022,MOD_UNDER_OCC,37.11659
Rouen,76486,Orival,2022,STD_OCC,53.62393
Saint-Etienne,42032,Cellieu,2011,STD_OCC,54.04925
Grenoble,38485,Seyssinet-Pariset,2011,SEV_OVER_OCC,15.54931
Saint-Etienne,42283,Saint-Romain-en-Jarez,2011,MOD_OVER_OCC,24.39041
Rennes,35275,Saint-Gilles,2011,VSEV_UNDER_OCC,654.04426
Grenoble,38516,La Tronche,2011,SEV_UNDER_OCC,403.83188
Saint-Etienne,42032,Cellieu,2011,VSEV_UNDER_OCC,239.36096
Montpellier,34249,Saint-Drézéry,2011,STD_OCC,135.06122
Saint-Etienne,42032,Cellieu,2011,MOD_UNDER_OCC,150.56577
Grenoble,38185,Grenoble,2011,MOD_OVER_OCC,15600.16077
Saint-Etienne,42237,Saint-Jean-Bonnefonds,2011,SEV_OVER_OCC,0.0
Rennes,35088,Corps-Nuds,2011,MOD_UNDER_OCC,296.4611
Grenoble,38071,Champ-sur-Drac,2011,MOD_OVER_OCC,71.5685
Saint-Etienne,42222,Saint-Galmier,2011,VSEV_UNDER_OCC,696.0
Saint-Etienne,42262,Saint-Maurice-en-Gourgois,2011,VSEV_UNDER_OCC,212.0
Montpellier,34249,Saint-Drézéry,2011,MOD_UNDER_OCC,159.61781
Saint-Etienne,42032,Cellieu,2011,SEV_UNDER_OCC,138.98378
Saint-Etienne,42032,Cellieu,2011,SEV_OVER_OCC,0.0
Montpellier,34088,Cournonterral,2011,SEV_OVER_OCC,16.18013
Saint-Etienne,42099,Fraisses,2011,MOD_OVER_OCC,41.02046
Grenoble,38516,La Tronche,2011,SEV_OVER_OCC,11.76209
Rennes,35275,Saint-Gilles,2011,MOD_UNDER_OCC,305.22065
Grenoble,38185,Grenoble,2011,STD_OCC,26059.03832
Rennes,35088,Corps-Nuds,2011,STD_OCC,163.83376
Grenoble,38485,Seyssinet-Pariset,2011,VSEV_UNDER_OCC,788.25411
Rouen,76497,Petit-Couronne,2011,VSEV_UNDER_OCC,802.99878
Saint-Etienne,42237,Saint-Jean-Bonnefonds,2011,MOD_UNDER_OCC,858.4154
Grenoble,38185,Grenoble,2011,SEV_OVER_OCC,699.932
Rennes,35238,Rennes,2011,MOD_UNDER_OCC,28062.29051
Saint-Etienne,42237,Saint-Jean-Bonnefonds,2011,MOD_OVER_OCC,102.69374
Grenoble,38485,Seyssinet-Pariset,2011,MOD_OVER_OCC,304.53329
Rouen,76497,Petit-Couronne,2011,MOD_OVER_OCC,165.08211
Rennes,35088,Corps-Nuds,2011,VSEV_UNDER_OCC,405.6836
Rennes,35238,Rennes,2011,STD_OCC,31914.6664
Rouen,76497,Petit-Couronne,2011,SEV_OVER_OCC,11.67439
Saint-Etienne,42222,Saint-Galmier,2011,SEV_OVER_OCC,0.0
Grenoble,38185,Grenoble,2011,SEV_UNDER_OCC,11114.40972
Saint-Etienne,42307,Tartaras,2011,STD_OCC,29.59027
Rouen,76212,Darnétal,2011,MOD_UNDER_OCC,1425.84967
Rennes,35275,Saint-Gilles,2011,STD_OCC,241.79818
Montpellier,34088,Cournonterral,2011,STD_OCC,444.95346
Saint-Etienne,42307,Tartaras,2011,SEV_OVER_OCC,0.0
Grenoble,38071,Champ-sur-Drac,2011,VSEV_UNDER_OCC,325.05854
Saint-Etienne,42237,Saint-Jean-Bonnefonds,2011,SEV_UNDER_OCC,644.87831
Saint-Etienne,42099,Fraisses,2011,VSEV_UNDER_OCC,406.1026
Saint-Etienne,42307,Tartaras,2011,VSEV_UNDER_OCC,84.54362
Montpellier,34249,Saint-Drézéry,2011,SEV_OVER_OCC,4.09276
Saint-Etienne,42262,Saint-Maurice-en-Gourgois,2011,MOD_UNDER_OCC,192.0
Montpellier,34088,Cournonterral,2011,MOD_OVER_OCC,121.35094
Grenoble,38533,Venon,2011,STD_OCC,4.0
Montpellier,34249,Saint-Drézéry,2011,VSEV_UNDER_OCC,278.30798
Rennes,35275,Saint-Gilles,2011,SEV_UNDER_OCC,325.04018
Grenoble,38533,Venon,2011,SEV_UNDER_OCC,88.0
Saint-Etienne,42262,Saint-Maurice-en-Gourgois,2011,SEV_OVER_OCC,0.0
Saint-Etienne,42237,Saint-Jean-Bonnefonds,2011,STD_OCC,435.38025
Saint-Etienne,42283,Saint-Romain-en-Jarez,2011,SEV_OVER_OCC,4.06507
Saint-Etienne,42307,Tartaras,2011,MOD_OVER_OCC,0.0
Rouen,76212,Darnétal,2011,VSEV_UNDER_OCC,451.75435
Grenoble,38516,La Tronche,2011,STD_OCC,588.10468
Montpellier,34249,Saint-Drézéry,2011,MOD_OVER_OCC,20.46382
Saint-Etienne,42099,Fraisses,2011,SEV_OVER_OCC,8.20409
Grenoble,38516,La Tronche,2011,VSEV_UNDER_OCC,654.75655
Rennes,35275,Saint-Gilles,2011,SEV_OVER_OCC,3.9639
Saint-Etienne,42262,Saint-Maurice-en-Gourgois,2011,SEV_UNDER_OCC,180.0
Grenoble,38516,La Tronche,2011,MOD_OVER_OCC,466.56305
Saint-Etienne,42099,Fraisses,2011,MOD_UNDER_OCC,557.87831
Rouen,76497,Petit-Couronne,2011,MOD_UNDER_OCC,1140.81376
Saint-Etienne,42032,Cellieu,2011,MOD_OVER_OCC,7.72132
Grenoble,38485,Seyssinet-Pariset,2011,MOD_UNDER_OCC,1715.99561
Grenoble,38533,Venon,2011,SEV_OVER_OCC,0.0
Saint-Etienne,42283,Saint-Romain-en-Jarez,2011,STD_OCC,73.17123
Saint-Etienne,42307,Tartaras,2011,SEV_UNDER_OCC,54.95335
Grenoble,38185,Grenoble,2011,VSEV_UNDER_OCC,5867.99137
Rennes,35088,Corps-Nuds,2011,SEV_UNDER_OCC,269.15547
Grenoble,38071,Champ-sur-Drac,2011,STD_OCC,187.18744
Grenoble,38071,Champ-sur-Drac,2011,SEV_UNDER_OCC,364.79203
Saint-Etienne,42262,Saint-Maurice-en-Gourgois,2011,MOD_OVER_OCC,16.0
Grenoble,38533,Venon,2011,VSEV_UNDER_OCC,132.0
Rennes,35238,Rennes,2011,SEV_UNDER_OCC,16261.65909
Rennes,35088,Corps-Nuds,2011,SEV_OVER_OCC,3.9008
Saint-Etienne,42099,Fraisses,2011,STD_OCC,246.12279
Grenoble,38071,Champ-sur-Drac,2011,SEV_OVER_OCC,0.0
Saint-Etienne,42237,Saint-Jean-Bonnefonds,2011,VSEV_UNDER_OCC,591.50266
Rouen,76212,Darnétal,2011,MOD_OVER_OCC,278.31295
Grenoble,38533,Venon,2011,MOD_UNDER_OCC,52.0
Montpellier,34088,Cournonterral,2011,SEV_UNDER_OCC,606.75472
Saint-Etienne,42036,Chagnon,2016,SEV_UNDER_OCC,70.0
Rennes,35238,Rennes,2011,VSEV_UNDER_OCC,11989.78035
Grenoble,38111,Claix,2016,STD_OCC,520.09601
Grenoble,38111,Claix,2016,MOD_UNDER_OCC,682.34641
Rouen,76103,Bonsecours,2016,MOD_UNDER_OCC,750.0
Rennes,35334,Thorigné-Fouillard,2016,STD_OCC,452.69525
Grenoble,38170,Fontanil-Cornillon,2016,MOD_UNDER_OCC,337.47974
Rouen,76282,Freneuse,2016,VSEV_UNDER_OCC,193.48804
Montpellier,34058,Castries,2016,MOD_OVER_OCC,107.45112
Rouen,76103,Bonsecours,2016,STD_OCC,590.0
Montpellier,34027,Beaulieu,2016,SEV_OVER_OCC,4.46038
Rouen,76282,Freneuse,2016,STD_OCC,24.80616
Saint-Etienne,42308,La Terrasse-sur-Dorlay,2016,SEV_UNDER_OCC,64.62907
Rouen,76103,Bonsecours,2016,MOD_OVER_OCC,175.0
Rouen,76282,Freneuse,2016,MOD_OVER_OCC,0.0
Montpellier,34134,Lavérune,2016,MOD_OVER_OCC,55.23714
Rennes,35334,Thorigné-Fouillard,2016,SEV_OVER_OCC,0.0
Rouen,76608,Sainte-Marguerite-sur-Duclair,2016,MOD_OVER_OCC,10.31238
Rennes,35081,Clayes,2016,STD_OCC,36.71639
Saint-Etienne,42100,La Gimond,2016,MOD_UNDER_OCC,25.08961
Rouen,76103,Bonsecours,2016,SEV_OVER_OCC,15.0
Montpellier,34134,Lavérune,2016,MOD_UNDER_OCC,376.04397
Montpellier,34134,Lavérune,2016,STD_OCC,216.76415
Rouen,76282,Freneuse,2016,SEV_UNDER_OCC,119.06956
Montpellier,34027,Beaulieu,2016,SEV_UNDER_OCC,200.71706
Montpellier,34027,Beaulieu,2016,MOD_UNDER_OCC,214.0982
Montpellier,34058,Castries,2016,SEV_OVER_OCC,4.88414
Grenoble,38471,Le Sappey-en-Chartreuse,2016,SEV_UNDER_OCC,90.7283
Grenoble,38170,Fontanil-Cornillon,2016,STD_OCC,236.24475
Grenoble,38471,Le Sappey-en-Chartreuse,2016,SEV_OVER_OCC,0.0
Saint-Etienne,42036,Chagnon,2016,MOD_UNDER_OCC,55.0
Montpellier,34027,Beaulieu,2016,STD_OCC,107.0491
Saint-Etienne,42308,La Terrasse-sur-Dorlay,2016,STD_OCC,69.53747
Grenoble,38382,Saint-Égrève,2016,MOD_UNDER_OCC,2104.86224
Montpellier,34027,Beaulieu,2016,VSEV_UNDER_OCC,205.17744
Rennes,35334,Thorigné-Fouillard,2016,MOD_OVER_OCC,46.70151
Saint-Etienne,42242,Saint-Joseph,2016,VSEV_UNDER_OCC,213.73764
Saint-Etienne,42242,Saint-Joseph,2016,MOD_OVER_OCC,14.62521
Rennes,35081,Clayes,2016,SEV_UNDER_OCC,73.42698
Grenoble,38471,Le Sappey-en-Chartreuse,2016,MOD_UNDER_OCC,79.80088
Grenoble,38382,Saint-Égrève,2016,STD_OCC,1359.96271
Rouen,76282,Freneuse,2016,MOD_UNDER_OCC,54.57355
Grenoble,38170,Fontanil-Cornillon,2016,VSEV_UNDER_OCC,270.39815
Montpellier,34058,Castries,2016,VSEV_UNDER_OCC,664.2433
Grenoble,38170,Fontanil-Cornillon,2016,SEV_UNDER_OCC,256.7448
Rouen,76103,Bonsecours,2016,VSEV_UNDER_OCC,835.0
Saint-Etienne,42036,Chagnon,2016,VSEV_UNDER_OCC,50.0
Saint-Etienne,42100,La Gimond,2016,SEV_OVER_OCC,0.0
Saint-Etienne,42100,La Gimond,2016,VSEV_UNDER_OCC,40.14337
Rennes,35081,Clayes,2016,SEV_OVER_OCC,0.0
Rennes,35081,Clayes,2016,MOD_OVER_OCC,5.24431
Grenoble,38382,Saint-Égrève,2016,SEV_UNDER_OCC,1626.18985
Saint-Etienne,42242,Saint-Joseph,2016,SEV_UNDER_OCC,231.92508
Saint-Etienne,42308,La Terrasse-sur-Dorlay,2016,VSEV_UNDER_OCC,74.49248
Saint-Etienne,42100,La Gimond,2016,SEV_UNDER_OCC,25.08961
Grenoble,38382,Saint-Égrève,2016,VSEV_UNDER_OCC,1555.31048
Grenoble,38111,Claix,2016,VSEV_UNDER_OCC,1071.07421
Grenoble,38471,Le Sappey-en-Chartreuse,2016,VSEV_UNDER_OCC,190.71864
Montpellier,34027,Beaulieu,2016,MOD_OVER_OCC,13.38114
Grenoble,38471,Le Sappey-en-Chartreuse,2016,MOD_OVER_OCC,25.72775
Montpellier,34058,Castries,2016,MOD_UNDER_OCC,654.47502
Rouen,76608,Sainte-Marguerite-sur-Duclair,2016,STD_OCC,61.87925
Saint-Etienne,42036,Chagnon,2016,MOD_OVER_OCC,0.0
Grenoble,38471,Le Sappey-en-Chartreuse,2016,STD_OCC,54.75252
Rennes,35334,Thorigné-Fouillard,2016,SEV_UNDER_OCC,589.05304
Montpellier,34058,Castries,2016,SEV_UNDER_OCC,644.70673
Montpellier,34058,Castries,2016,STD_OCC,547.0239
Saint-Etienne,42308,La Terrasse-sur-Dorlay,2016,MOD_UNDER_OCC,94.41482
Grenoble,38170,Fontanil-Cornillon,2016,SEV_OVER_OCC,0.0
Saint-Etienne,42242,Saint-Joseph,2016,STD_OCC,77.44063
Saint-Etienne,42100,La Gimond,2016,MOD_OVER_OCC,0.0
Rennes,35334,Thorigné-Fouillard,2016,MOD_UNDER_OCC,646.38851
Grenoble,38170,Fontanil-Cornillon,2016,MOD_OVER_OCC,40.07666
Saint-Etienne,42242,Saint-Joseph,2016,MOD_UNDER_OCC,185.25425
Saint-Etienne,42036,Chagnon,2016,SEV_OVER_OCC,0.0
Saint-Etienne,42308,La Terrasse-sur-Dorlay,2016,SEV_OVER_OCC,4.99228
Rouen,76608,Sainte-Marguerite-sur-Duclair,2016,MOD_UNDER_OCC,150.53139
Rouen,76608,Sainte-Marguerite-sur-Duclair,2016,VSEV_UNDER_OCC,302.6
Rennes,35081,Clayes,2016,MOD_UNDER_OCC,62.93332
Rennes,35334,Thorigné-Fouillard,2016,VSEV_UNDER_OCC,1529.33023
Saint-Etienne,42242,Saint-Joseph,2016,SEV_OVER_OCC,0.0
Montpellier,34134,Lavérune,2016,SEV_OVER_OCC,5.54509
Rouen,76103,Bonsecours,2016,SEV_UNDER_OCC,745.0
Grenoble,38111,Claix,2016,SEV_OVER_OCC,0.0
Grenoble,38382,Saint-Égrève,2016,SEV_OVER_OCC,27.18013
Rouen,76608,Sainte-Marguerite-sur-Duclair,2016,SEV_UNDER_OCC,244.93532
Saint-Etienne,42308,La Terrasse-sur-Dorlay,2016,MOD_OVER_OCC,9.91929
Saint-Etienne,42100,La Gimond,2016,STD_OCC,10.03584
Rouen,76282,Freneuse,2016,SEV_OVER_OCC,0.0
Rouen,76608,Sainte-Marguerite-sur-Duclair,2016,SEV_OVER_OCC,0.0
Montpellier,34134,Lavérune,2016,VSEV_UNDER_OCC,396.64322
Montpellier,34134,Lavérune,2016,SEV_UNDER_OCC,285.3935
Grenoble,38382,Saint-Égrève,2016,MOD_OVER_OCC,252.08131
Grenoble,38111,Claix,2016,SEV_UNDER_OCC,851.805
Saint-Etienne,42036,Chagnon,2016,STD_OCC,20.0
Grenoble,38111,Claix,2016,MOD_OVER_OCC,110.6398
Rennes,35081,Clayes,2016,VSEV_UNDER_OCC,125.87631
Rouen,76514,Quévreville-la-Poterie,2011,SEV_UNDER_OCC,97.89059
Grenoble,38179,Gières,2011,MOD_OVER_OCC,881.10895
Grenoble,38057,Bresson,2011,MOD_OVER_OCC,8.0
Montpellier,34179,Murviel-lès-Montpellier,2011,SEV_UNDER_OCC,177.63149
Montpellier,34179,Murviel-lès-Montpellier,2011,MOD_OVER_OCC,16.14832
Montpellier,34120,Jacou,2011,STD_OCC,314.65972
Rouen,76448,Montmain,2011,STD_OCC,32.0
Montpellier,34164,Montaud,2016,STD_OCC,54.778
Montpellier,34116,Grabels,2016,STD_OCC,1130.0
Saint-Etienne,42053,Châteauneuf,2016,SEV_UNDER_OCC,153.06129
Saint-Etienne,42044,Le Chambon-Feugerolles,2016,VSEV_UNDER_OCC,752.92998
Grenoble,38059,Brié-et-Angonnes,2016,STD_OCC,125.0
Rennes,35076,Chavagne,2016,SEV_UNDER_OCC,374.74853
Grenoble,38540,Veurey-Voroize,2016,VSEV_UNDER_OCC,164.12139
Grenoble,38229,Meylan,2016,MOD_UNDER_OCC,1969.7689
Saint-Etienne,42044,Le Chambon-Feugerolles,2016,SEV_OVER_OCC,29.25227
Saint-Etienne,42053,Châteauneuf,2016,MOD_OVER_OCC,4.93746
Grenoble,38059,Brié-et-Angonnes,2016,SEV_OVER_OCC,0.0
Montpellier,34164,Montaud,2016,MOD_OVER_OCC,9.95964
Rennes,35076,Chavagne,2016,SEV_OVER_OCC,0.0
Saint-Etienne,42053,Châteauneuf,2016,MOD_UNDER_OCC,103.68668
Saint-Etienne,42053,Châteauneuf,2016,VSEV_UNDER_OCC,271.56035
Grenoble,38229,Meylan,2016,SEV_UNDER_OCC,1848.76593
Montpellier,34164,Montaud,2016,MOD_UNDER_OCC,89.63673
Saint-Etienne,42053,Châteauneuf,2016,SEV_OVER_OCC,0.0
Grenoble,38229,Meylan,2016,SEV_OVER_OCC,24.01691
Grenoble,38478,Séchilienne,2016,STD_OCC,30.0
Saint-Etienne,42044,Le Chambon-Feugerolles,2016,MOD_UNDER_OCC,1818.17657
Grenoble,38229,Meylan,2016,VSEV_UNDER_OCC,2073.79567
Saint-Etienne,42207,Saint-Chamond,2016,VSEV_UNDER_OCC,2376.14693
Saint-Etienne,42207,Saint-Chamond,2016,SEV_OVER_OCC,93.3911
Grenoble,38540,Veurey-Voroize,2016,MOD_OVER_OCC,20.097
Grenoble,38478,Séchilienne,2016,VSEV_UNDER_OCC,105.0
Saint-Etienne,42207,Saint-Chamond,2016,MOD_UNDER_OCC,4992.33708
Grenoble,38059,Brié-et-Angonnes,2016,SEV_UNDER_OCC,210.0
Saint-Etienne,42207,Saint-Chamond,2016,STD_OCC,3759.36609
Saint-Etienne,42207,Saint-Chamond,2016,SEV_UNDER_OCC,3481.92405
Grenoble,38540,Veurey-Voroize,2016,SEV_OVER_OCC,4.74308
Rouen,76273,Fontaine-sous-Préaux,2016,MOD_OVER_OCC,0.0
Rennes,35076,Chavagne,2016,MOD_UNDER_OCC,369.88166
Rouen,76273,Fontaine-sous-Préaux,2016,STD_OCC,9.83362
Saint-Etienne,42044,Le Chambon-Feugerolles,2016,MOD_OVER_OCC,262.46705
Grenoble,38229,Meylan,2016,MOD_OVER_OCC,708.78309
Rennes,35076,Chavagne,2016,MOD_OVER_OCC,24.33432
Grenoble,38540,Veurey-Voroize,2016,MOD_UNDER_OCC,115.00358
Grenoble,38540,Veurey-Voroize,2016,SEV_UNDER_OCC,172.14225
Rennes,35076,Chavagne,2016,VSEV_UNDER_OCC,608.358
Montpellier,34116,Grabels,2016,MOD_UNDER_OCC,735.0
Rouen,76273,Fontaine-sous-Préaux,2016,VSEV_UNDER_OCC,90.61631
Grenoble,38059,Brié-et-Angonnes,2016,MOD_UNDER_OCC,185.0
Montpellier,34116,Grabels,2016,SEV_OVER_OCC,30.0
Saint-Etienne,42044,Le Chambon-Feugerolles,2016,SEV_UNDER_OCC,1204.87239
Rouen,76273,Fontaine-sous-Préaux,2016,SEV_OVER_OCC,0.0
Saint-Etienne,42044,Le Chambon-Feugerolles,2016,STD_OCC,1135.51792
Rouen,76273,Fontaine-sous-Préaux,2016,MOD_UNDER_OCC,34.65568
Rouen,76273,Fontaine-sous-Préaux,2016,SEV_UNDER_OCC,59.92701
Montpellier,34116,Grabels,2016,SEV_UNDER_OCC,565.0
Grenoble,38540,Veurey-Voroize,2016,STD_OCC,80.48478
Montpellier,34116,Grabels,2016,VSEV_UNDER_OCC,700.0
Grenoble,38478,Séchilienne,2016,MOD_UNDER_OCC,150.0
Grenoble,38478,Séchilienne,2016,SEV_OVER_OCC,0.0
Montpellier,34164,Montaud,2016,SEV_OVER_OCC,0.0
Grenoble,38059,Brié-et-Angonnes,2016,MOD_OVER_OCC,30.0
Grenoble,38478,Séchilienne,2016,MOD_OVER_OCC,0.0
Rennes,35076,Chavagne,2016,STD_OCC,219.00888
Saint-Etienne,42053,Châteauneuf,2016,STD_OCC,83.93684
Montpellier,34164,Montaud,2016,VSEV_UNDER_OCC,114.53582
Grenoble,38229,Meylan,2016,STD_OCC,1522.32076
Montpellier,34116,Grabels,2016,MOD_OVER_OCC,680.0
Saint-Etienne,42207,Saint-Chamond,2016,MOD_OVER_OCC,584.80547
Montpellier,34164,Montaud,2016,SEV_UNDER_OCC,114.53582
Grenoble,38478,Séchilienne,2016,SEV_UNDER_OCC,110.0
Grenoble,38059,Brié-et-Angonnes,2016,VSEV_UNDER_OCC,455.0
Rouen,76056,Bardouville,2011,SEV_OVER_OCC,0.0
Rouen,76448,Montmain,2011,SEV_UNDER_OCC,172.0
Rouen,76056,Bardouville,2011,MOD_UNDER_OCC,52.0
Rouen,76231,Elbeuf,2011,SEV_UNDER_OCC,1290.38201
Montpellier,34172,Montpellier,2011,SEV_OVER_OCC,2502.81649
Grenoble,38057,Bresson,2011,STD_OCC,32.0
Rouen,76753,Ymare,2011,SEV_OVER_OCC,0.0
Rennes,35240,Le Rheu,2011,VSEV_UNDER_OCC,884.0
Rouen,76350,Hautot-sur-Seine,2011,STD_OCC,15.95604
Rouen,76350,Hautot-sur-Seine,2011,SEV_UNDER_OCC,47.86813
Rouen,76614,Saint-Martin-de-Boscherville,2011,SEV_UNDER_OCC,124.54054
Rouen,76614,Saint-Martin-de-Boscherville,2011,VSEV_UNDER_OCC,319.13514
Rouen,76464,La Neuville-Chant-d'Oisel,2011,MOD_UNDER_OCC,144.0
Rennes,35024,Betton,2011,STD_OCC,712.0
Rennes,35001,Acigné,2011,MOD_UNDER_OCC,588.0
Rennes,35047,Bruz,2011,MOD_UNDER_OCC,1357.50933
Rennes,35180,Miniac-sous-Bécherel,2011,VSEV_UNDER_OCC,81.17742
Rennes,35001,Acigné,2011,SEV_UNDER_OCC,520.0
Rouen,76448,Montmain,2011,SEV_OVER_OCC,0.0
Rouen,76514,Quévreville-la-Poterie,2011,STD_OCC,16.3151
Saint-Etienne,42103,La Grand-Croix,2011,SEV_UNDER_OCC,480.0
Rennes,35180,Miniac-sous-Bécherel,2011,MOD_UNDER_OCC,69.58065
Rouen,76514,Quévreville-la-Poterie,2011,SEV_OVER_OCC,0.0
Saint-Etienne,42103,La Grand-Croix,2011,STD_OCC,388.0
Rennes,35024,Betton,2011,MOD_UNDER_OCC,900.0
Saint-Etienne,42103,La Grand-Croix,2011,MOD_OVER_OCC,60.0
Rouen,76464,La Neuville-Chant-d'Oisel,2011,STD_OCC,72.0
Montpellier,34179,Murviel-lès-Montpellier,2011,STD_OCC,121.11238
Rennes,35180,Miniac-sous-Bécherel,2011,MOD_OVER_OCC,0.0
Rouen,76231,Elbeuf,2011,VSEV_UNDER_OCC,795.10268
Rouen,76231,Elbeuf,2011,STD_OCC,2660.09801
Grenoble,38057,Bresson,2011,SEV_OVER_OCC,0.0
Grenoble,38057,Bresson,2011,VSEV_UNDER_OCC,132.0
Montpellier,34172,Montpellier,2011,MOD_OVER_OCC,30221.91795
Rouen,76350,Hautot-sur-Seine,2011,SEV_OVER_OCC,0.0
Saint-Etienne,42103,La Grand-Croix,2011,VSEV_UNDER_OCC,336.0
Rennes,35047,Bruz,2011,MOD_OVER_OCC,923.54288
Rouen,76514,Quévreville-la-Poterie,2011,VSEV_UNDER_OCC,171.30853
Rouen,76350,Hautot-sur-Seine,2011,VSEV_UNDER_OCC,55.84615
Rennes,35001,Acigné,2011,SEV_OVER_OCC,4.0
Rouen,76056,Bardouville,2011,STD_OCC,12.0
Rouen,76753,Ymare,2011,MOD_UNDER_OCC,86.57247
Montpellier,34120,Jacou,2011,MOD_UNDER_OCC,503.34051
Rouen,76753,Ymare,2011,VSEV_UNDER_OCC,150.56081
Rouen,76056,Bardouville,2011,SEV_UNDER_OCC,96.0
Grenoble,38179,Gières,2011,VSEV_UNDER_OCC,333.79927
Rennes,35240,Le Rheu,2011,MOD_UNDER_OCC,776.0
Rennes,35240,Le Rheu,2011,SEV_OVER_OCC,12.0
Rouen,76464,La Neuville-Chant-d'Oisel,2011,SEV_OVER_OCC,0.0
Grenoble,38057,Bresson,2011,MOD_UNDER_OCC,52.0
Grenoble,38179,Gières,2011,MOD_UNDER_OCC,698.92096
Rennes,35047,Bruz,2011,SEV_OVER_OCC,6.7573
Montpellier,34179,Murviel-lès-Montpellier,2011,MOD_UNDER_OCC,157.4461
Rouen,76350,Hautot-sur-Seine,2011,MOD_OVER_OCC,3.98901
Rouen,76614,Saint-Martin-de-Boscherville,2011,MOD_OVER_OCC,0.0
Rouen,76056,Bardouville,2011,VSEV_UNDER_OCC,96.0
Saint-Etienne,42103,La Grand-Croix,2011,SEV_OVER_OCC,16.0
Rouen,76514,Quévreville-la-Poterie,2011,MOD_UNDER_OCC,61.18162
Rennes,35001,Acigné,2011,STD_OCC,360.0
Grenoble,38179,Gières,2011,SEV_UNDER_OCC,448.01832
Saint-Etienne,42103,La Grand-Croix,2011,MOD_UNDER_OCC,640.0
Rouen,76448,Montmain,2011,MOD_UNDER_OCC,120.0
Grenoble,38179,Gières,2011,SEV_OVER_OCC,32.67393
Rennes,35024,Betton,2011,SEV_OVER_OCC,0.0
Montpellier,34120,Jacou,2011,SEV_OVER_OCC,12.35587
Montpellier,34179,Murviel-lès-Montpellier,2011,SEV_OVER_OCC,0.0
Rouen,76056,Bardouville,2011,MOD_OVER_OCC,0.0
Montpellier,34120,Jacou,2011,VSEV_UNDER_OCC,526.42101
Rennes,35180,Miniac-sous-Bécherel,2011,STD_OCC,19.32796
Rennes,35047,Bruz,2011,SEV_UNDER_OCC,1270.53777
Montpellier,34172,Montpellier,2011,SEV_UNDER_OCC,16772.29273
Rennes,35047,Bruz,2011,VSEV_UNDER_OCC,2183.60898
Rouen,76614,Saint-Martin-de-Boscherville,2011,SEV_OVER_OCC,0.0
Rennes,35240,Le Rheu,2011,STD_OCC,704.0
Montpellier,34172,Montpellier,2011,VSEV_UNDER_OCC,10323.64708
Rennes,35024,Betton,2011,MOD_OVER_OCC,84.0
Montpellier,34172,Montpellier,2011,STD_OCC,43444.50031
Rouen,76614,Saint-Martin-de-Boscherville,2011,STD_OCC,35.02703
Montpellier,34120,Jacou,2011,SEV_UNDER_OCC,600.98217
Montpellier,34172,Montpellier,2011,MOD_UNDER_OCC,31149.23581
Rennes,35240,Le Rheu,2011,SEV_UNDER_OCC,644.0
Rouen,76753,Ymare,2011,SEV_UNDER_OCC,135.50473
Grenoble,38057,Bresson,2011,SEV_UNDER_OCC,64.0
Rouen,76448,Montmain,2011,VSEV_UNDER_OCC,156.0
Rennes,35180,Miniac-sous-Bécherel,2011,SEV_OVER_OCC,0.0
Rouen,76231,Elbeuf,2011,SEV_OVER_OCC,80.24412
Rouen,76464,La Neuville-Chant-d'Oisel,2011,VSEV_UNDER_OCC,336.0
Rouen,76514,Quévreville-la-Poterie,2011,MOD_OVER_OCC,0.0
Rennes,35024,Betton,2011,VSEV_UNDER_OCC,1632.0
Rennes,35240,Le Rheu,2011,MOD_OVER_OCC,144.0
Montpellier,34179,Murviel-lès-Montpellier,2011,VSEV_UNDER_OCC,213.96521
Rouen,76231,Elbeuf,2011,MOD_OVER_OCC,819.13301
Rouen,76614,Saint-Martin-de-Boscherville,2011,MOD_UNDER_OCC,97.2973
Rouen,76464,La Neuville-Chant-d'Oisel,2011,MOD_OVER_OCC,12.0
Rouen,76464,La Neuville-Chant-d'Oisel,2011,SEV_UNDER_OCC,212.0
Rennes,35180,Miniac-sous-Bécherel,2011,SEV_UNDER_OCC,104.37097
Rennes,35001,Acigné,2011,VSEV_UNDER_OCC,904.0
Rouen,76350,Hautot-sur-Seine,2011,MOD_UNDER_OCC,27.92308
Grenoble,38179,Gières,2011,STD_OCC,699.35398
Rennes,35047,Bruz,2011,STD_OCC,1361.65958
Rennes,35024,Betton,2011,SEV_UNDER_OCC,788.0
Rennes,35001,Acigné,2011,MOD_OVER_OCC,16.0
Rouen,76753,Ymare,2011,MOD_OVER_OCC,7.52804
Montpellier,34120,Jacou,2011,MOD_OVER_OCC,92.37957
Rouen,76231,Elbeuf,2011,MOD_UNDER_OCC,2298.01879
Rouen,76753,Ymare,2011,STD_OCC,26.34814
Rouen,76448,Montmain,2011,MOD_OVER_OCC,0.0
Rouen,76558,Saint-Aubin-Celloville,2016,MOD_UNDER_OCC,74.01964
Rouen,76575,Saint-Étienne-du-Rouvray,2016,VSEV_UNDER_OCC,1956.25556
Grenoble,38472,Sarcenas,2016,MOD_OVER_OCC,0.0
Grenoble,38325,Proveysieux,2016,MOD_UNDER_OCC,39.68566
Montpellier,34337,Villeneuve-lès-Maguelone,2016,SEV_OVER_OCC,25.00726
Grenoble,38309,Poisat,2016,MOD_OVER_OCC,36.86452
Rennes,35196,Mordelles,2016,VSEV_UNDER_OCC,1045.0
Saint-Etienne,42092,L'Étrat,2016,MOD_UNDER_OCC,314.96369
Saint-Etienne,42085,Doizieux,2016,MOD_UNDER_OCC,60.0
Grenoble,38279,Notre-Dame-de-Mésage,2016,MOD_OVER_OCC,0.0
Grenoble,38445,Saint-Pierre-de-Mésage,2016,SEV_UNDER_OCC,133.76793
Grenoble,38188,Herbeys,2016,SEV_OVER_OCC,0.0
Grenoble,38158,Eybens,2016,MOD_UNDER_OCC,1319.58013
Rouen,76558,Saint-Aubin-Celloville,2016,STD_OCC,27.08087
Grenoble,38309,Poisat,2016,SEV_UNDER_OCC,204.79723
Grenoble,38472,Sarcenas,2016,SEV_OVER_OCC,0.0
Saint-Etienne,42316,Unieux,2016,SEV_OVER_OCC,15.67597
Montpellier,34259,Saint-Georges-d'Orques,2016,MOD_UNDER_OCC,468.42084
Montpellier,34129,Lattes,2016,SEV_OVER_OCC,27.93238
Rouen,76319,Grand-Couronne,2016,VSEV_UNDER_OCC,825.0
Montpellier,34129,Lattes,2016,VSEV_UNDER_OCC,1632.78381
Montpellier,34087,Cournonsec,2016,STD_OCC,292.59001
Saint-Etienne,42085,Doizieux,2016,SEV_UNDER_OCC,110.0
Saint-Etienne,42305,La Talaudière,2016,MOD_UNDER_OCC,955.83912
Rouen,76319,Grand-Couronne,2016,STD_OCC,810.0
Saint-Etienne,42092,L'Étrat,2016,STD_OCC,240.10762
Montpellier,34057,Castelnau-le-Lez,2016,SEV_UNDER_OCC,1444.68212
Montpellier,34129,Lattes,2016,MOD_UNDER_OCC,1834.02158
Saint-Etienne,42092,L'Étrat,2016,SEV_OVER_OCC,4.94457
Rouen,76575,Saint-Étienne-du-Rouvray,2016,STD_OCC,2608.73931
Montpellier,34129,Lattes,2016,SEV_UNDER_OCC,1687.57131
Montpellier,34259,Saint-Georges-d'Orques,2016,MOD_OVER_OCC,100.42237
Saint-Etienne,42316,Unieux,2016,VSEV_UNDER_OCC,747.22103
Grenoble,38309,Poisat,2016,SEV_OVER_OCC,4.73656
Rouen,76558,Saint-Aubin-Celloville,2016,SEV_UNDER_OCC,96.51062
Saint-Etienne,42305,La Talaudière,2016,STD_OCC,527.18962
Montpellier,34256,Saint-Geniès-des-Mourgues,2016,MOD_OVER_OCC,39.76546
Grenoble,38325,Proveysieux,2016,VSEV_UNDER_OCC,99.21415
Montpellier,34057,Castelnau-le-Lez,2016,SEV_OVER_OCC,43.19844
Rouen,76575,Saint-Étienne-du-Rouvray,2016,MOD_OVER_OCC,1265.64707
Grenoble,38281,Noyarey,2016,MOD_UNDER_OCC,226.72436
Grenoble,38472,Sarcenas,2016,SEV_UNDER_OCC,14.61735
Rouen,76005,Amfreville-la-Mi-Voie,2016,SEV_OVER_OCC,0.0
Rouen,76558,Saint-Aubin-Celloville,2016,VSEV_UNDER_OCC,181.86959
Saint-Etienne,42316,Unieux,2016,STD_OCC,627.03863
Montpellier,34123,Juvignac,2016,SEV_OVER_OCC,19.21718
Saint-Etienne,42085,Doizieux,2016,VSEV_UNDER_OCC,105.0
Saint-Etienne,42085,Doizieux,2016,STD_OCC,45.0
Rennes,35196,Mordelles,2016,MOD_OVER_OCC,60.0
Rennes,35281,Saint-Jacques-de-la-Lande,2016,VSEV_UNDER_OCC,745.00727
Grenoble,38445,Saint-Pierre-de-Mésage,2016,SEV_OVER_OCC,0.0
Grenoble,38325,Proveysieux,2016,SEV_UNDER_OCC,44.64637
Rouen,76005,Amfreville-la-Mi-Voie,2016,STD_OCC,402.23462
Grenoble,38325,Proveysieux,2016,MOD_OVER_OCC,9.92141
Grenoble,38188,Herbeys,2016,STD_OCC,30.85075
Montpellier,34123,Juvignac,2016,MOD_UNDER_OCC,1114.79259
Grenoble,38279,Notre-Dame-de-Mésage,2016,MOD_UNDER_OCC,102.91777
Saint-Etienne,42305,La Talaudière,2016,MOD_OVER_OCC,49.27006
Rouen,76319,Grand-Couronne,2016,SEV_UNDER_OCC,1100.0
Saint-Etienne,42186,Rive-de-Gier,2016,STD_OCC,1727.79377
Grenoble,38279,Notre-Dame-de-Mésage,2016,SEV_UNDER_OCC,159.52255
Rouen,76575,Saint-Étienne-du-Rouvray,2016,SEV_UNDER_OCC,2627.83868
Montpellier,34337,Villeneuve-lès-Maguelone,2016,VSEV_UNDER_OCC,590.06502
Grenoble,38281,Noyarey,2016,SEV_OVER_OCC,0.0
Montpellier,34259,Saint-Georges-d'Orques,2016,VSEV_UNDER_OCC,673.8595
Montpellier,34129,Lattes,2016,MOD_OVER_OCC,551.31327
Montpellier,34259,Saint-Georges-d'Orques,2016,SEV_UNDER_OCC,579.96554
Rennes,35032,Bourgbarré,2016,SEV_UNDER_OCC,391.4239
Montpellier,34123,Juvignac,2016,MOD_OVER_OCC,341.10503
Grenoble,38281,Noyarey,2016,SEV_UNDER_OCC,196.49445
Grenoble,38445,Saint-Pierre-de-Mésage,2016,STD_OCC,49.54368
Grenoble,38281,Noyarey,2016,VSEV_UNDER_OCC,307.33747
Saint-Etienne,42305,La Talaudière,2016,VSEV_UNDER_OCC,566.60566
Grenoble,38279,Notre-Dame-de-Mésage,2016,STD_OCC,36.02122
Montpellier,34256,Saint-Geniès-des-Mourgues,2016,STD_OCC,69.58955
Grenoble,38309,Poisat,2016,MOD_UNDER_OCC,253.58604
Grenoble,38445,Saint-Pierre-de-Mésage,2016,VSEV_UNDER_OCC,64.40678
Rennes,35032,Bourgbarré,2016,MOD_UNDER_OCC,344.82581
Montpellier,34256,Saint-Geniès-des-Mourgues,2016,MOD_UNDER_OCC,233.62207
Grenoble,38279,Notre-Dame-de-Mésage,2016,SEV_OVER_OCC,0.0
Saint-Etienne,42311,La Tour-en-Jarez,2016,MOD_OVER_OCC,5.03653
Saint-Etienne,42186,Rive-de-Gier,2016,MOD_OVER_OCC,338.65698
Rennes,35032,Bourgbarré,2016,MOD_OVER_OCC,23.29904
Saint-Etienne,42316,Unieux,2016,MOD_UNDER_OCC,1154.79614
Montpellier,34057,Castelnau-le-Lez,2016,MOD_OVER_OCC,862.21085
Grenoble,38158,Eybens,2016,VSEV_UNDER_OCC,834.08102
Saint-Etienne,42218,Saint-Étienne,2016,SEV_UNDER_OCC,14984.79905
Grenoble,38281,Noyarey,2016,MOD_OVER_OCC,30.22991
Montpellier,34057,Castelnau-le-Lez,2016,MOD_UNDER_OCC,2149.06685
Montpellier,34087,Cournonsec,2016,MOD_OVER_OCC,14.6295
Saint-Etienne,42311,La Tour-en-Jarez,2016,STD_OCC,55.40185
Montpellier,34057,Castelnau-le-Lez,2016,VSEV_UNDER_OCC,1802.3774
Saint-Etienne,42316,Unieux,2016,SEV_UNDER_OCC,1039.83906
Rouen,76005,Amfreville-la-Mi-Voie,2016,MOD_OVER_OCC,53.3082
Rennes,35196,Mordelles,2016,MOD_UNDER_OCC,810.0
Saint-Etienne,42186,Rive-de-Gier,2016,VSEV_UNDER_OCC,639.3591
Grenoble,38188,Herbeys,2016,MOD_OVER_OCC,10.31657
Saint-Etienne,42305,La Talaudière,2016,SEV_UNDER_OCC,679.9268
Rennes,35196,Mordelles,2016,STD_OCC,675.0
Montpellier,34123,Juvignac,2016,SEV_UNDER_OCC,835.94755
Grenoble,38472,Sarcenas,2016,STD_OCC,19.4898
Montpellier,34337,Villeneuve-lès-Maguelone,2016,SEV_UNDER_OCC,925.81789
Montpellier,34256,Saint-Geniès-des-Mourgues,2016,SEV_UNDER_OCC,198.82729
Rouen,76005,Amfreville-la-Mi-Voie,2016,MOD_UNDER_OCC,465.23522
Saint-Etienne,42311,La Tour-en-Jarez,2016,SEV_OVER_OCC,0.0
Montpellier,34337,Villeneuve-lès-Maguelone,2016,MOD_OVER_OCC,231.64101
Montpellier,34259,Saint-Georges-d'Orques,2016,STD_OCC,443.52083
Rennes,35032,Bourgbarré,2016,SEV_OVER_OCC,0.0
Grenoble,38188,Herbeys,2016,MOD_UNDER_OCC,84.26267
Saint-Etienne,42218,Saint-Étienne,2016,VSEV_UNDER_OCC,8543.05056
Rennes,35196,Mordelles,2016,SEV_OVER_OCC,0.0
Saint-Etienne,42186,Rive-de-Gier,2016,MOD_UNDER_OCC,2222.99437
Rennes,35281,Saint-Jacques-de-la-Lande,2016,SEV_UNDER_OCC,1071.16312
Saint-Etienne,42218,Saint-Étienne,2016,SEV_OVER_OCC,626.01568
Saint-Etienne,42218,Saint-Étienne,2016,STD_OCC,24338.30217
Saint-Etienne,42316,Unieux,2016,MOD_OVER_OCC,182.88627
Rouen,76319,Grand-Couronne,2016,MOD_OVER_OCC,195.0
Grenoble,38158,Eybens,2016,SEV_UNDER_OCC,957.1822
Montpellier,34123,Juvignac,2016,VSEV_UNDER_OCC,1186.66117
Grenoble,38309,Poisat,2016,VSEV_UNDER_OCC,319.99152
Rouen,76005,Amfreville-la-Mi-Voie,2016,VSEV_UNDER_OCC,237.46381
Grenoble,38472,Sarcenas,2016,VSEV_UNDER_OCC,24.36224
Saint-Etienne,42186,Rive-de-Gier,2016,SEV_UNDER_OCC,1400.32228
Montpellier,34123,Juvignac,2016,STD_OCC,1239.50843
Rouen,76575,Saint-Étienne-du-Rouvray,2016,SEV_OVER_OCC,77.63299
Montpellier,34087,Cournonsec,2016,SEV_UNDER_OCC,336.47851
Grenoble,38279,Notre-Dame-de-Mésage,2016,VSEV_UNDER_OCC,195.54377
Rouen,76558,Saint-Aubin-Celloville,2016,MOD_OVER_OCC,4.85529
Montpellier,34087,Cournonsec,2016,VSEV_UNDER_OCC,175.55401
Rouen,76005,Amfreville-la-Mi-Voie,2016,SEV_UNDER_OCC,295.61821
Saint-Etienne,42305,La Talaudière,2016,SEV_OVER_OCC,4.92701
Rouen,76319,Grand-Couronne,2016,SEV_OVER_OCC,45.0
Rennes,35281,Saint-Jacques-de-la-Lande,2016,MOD_UNDER_OCC,1886.77411
Grenoble,38188,Herbeys,2016,SEV_UNDER_OCC,125.75461
Saint-Etienne,42085,Doizieux,2016,MOD_OVER_OCC,0.0
Grenoble,38309,Poisat,2016,STD_OCC,108.08437
Rennes,35281,Saint-Jacques-de-la-Lande,2016,STD_OCC,1875.72378
Rouen,76319,Grand-Couronne,2016,MOD_UNDER_OCC,950.0
Rennes,35281,Saint-Jacques-de-la-Lande,2016,SEV_OVER_OCC,27.89688
Saint-Etienne,42311,La Tour-en-Jarez,2016,SEV_UNDER_OCC,171.24209
Montpellier,34087,Cournonsec,2016,SEV_OVER_OCC,9.753
Saint-Etienne,42218,Saint-Étienne,2016,MOD_UNDER_OCC,26422.30803
Grenoble,38445,Saint-Pierre-de-Mésage,2016,MOD_OVER_OCC,0.0
Rennes,35281,Saint-Jacques-de-la-Lande,2016,MOD_OVER_OCC,423.77001
Saint-Etienne,42311,La Tour-en-Jarez,2016,MOD_UNDER_OCC,105.76718
Montpellier,34057,Castelnau-le-Lez,2016,STD_OCC,2556.33242
Grenoble,38325,Proveysieux,2016,STD_OCC,19.84283
Saint-Etienne,42085,Doizieux,2016,SEV_OVER_OCC,0.0
Grenoble,38158,Eybens,2016,STD_OCC,1070.5483
Montpellier,34129,Lattes,2016,STD_OCC,2040.7823
Grenoble,38158,Eybens,2016,MOD_OVER_OCC,270.65352
Montpellier,34259,Saint-Georges-d'Orques,2016,SEV_OVER_OCC,19.94721
Rennes,35032,Bourgbarré,2016,STD_OCC,219.01099
Saint-Etienne,42218,Saint-Étienne,2016,MOD_OVER_OCC,9669.63369
Rouen,76575,Saint-Étienne-du-Rouvray,2016,MOD_UNDER_OCC,3434.51546
Grenoble,38158,Eybens,2016,SEV_OVER_OCC,20.05311
Grenoble,38281,Noyarey,2016,STD_OCC,120.91966
Grenoble,38472,Sarcenas,2016,MOD_UNDER_OCC,24.36224
Grenoble,38188,Herbeys,2016,VSEV_UNDER_OCC,304.54272
Saint-Etienne,42092,L'Étrat,2016,SEV_UNDER_OCC,213.97953
Saint-Etienne,42092,L'Étrat,2016,VSEV_UNDER_OCC,384.28659
Montpellier,34256,Saint-Geniès-des-Mourgues,2016,VSEV_UNDER_OCC,238.59275
Saint-Etienne,42186,Rive-de-Gier,2016,SEV_OVER_OCC,41.13201
Rennes,35032,Bourgbarré,2016,VSEV_UNDER_OCC,540.53776
Montpellier,34337,Villeneuve-lès-Maguelone,2016,MOD_UNDER_OCC,1069.50497
Montpellier,34337,Villeneuve-lès-Maguelone,2016,STD_OCC,883.09202
Rennes,35196,Mordelles,2016,SEV_UNDER_OCC,660.0
Rouen,76558,Saint-Aubin-Celloville,2016,SEV_OVER_OCC,0.0
Grenoble,38445,Saint-Pierre-de-Mésage,2016,MOD_UNDER_OCC,54.49804
Grenoble,38325,Proveysieux,2016,SEV_OVER_OCC,0.0
Saint-Etienne,42311,La Tour-en-Jarez,2016,VSEV_UNDER_OCC,206.49782
Saint-Etienne,42092,L'Étrat,2016,MOD_OVER_OCC,24.83891
Montpellier,34087,Cournonsec,2016,MOD_UNDER_OCC,360.86101
Montpellier,34256,Saint-Geniès-des-Mourgues,2016,SEV_OVER_OCC,0.0
Rouen,76599,Saint-Léger-du-Bourg-Denis,2011,MOD_OVER_OCC,44.0
Rouen,76681,Sotteville-lès-Rouen,2011,MOD_UNDER_OCC,4438.95498
Rouen,76682,Sotteville-sous-le-Val,2011,MOD_UNDER_OCC,60.00084
Rennes,35066,Chartres-de-Bretagne,2011,SEV_OVER_OCC,15.80365
Montpellier,34202,Pignan,2011,SEV_OVER_OCC,11.83474
Saint-Etienne,42330,Villars,2016,VSEV_UNDER_OCC,795.0
Rouen,76599,Saint-Léger-du-Bourg-Denis,2011,MOD_UNDER_OCC,444.0
Saint-Etienne,42302,Sorbiers,2016,STD_OCC,525.02358
Rennes,35278,Saint-Grégoire,2016,VSEV_UNDER_OCC,1844.67398
Rouen,76366,Le Houlme,2016,VSEV_UNDER_OCC,282.49328
Rennes,35120,Gévezé,2016,MOD_OVER_OCC,57.05839
Saint-Etienne,42270,Saint-Paul-en-Cornillon,2016,STD_OCC,70.22241
Rennes,35120,Gévezé,2016,MOD_UNDER_OCC,493.7372
Rouen,76367,Houppeville,2016,STD_OCC,29.56897
Grenoble,38328,Quaix-en-Chartreuse,2016,MOD_OVER_OCC,5.07328
Saint-Etienne,42270,Saint-Paul-en-Cornillon,2016,MOD_UNDER_OCC,100.77294
Rouen,76367,Houppeville,2016,VSEV_UNDER_OCC,532.24138
Montpellier,34095,Fabrègues,2016,SEV_UNDER_OCC,740.0
Rouen,76178,Cléon,2016,VSEV_UNDER_OCC,367.61076
Montpellier,34095,Fabrègues,2016,STD_OCC,590.0
Rennes,35120,Gévezé,2016,VSEV_UNDER_OCC,691.41716
Rouen,76178,Cléon,2016,SEV_OVER_OCC,15.31712
Montpellier,34307,Sussargues,2016,MOD_UNDER_OCC,240.25365
Grenoble,38545,Vif,2016,SEV_UNDER_OCC,907.39139
Grenoble,38545,Vif,2016,MOD_UNDER_OCC,877.96248
Saint-Etienne,42330,Villars,2016,SEV_OVER_OCC,10.0
Saint-Etienne,42302,Sorbiers,2016,MOD_UNDER_OCC,672.84576
Saint-Etienne,42270,Saint-Paul-en-Cornillon,2016,SEV_OVER_OCC,0.0
Grenoble,38328,Quaix-en-Chartreuse,2016,SEV_UNDER_OCC,50.73281
Rouen,76391,La Londe,2016,MOD_OVER_OCC,29.69309
Rouen,76391,La Londe,2016,MOD_UNDER_OCC,173.20972
Grenoble,38421,Saint-Martin-d'Hères,2016,SEV_UNDER_OCC,3053.14034
Grenoble,38528,Vaulnaveys-le-Bas,2016,STD_OCC,39.53004
Grenoble,38545,Vif,2016,VSEV_UNDER_OCC,877.96248
Saint-Etienne,42302,Sorbiers,2016,SEV_UNDER_OCC,1024.56059
Rouen,76178,Cléon,2016,STD_OCC,428.87923
Grenoble,38528,Vaulnaveys-le-Bas,2016,SEV_UNDER_OCC,123.53138
Rennes,35278,Saint-Grégoire,2016,SEV_UNDER_OCC,560.55961
Grenoble,38528,Vaulnaveys-le-Bas,2016,SEV_OVER_OCC,4.94126
Grenoble,38328,Quaix-en-Chartreuse,2016,VSEV_UNDER_OCC,187.71139
Montpellier,34244,Saint-Brès,2016,MOD_OVER_OCC,115.0
Saint-Etienne,42302,Sorbiers,2016,SEV_OVER_OCC,0.0
Rouen,76366,Le Houlme,2016,MOD_OVER_OCC,95.84593
Grenoble,38528,Vaulnaveys-le-Bas,2016,VSEV_UNDER_OCC,197.6502
Grenoble,38277,Notre-Dame-de-Commiers,2016,SEV_UNDER_OCC,76.9112
Rouen,76391,La Londe,2016,SEV_OVER_OCC,0.0
Montpellier,34307,Sussargues,2016,VSEV_UNDER_OCC,396.59283
Grenoble,38328,Quaix-en-Chartreuse,2016,SEV_OVER_OCC,0.0
Saint-Etienne,42330,Villars,2016,STD_OCC,565.0
Rouen,76367,Houppeville,2016,MOD_OVER_OCC,24.6408
Rouen,76367,Houppeville,2016,SEV_UNDER_OCC,325.25862
Grenoble,38545,Vif,2016,SEV_OVER_OCC,9.80964
Montpellier,34095,Fabrègues,2016,MOD_UNDER_OCC,855.0
Rouen,76322,Le Grand-Quevilly,2016,MOD_OVER_OCC,644.82405
Rennes,35278,Saint-Grégoire,2016,MOD_UNDER_OCC,733.67474
Grenoble,38545,Vif,2016,STD_OCC,701.38902
Rouen,76366,Le Houlme,2016,SEV_OVER_OCC,5.04452
Saint-Etienne,42302,Sorbiers,2016,MOD_OVER_OCC,50.97316
Rouen,76322,Le Grand-Quevilly,2016,STD_OCC,3250.8103
Rennes,35208,Orgères,2016,VSEV_UNDER_OCC,713.65345
Rouen,76391,La Londe,2016,SEV_UNDER_OCC,262.289
Rouen,76367,Houppeville,2016,MOD_UNDER_OCC,162.62931
Rouen,76322,Le Grand-Quevilly,2016,VSEV_UNDER_OCC,1264.47422
Saint-Etienne,42270,Saint-Paul-en-Cornillon,2016,SEV_UNDER_OCC,140.49068
Montpellier,34244,Saint-Brès,2016,SEV_OVER_OCC,15.0
Rennes,35278,Saint-Grégoire,2016,STD_OCC,649.9324
Grenoble,38277,Notre-Dame-de-Commiers,2016,MOD_OVER_OCC,0.0
Rennes,35120,Gévezé,2016,STD_OCC,355.03697
Montpellier,34095,Fabrègues,2016,MOD_OVER_OCC,135.0
Rennes,35208,Orgères,2016,MOD_OVER_OCC,33.30383
Saint-Etienne,42270,Saint-Paul-en-Cornillon,2016,MOD_OVER_OCC,9.94276
Montpellier,34095,Fabrègues,2016,SEV_OVER_OCC,10.0
Grenoble,38328,Quaix-en-Chartreuse,2016,MOD_UNDER_OCC,60.87937
Grenoble,38421,Saint-Martin-d'Hères,2016,MOD_UNDER_OCC,4910.02165
Montpellier,34095,Fabrègues,2016,VSEV_UNDER_OCC,575.0
Rouen,76178,Cléon,2016,MOD_OVER_OCC,91.48099
Rouen,76322,Le Grand-Quevilly,2016,SEV_OVER_OCC,38.29242
Rennes,35208,Orgères,2016,SEV_OVER_OCC,0.0
Grenoble,38421,Saint-Martin-d'Hères,2016,SEV_OVER_OCC,101.23327
Grenoble,38421,Saint-Martin-d'Hères,2016,VSEV_UNDER_OCC,1216.21707
Rouen,76391,La Londe,2016,VSEV_UNDER_OCC,435.49872
Rouen,76178,Cléon,2016,MOD_UNDER_OCC,582.05038
Rennes,35278,Saint-Grégoire,2016,SEV_OVER_OCC,0.0
Saint-Etienne,42330,Villars,2016,MOD_OVER_OCC,185.0
Montpellier,34307,Sussargues,2016,STD_OCC,129.10697
Rouen,76178,Cléon,2016,SEV_UNDER_OCC,536.09903
Montpellier,34307,Sussargues,2016,SEV_UNDER_OCC,262.04137
Montpellier,34244,Saint-Brès,2016,SEV_UNDER_OCC,345.0
Rouen,76366,Le Houlme,2016,STD_OCC,302.67137
Montpellier,34307,Sussargues,2016,SEV_OVER_OCC,0.0
Rennes,35120,Gévezé,2016,SEV_UNDER_OCC,475.05157
Rouen,76366,Le Houlme,2016,MOD_UNDER_OCC,595.2537
Saint-Etienne,42330,Villars,2016,SEV_UNDER_OCC,995.0
Rennes,35208,Orgères,2016,STD_OCC,285.46138
Saint-Etienne,42302,Sorbiers,2016,VSEV_UNDER_OCC,1070.43643
Grenoble,38528,Vaulnaveys-le-Bas,2016,MOD_OVER_OCC,14.82377
Montpellier,34244,Saint-Brès,2016,VSEV_UNDER_OCC,245.0
Grenoble,38528,Vaulnaveys-le-Bas,2016,MOD_UNDER_OCC,123.53138
Rouen,76367,Houppeville,2016,SEV_OVER_OCC,0.0
Grenoble,38277,Notre-Dame-de-Commiers,2016,STD_OCC,19.2278
Rouen,76366,Le Houlme,2016,SEV_UNDER_OCC,539.76394
Saint-Etienne,42330,Villars,2016,MOD_UNDER_OCC,970.0
Grenoble,38545,Vif,2016,MOD_OVER_OCC,58.85782
Montpellier,34307,Sussargues,2016,MOD_OVER_OCC,15.31868
Grenoble,38277,Notre-Dame-de-Commiers,2016,VSEV_UNDER_OCC,62.49035
Grenoble,38328,Quaix-en-Chartreuse,2016,STD_OCC,45.65953
Rennes,35120,Gévezé,2016,SEV_OVER_OCC,0.0
Grenoble,38277,Notre-Dame-de-Commiers,2016,MOD_UNDER_OCC,24.03475
Grenoble,38421,Saint-Martin-d'Hères,2016,STD_OCC,4717.296
Grenoble,38277,Notre-Dame-de-Commiers,2016,SEV_OVER_OCC,0.0
Rennes,35208,Orgères,2016,MOD_UNDER_OCC,399.64593
Saint-Etienne,42270,Saint-Paul-en-Cornillon,2016,VSEV_UNDER_OCC,216.5325
Rennes,35278,Saint-Grégoire,2016,MOD_OVER_OCC,183.32412
Rennes,35208,Orgères,2016,SEV_UNDER_OCC,328.28058
Montpellier,34244,Saint-Brès,2016,STD_OCC,210.0
Rouen,76391,La Londe,2016,STD_OCC,54.43734
Grenoble,38421,Saint-Martin-d'Hères,2016,MOD_OVER_OCC,3346.02521
Montpellier,34244,Saint-Brès,2016,MOD_UNDER_OCC,320.0
Rouen,76322,Le Grand-Quevilly,2016,MOD_UNDER_OCC,4713.28204
Rouen,76322,Le Grand-Quevilly,2016,SEV_UNDER_OCC,2959.00202
Rennes,35352,Vern-sur-Seiche,2011,VSEV_UNDER_OCC,1190.41034
Rouen,76039,Les Authieux-sur-le-Port-Saint-Ouen,2011,VSEV_UNDER_OCC,267.77906
Montpellier,34270,Saint-Jean-de-Védas,2011,STD_OCC,523.81239
Saint-Etienne,42259,Saint-Martin-la-Plaine,2011,SEV_OVER_OCC,4.0
Saint-Etienne,42189,Roche-la-Molière,2011,MOD_UNDER_OCC,1430.9815
Rouen,76705,Tourville-la-Rivière,2011,MOD_UNDER_OCC,244.0
Rouen,76682,Sotteville-sous-le-Val,2011,SEV_OVER_OCC,0.0
Saint-Etienne,42189,Roche-la-Molière,2011,VSEV_UNDER_OCC,705.27961
Grenoble,38235,Miribel-Lanchâtre,2011,SEV_OVER_OCC,0.0
Saint-Etienne,42271,Saint-Paul-en-Jarez,2011,SEV_UNDER_OCC,489.9905
Rennes,35210,Pacé,2011,MOD_UNDER_OCC,782.96144
Montpellier,34270,Saint-Jean-de-Védas,2011,MOD_OVER_OCC,100.73315
Rennes,35352,Vern-sur-Seiche,2011,SEV_OVER_OCC,3.90695
Rennes,35066,Chartres-de-Bretagne,2011,MOD_UNDER_OCC,691.40968
Rouen,76634,Saint-Pierre-de-Manneville,2011,VSEV_UNDER_OCC,120.80537
Montpellier,34270,Saint-Jean-de-Védas,2011,SEV_OVER_OCC,4.02933
Rouen,76599,Saint-Léger-du-Bourg-Denis,2011,SEV_UNDER_OCC,364.0
Saint-Etienne,42271,Saint-Paul-en-Jarez,2011,VSEV_UNDER_OCC,322.87238
Rennes,35216,Parthenay-de-Bretagne,2011,STD_OCC,84.91437
Grenoble,38235,Miribel-Lanchâtre,2011,VSEV_UNDER_OCC,57.05094
Rouen,76039,Les Authieux-sur-le-Port-Saint-Ouen,2011,STD_OCC,35.97032
Rouen,76634,Saint-Pierre-de-Manneville,2011,MOD_UNDER_OCC,72.48322
Rouen,76705,Tourville-la-Rivière,2011,SEV_UNDER_OCC,236.0
Montpellier,34077,Clapiers,2011,STD_OCC,412.0
Grenoble,38235,Miribel-Lanchâtre,2011,MOD_OVER_OCC,0.0
Grenoble,38150,Domène,2011,MOD_UNDER_OCC,930.68821
Saint-Etienne,42043,Chambœuf,2011,SEV_OVER_OCC,4.049
Grenoble,38150,Domène,2011,SEV_UNDER_OCC,669.93505
Saint-Etienne,42259,Saint-Martin-la-Plaine,2011,VSEV_UNDER_OCC,516.0
Saint-Etienne,42271,Saint-Paul-en-Jarez,2011,STD_OCC,245.40552
Rouen,76682,Sotteville-sous-le-Val,2011,STD_OCC,20.00028
Rouen,76039,Les Authieux-sur-le-Port-Saint-Ouen,2011,MOD_UNDER_OCC,63.94724
Grenoble,38235,Miribel-Lanchâtre,2011,MOD_UNDER_OCC,20.37534
Rennes,35216,Parthenay-de-Bretagne,2011,MOD_UNDER_OCC,101.08853
Rouen,76682,Sotteville-sous-le-Val,2011,VSEV_UNDER_OCC,96.00134
Rouen,76378,Jumièges,2011,VSEV_UNDER_OCC,261.61083
Montpellier,34270,Saint-Jean-de-Védas,2011,VSEV_UNDER_OCC,1124.18198
Rennes,35022,Bécherel,2011,SEV_UNDER_OCC,58.94075
Rennes,35210,Pacé,2011,VSEV_UNDER_OCC,1610.72755
Rouen,76599,Saint-Léger-du-Bourg-Denis,2011,STD_OCC,196.0
Rennes,35266,Saint-Erblon,2011,MOD_UNDER_OCC,232.93913
Rouen,76681,Sotteville-lès-Rouen,2011,SEV_UNDER_OCC,3154.86341
Rennes,35266,Saint-Erblon,2011,SEV_OVER_OCC,0.0
Rennes,35022,Bécherel,2011,STD_OCC,66.79952
Rouen,76681,Sotteville-lès-Rouen,2011,MOD_OVER_OCC,949.5217
Rouen,76682,Sotteville-sous-le-Val,2011,SEV_UNDER_OCC,80.00112
Rennes,35352,Vern-sur-Seiche,2011,MOD_OVER_OCC,76.35011
Saint-Etienne,42271,Saint-Paul-en-Jarez,2011,MOD_OVER_OCC,56.94009
Rouen,76599,Saint-Léger-du-Bourg-Denis,2011,VSEV_UNDER_OCC,348.0
Montpellier,34202,Pignan,2011,MOD_OVER_OCC,149.9067
Rennes,35266,Saint-Erblon,2011,STD_OCC,167.66678
Rouen,76705,Tourville-la-Rivière,2011,STD_OCC,184.0
Rennes,35266,Saint-Erblon,2011,MOD_OVER_OCC,20.3179
Saint-Etienne,42189,Roche-la-Molière,2011,SEV_UNDER_OCC,1194.12898
Rouen,76705,Tourville-la-Rivière,2011,SEV_OVER_OCC,0.0
Rennes,35022,Bécherel,2011,VSEV_UNDER_OCC,94.3052
Rouen,76378,Jumièges,2011,MOD_OVER_OCC,35.6742
Rennes,35022,Bécherel,2011,SEV_OVER_OCC,0.0
Montpellier,34077,Clapiers,2011,SEV_UNDER_OCC,492.0
Rouen,76599,Saint-Léger-du-Bourg-Denis,2011,SEV_OVER_OCC,0.0
Saint-Etienne,42259,Saint-Martin-la-Plaine,2011,MOD_UNDER_OCC,376.0
Saint-Etienne,42189,Roche-la-Molière,2011,SEV_OVER_OCC,3.74443
Rennes,35210,Pacé,2011,SEV_UNDER_OCC,731.44325
Grenoble,38150,Domène,2011,MOD_OVER_OCC,256.74158
Montpellier,34077,Clapiers,2011,VSEV_UNDER_OCC,632.0
Montpellier,34270,Saint-Jean-de-Védas,2011,MOD_UNDER_OCC,797.80657
Rouen,76634,Saint-Pierre-de-Manneville,2011,MOD_OVER_OCC,4.02685
Saint-Etienne,42043,Chambœuf,2011,SEV_UNDER_OCC,170.05803
Rouen,76634,Saint-Pierre-de-Manneville,2011,SEV_OVER_OCC,4.02685
Rouen,76039,Les Authieux-sur-le-Port-Saint-Ouen,2011,SEV_UNDER_OCC,79.93405
Rouen,76378,Jumièges,2011,SEV_UNDER_OCC,202.15382
Montpellier,34270,Saint-Jean-de-Védas,2011,SEV_UNDER_OCC,882.42242
Rennes,35022,Bécherel,2011,MOD_OVER_OCC,11.78815
Grenoble,38235,Miribel-Lanchâtre,2011,STD_OCC,16.30027
Rouen,76682,Sotteville-sous-le-Val,2011,MOD_OVER_OCC,4.00006
Rennes,35022,Bécherel,2011,MOD_UNDER_OCC,58.94075
Rouen,76681,Sotteville-lès-Rouen,2011,VSEV_UNDER_OCC,1916.36005
Rennes,35266,Saint-Erblon,2011,VSEV_UNDER_OCC,386.10275
Rennes,35210,Pacé,2011,MOD_OVER_OCC,166.21897
Saint-Etienne,42043,Chambœuf,2011,MOD_UNDER_OCC,125.51902
Saint-Etienne,42043,Chambœuf,2011,STD_OCC,36.44101
Rouen,76378,Jumièges,2011,STD_OCC,67.38461
Saint-Etienne,42271,Saint-Paul-en-Jarez,2011,MOD_UNDER_OCC,480.90665
Saint-Etienne,42259,Saint-Martin-la-Plaine,2011,MOD_OVER_OCC,24.0
Saint-Etienne,42189,Roche-la-Molière,2011,STD_OCC,902.97623
Rennes,35066,Chartres-de-Bretagne,2011,STD_OCC,798.08432
Rouen,76705,Tourville-la-Rivière,2011,MOD_OVER_OCC,24.0
Montpellier,34077,Clapiers,2011,MOD_OVER_OCC,40.0
Rennes,35352,Vern-sur-Seiche,2011,MOD_UNDER_OCC,593.37187
Rouen,76681,Sotteville-lès-Rouen,2011,SEV_OVER_OCC,49.64259
Saint-Etienne,42043,Chambœuf,2011,MOD_OVER_OCC,4.049
Rennes,35210,Pacé,2011,SEV_OVER_OCC,0.0
Rouen,76681,Sotteville-lès-Rouen,2011,STD_OCC,2931.15882
Rennes,35352,Vern-sur-Seiche,2011,SEV_UNDER_OCC,674.53231
Saint-Etienne,42189,Roche-la-Molière,2011,MOD_OVER_OCC,214.31162
Rouen,76378,Jumièges,2011,MOD_UNDER_OCC,154.58822
Grenoble,38150,Domène,2011,SEV_OVER_OCC,4.01159
Montpellier,34077,Clapiers,2011,MOD_UNDER_OCC,424.0
Rennes,35216,Parthenay-de-Bretagne,2011,VSEV_UNDER_OCC,145.56749
Rouen,76039,Les Authieux-sur-le-Port-Saint-Ouen,2011,SEV_OVER_OCC,0.0
Montpellier,34202,Pignan,2011,MOD_UNDER_OCC,646.96577
Montpellier,34202,Pignan,2011,VSEV_UNDER_OCC,635.13103
Grenoble,38150,Domène,2011,VSEV_UNDER_OCC,417.20506
Rouen,76634,Saint-Pierre-de-Manneville,2011,STD_OCC,20.13423
Rennes,35216,Parthenay-de-Bretagne,2011,SEV_OVER_OCC,0.0
Rouen,76039,Les Authieux-sur-le-Port-Saint-Ouen,2011,MOD_OVER_OCC,0.0
Rennes,35352,Vern-sur-Seiche,2011,STD_OCC,556.74905
Rennes,35266,Saint-Erblon,2011,SEV_UNDER_OCC,198.8925
Saint-Etienne,42259,Saint-Martin-la-Plaine,2011,STD_OCC,152.0
Rennes,35216,Parthenay-de-Bretagne,2011,SEV_UNDER_OCC,157.69811
Rennes,35066,Chartres-de-Bretagne,2011,MOD_OVER_OCC,130.38011
Rouen,76378,Jumièges,2011,SEV_OVER_OCC,0.0
Montpellier,34077,Clapiers,2011,SEV_OVER_OCC,4.0
Rennes,35066,Chartres-de-Bretagne,2011,SEV_UNDER_OCC,628.19508
Saint-Etienne,42043,Chambœuf,2011,VSEV_UNDER_OCC,242.94004
Saint-Etienne,42271,Saint-Paul-en-Jarez,2011,SEV_OVER_OCC,4.03799
Rennes,35216,Parthenay-de-Bretagne,2011,MOD_OVER_OCC,0.0
Montpellier,34202,Pignan,2011,SEV_UNDER_OCC,572.01242
Rouen,76634,Saint-Pierre-de-Manneville,2011,SEV_UNDER_OCC,68.45638
Montpellier,34202,Pignan,2011,STD_OCC,501.00398
Grenoble,38150,Domène,2011,STD_OCC,565.63379
Grenoble,38235,Miribel-Lanchâtre,2011,SEV_UNDER_OCC,40.75067
Rouen,76705,Tourville-la-Rivière,2011,VSEV_UNDER_OCC,244.0
Rennes,35210,Pacé,2011,STD_OCC,856.25181
Rennes,35066,Chartres-de-Bretagne,2011,VSEV_UNDER_OCC,1070.69728
Saint-Etienne,42259,Saint-Martin-la-Plaine,2011,SEV_UNDER_OCC,356.0
Saint-Etienne,42167,Pavezin,2016,MOD_UNDER_OCC,56.13723
Saint-Etienne,42096,Fontanès,2016,SEV_OVER_OCC,4.97819
Rouen,76486,Orival,2016,STD_OCC,71.07338
Grenoble,38436,Saint-Paul-de-Varces,2016,SEV_OVER_OCC,15.0
Grenoble,38126,Corenc,2016,MOD_UNDER_OCC,204.07303
Saint-Etienne,42208,Saint-Christo-en-Jarez,2016,MOD_UNDER_OCC,231.66715
Grenoble,38126,Corenc,2016,MOD_OVER_OCC,109.5026
Rouen,76216,Déville-lès-Rouen,2016,SEV_UNDER_OCC,967.25146
Rennes,35206,Noyal-Châtillon-sur-Seiche,2016,MOD_OVER_OCC,84.97062
Montpellier,34198,Pérols,2016,STD_OCC,697.85581
Rennes,35189,Montgermont,2016,SEV_UNDER_OCC,267.65118
Rennes,35189,Montgermont,2016,STD_OCC,276.18603
Saint-Etienne,42208,Saint-Christo-en-Jarez,2016,STD_OCC,76.77123
Rouen,76536,Roncherolles-sur-le-Vivier,2016,MOD_OVER_OCC,4.3754
Saint-Etienne,42208,Saint-Christo-en-Jarez,2016,SEV_OVER_OCC,0.0
Saint-Etienne,42096,Fontanès,2016,SEV_UNDER_OCC,70.04133
Rouen,76429,Le Mesnil-Esnard,2016,VSEV_UNDER_OCC,1308.22384
Saint-Etienne,42001,Aboën,2016,VSEV_UNDER_OCC,60.0
Rouen,76165,Caudebec-lès-Elbeuf,2016,SEV_UNDER_OCC,928.78753
Grenoble,38474,Sassenage,2016,MOD_OVER_OCC,195.05273
Rouen,76451,Mont-Saint-Aignan,2016,STD_OCC,1649.02564
Rouen,76486,Orival,2016,VSEV_UNDER_OCC,111.68675
Rouen,76157,Canteleu,2016,SEV_OVER_OCC,31.74411
Saint-Etienne,42001,Aboën,2016,MOD_OVER_OCC,10.0
Grenoble,38486,Seyssins,2016,SEV_UNDER_OCC,800.0
Grenoble,38436,Saint-Paul-de-Varces,2016,MOD_OVER_OCC,20.0
Rouen,76313,Gouy,2016,VSEV_UNDER_OCC,143.661
Rennes,35051,Cesson-Sévigné,2016,MOD_OVER_OCC,1110.90793
Grenoble,38524,Varces-Allières-et-Risset,2016,STD_OCC,601.82148
Rouen,76486,Orival,2016,MOD_OVER_OCC,5.07667
Rennes,35131,L'Hermitage,2016,SEV_OVER_OCC,5.19291
Rennes,35051,Cesson-Sévigné,2016,MOD_UNDER_OCC,1336.89059
Rennes,35189,Montgermont,2016,VSEV_UNDER_OCC,507.77761
Saint-Etienne,42192,Rozier-Côtes-d'Aurec,2016,MOD_UNDER_OCC,84.23537
Rouen,76451,Mont-Saint-Aignan,2016,VSEV_UNDER_OCC,2235.87217
Saint-Etienne,42096,Fontanès,2016,MOD_UNDER_OCC,69.96606
Saint-Etienne,42167,Pavezin,2016,MOD_OVER_OCC,0.0
Rouen,76157,Canteleu,2016,VSEV_UNDER_OCC,1022.34315
Rouen,76216,Déville-lès-Rouen,2016,VSEV_UNDER_OCC,545.77775
Rennes,35189,Montgermont,2016,SEV_OVER_OCC,0.0
Saint-Etienne,42167,Pavezin,2016,SEV_OVER_OCC,0.0
Rennes,35189,Montgermont,2016,MOD_UNDER_OCC,286.53673
Grenoble,38126,Corenc,2016,SEV_UNDER_OCC,318.55303
Grenoble,38436,Saint-Paul-de-Varces,2016,STD_OCC,85.0
Rennes,35189,Montgermont,2016,MOD_OVER_OCC,105.79871
Rouen,76216,Déville-lès-Rouen,2016,SEV_OVER_OCC,8.56003
Grenoble,38126,Corenc,2016,VSEV_UNDER_OCC,871.04343
Saint-Etienne,42167,Pavezin,2016,SEV_UNDER_OCC,25.12455
Rouen,76313,Gouy,2016,MOD_OVER_OCC,0.0
Grenoble,38486,Seyssins,2016,SEV_OVER_OCC,0.0
Rouen,76165,Caudebec-lès-Elbeuf,2016,STD_OCC,1128.70592
Grenoble,38524,Varces-Allières-et-Risset,2016,SEV_OVER_OCC,0.0
Montpellier,34198,Pérols,2016,VSEV_UNDER_OCC,1027.88832
Saint-Etienne,42192,Rozier-Côtes-d'Aurec,2016,MOD_OVER_OCC,0.0
Grenoble,38474,Sassenage,2016,SEV_OVER_OCC,6.13661
Grenoble,38151,Échirolles,2016,VSEV_UNDER_OCC,1599.67379
Rennes,35051,Cesson-Sévigné,2016,STD_OCC,1577.03785
Rouen,76451,Mont-Saint-Aignan,2016,MOD_OVER_OCC,1790.16203
Rennes,35131,L'Hermitage,2016,SEV_UNDER_OCC,294.62682
Grenoble,38474,Sassenage,2016,STD_OCC,1094.57497
Grenoble,38151,Échirolles,2016,STD_OCC,4527.71758
Grenoble,38436,Saint-Paul-de-Varces,2016,SEV_UNDER_OCC,245.0
Grenoble,38486,Seyssins,2016,MOD_UNDER_OCC,700.0
Saint-Etienne,42192,Rozier-Côtes-d'Aurec,2016,SEV_UNDER_OCC,68.31379
Rouen,76536,Roncherolles-sur-le-Vivier,2016,SEV_UNDER_OCC,110.23036
Grenoble,38126,Corenc,2016,STD_OCC,144.34434
Saint-Etienne,42096,Fontanès,2016,STD_OCC,44.95356
Rennes,35206,Noyal-Châtillon-sur-Seiche,2016,MOD_UNDER_OCC,634.78049
Grenoble,38524,Varces-Allières-et-Risset,2016,SEV_UNDER_OCC,612.72552
Montpellier,34198,Pérols,2016,MOD_UNDER_OCC,1024.39567
Montpellier,34198,Pérols,2016,SEV_UNDER_OCC,983.35273
Grenoble,38524,Varces-Allières-et-Risset,2016,MOD_UNDER_OCC,749.47539
Rouen,76216,Déville-lès-Rouen,2016,STD_OCC,1272.34937
Saint-Etienne,42001,Aboën,2016,MOD_UNDER_OCC,35.0
Saint-Etienne,42192,Rozier-Côtes-d'Aurec,2016,VSEV_UNDER_OCC,44.51321
Saint-Etienne,42208,Saint-Christo-en-Jarez,2016,MOD_OVER_OCC,0.0
Rouen,76536,Roncherolles-sur-le-Vivier,2016,VSEV_UNDER_OCC,164.55466
Rouen,76636,Saint-Pierre-de-Varengeville,2016,STD_OCC,59.93571
Rouen,76429,Le Mesnil-Esnard,2016,MOD_OVER_OCC,124.51299
Saint-Etienne,42192,Rozier-Côtes-d'Aurec,2016,STD_OCC,14.99238
Rouen,76451,Mont-Saint-Aignan,2016,MOD_UNDER_OCC,2064.01359
Grenoble,38524,Varces-Allières-et-Risset,2016,MOD_OVER_OCC,65.65845
Rouen,76536,Roncherolles-sur-le-Vivier,2016,SEV_OVER_OCC,0.0
Rouen,76636,Saint-Pierre-de-Varengeville,2016,VSEV_UNDER_OCC,350.97718
Montpellier,34198,Pérols,2016,MOD_OVER_OCC,194.92075
Rennes,35131,L'Hermitage,2016,STD_OCC,395.63007
Rouen,76536,Roncherolles-sur-le-Vivier,2016,MOD_UNDER_OCC,109.47008
Grenoble,38486,Seyssins,2016,MOD_OVER_OCC,80.0
Rouen,76429,Le Mesnil-Esnard,2016,SEV_UNDER_OCC,714.38574
Rennes,35206,Noyal-Châtillon-sur-Seiche,2016,SEV_OVER_OCC,14.99481
Grenoble,38486,Seyssins,2016,VSEV_UNDER_OCC,980.0
Grenoble,38474,Sassenage,2016,VSEV_UNDER_OCC,855.14265
Saint-Etienne,42192,Rozier-Côtes-d'Aurec,2016,SEV_OVER_OCC,0.0
Saint-Etienne,42208,Saint-Christo-en-Jarez,2016,VSEV_UNDER_OCC,190.1177
Grenoble,38474,Sassenage,2016,MOD_UNDER_OCC,1426.39518
Saint-Etienne,42167,Pavezin,2016,STD_OCC,5.18654
Rouen,76157,Canteleu,2016,SEV_UNDER_OCC,1435.08478
Rouen,76429,Le Mesnil-Esnard,2016,SEV_OVER_OCC,8.81109
Grenoble,38524,Varces-Allières-et-Risset,2016,VSEV_UNDER_OCC,743.40237
Rouen,76313,Gouy,2016,SEV_OVER_OCC,0.0
Montpellier,34090,Le Crès,2016,MOD_OVER_OCC,101.15821
Grenoble,38151,Échirolles,2016,SEV_UNDER_OCC,3348.40389
Rouen,76451,Mont-Saint-Aignan,2016,SEV_OVER_OCC,31.73684
Rennes,35051,Cesson-Sévigné,2016,SEV_OVER_OCC,30.98416
Montpellier,34090,Le Crès,2016,SEV_OVER_OCC,9.90758
Saint-Etienne,42096,Fontanès,2016,VSEV_UNDER_OCC,60.04721
Rouen,76451,Mont-Saint-Aignan,2016,SEV_UNDER_OCC,1583.36929
Rennes,35206,Noyal-Châtillon-sur-Seiche,2016,VSEV_UNDER_OCC,1034.64222
Rouen,76313,Gouy,2016,MOD_UNDER_OCC,66.18232
Rouen,76313,Gouy,2016,STD_OCC,10.38494
Rouen,76636,Saint-Pierre-de-Varengeville,2016,MOD_UNDER_OCC,234.30241
Saint-Etienne,42208,Saint-Christo-en-Jarez,2016,SEV_UNDER_OCC,184.18608
Rouen,76165,Caudebec-lès-Elbeuf,2016,MOD_OVER_OCC,329.03235
Rouen,76313,Gouy,2016,SEV_UNDER_OCC,86.75664
Grenoble,38151,Échirolles,2016,SEV_OVER_OCC,110.55279
Montpellier,34090,Le Crès,2016,VSEV_UNDER_OCC,1037.15299
Rennes,35206,Noyal-Châtillon-sur-Seiche,2016,STD_OCC,654.77358
Rouen,76536,Roncherolles-sur-le-Vivier,2016,STD_OCC,49.3673
Saint-Etienne,42167,Pavezin,2016,VSEV_UNDER_OCC,59.52427
Saint-Etienne,42001,Aboën,2016,SEV_UNDER_OCC,50.0
Grenoble,38486,Seyssins,2016,STD_OCC,490.0
Rouen,76486,Orival,2016,MOD_UNDER_OCC,86.3034
Rennes,35206,Noyal-Châtillon-sur-Seiche,2016,SEV_UNDER_OCC,569.80296
Rouen,76165,Caudebec-lès-Elbeuf,2016,VSEV_UNDER_OCC,749.69397
Rouen,76216,Déville-lès-Rouen,2016,MOD_UNDER_OCC,1772.9488
Rennes,35131,L'Hermitage,2016,MOD_UNDER_OCC,420.03565
Grenoble,38151,Échirolles,2016,MOD_OVER_OCC,1365.70344
Rouen,76157,Canteleu,2016,STD_OCC,1623.63498
Saint-Etienne,42001,Aboën,2016,SEV_OVER_OCC,0.0
Rouen,76636,Saint-Pierre-de-Varengeville,2016,MOD_OVER_OCC,40.34714
Grenoble,38436,Saint-Paul-de-Varces,2016,VSEV_UNDER_OCC,340.0
Saint-Etienne,42096,Fontanès,2016,MOD_OVER_OCC,4.98753
Montpellier,34090,Le Crès,2016,STD_OCC,943.28606
Rouen,76429,Le Mesnil-Esnard,2016,MOD_UNDER_OCC,716.21935
Rennes,35051,Cesson-Sévigné,2016,SEV_UNDER_OCC,1175.18775
Rouen,76429,Le Mesnil-Esnard,2016,STD_OCC,525.75271
Saint-Etienne,42001,Aboën,2016,STD_OCC,30.0
Grenoble,38126,Corenc,2016,SEV_OVER_OCC,0.0
Rennes,35051,Cesson-Sévigné,2016,VSEV_UNDER_OCC,2917.13073
Montpellier,34090,Le Crès,2016,SEV_UNDER_OCC,1022.11805
Rouen,76636,Saint-Pierre-de-Varengeville,2016,SEV_OVER_OCC,0.0
Grenoble,38474,Sassenage,2016,SEV_UNDER_OCC,1252.80798
Rouen,76157,Canteleu,2016,MOD_UNDER_OCC,1912.1477
Grenoble,38151,Échirolles,2016,MOD_UNDER_OCC,4614.35437
Rouen,76636,Saint-Pierre-de-Varengeville,2016,SEV_UNDER_OCC,290.46401
Rouen,76165,Caudebec-lès-Elbeuf,2016,SEV_OVER_OCC,16.65987
Grenoble,38436,Saint-Paul-de-Varces,2016,MOD_UNDER_OCC,105.0
Rennes,35131,L'Hermitage,2016,VSEV_UNDER_OCC,643.94097
Rouen,76486,Orival,2016,SEV_OVER_OCC,10.15334
Rouen,76486,Orival,2016,SEV_UNDER_OCC,111.68675
Rouen,76216,Déville-lès-Rouen,2016,MOD_OVER_OCC,694.23781
Montpellier,34198,Pérols,2016,SEV_OVER_OCC,9.9387
Rouen,76157,Canteleu,2016,MOD_OVER_OCC,353.77019
Montpellier,34090,Le Crès,2016,MOD_UNDER_OCC,830.37386
Rennes,35131,L'Hermitage,2016,MOD_OVER_OCC,31.69005
Rouen,76165,Caudebec-lès-Elbeuf,2016,MOD_UNDER_OCC,1416.0886
Rouen,76282,Freneuse,2011,STD_OCC,12.28
Rouen,76282,Freneuse,2011,SEV_UNDER_OCC,122.8
Montpellier,34027,Beaulieu,2011,VSEV_UNDER_OCC,236.49667
Montpellier,34134,Lavérune,2011,SEV_OVER_OCC,0.0
Montpellier,34027,Beaulieu,2011,STD_OCC,106.01575
Grenoble,38382,Saint-Égrève,2011,STD_OCC,1187.80294
Saint-Etienne,42242,Saint-Joseph,2011,SEV_UNDER_OCC,246.64559
Saint-Etienne,42242,Saint-Joseph,2011,STD_OCC,91.96954
Saint-Etienne,42097,La Fouillouse,2016,SEV_UNDER_OCC,453.83042
Rennes,35058,La Chapelle-Chaussée,2016,STD_OCC,44.68135
Saint-Etienne,42097,La Fouillouse,2016,VSEV_UNDER_OCC,695.54444
Grenoble,38364,Saint-Barthélemy-de-Séchilienne,2016,SEV_UNDER_OCC,40.0
Rouen,76020,Anneville-Ambourville,2016,VSEV_UNDER_OCC,120.70588
Montpellier,34227,Restinclières,2016,MOD_UNDER_OCC,190.82182
Grenoble,38317,Le Pont-de-Claix,2016,SEV_OVER_OCC,39.80811
Rouen,76617,Saint-Martin-du-Vivier,2016,VSEV_UNDER_OCC,450.90891
Rouen,76617,Saint-Martin-du-Vivier,2016,SEV_OVER_OCC,0.0
Grenoble,38271,Murianette,2016,MOD_OVER_OCC,9.76686
Grenoble,38271,Murianette,2016,SEV_UNDER_OCC,75.77048
Rouen,76640,Saint-Pierre-lès-Elbeuf,2016,SEV_OVER_OCC,5.01431
Rennes,35058,La Chapelle-Chaussée,2016,SEV_UNDER_OCC,104.25649
Rouen,76020,Anneville-Ambourville,2016,SEV_UNDER_OCC,196.14706
Montpellier,34227,Restinclières,2016,STD_OCC,100.38377
Rouen,76617,Saint-Martin-du-Vivier,2016,MOD_UNDER_OCC,88.70371
Saint-Etienne,42005,Andrézieux-Bouthéon,2016,SEV_UNDER_OCC,1039.5057
Rennes,35058,La Chapelle-Chaussée,2016,MOD_UNDER_OCC,109.22109
Rouen,76759,Yville-sur-Seine,2016,VSEV_UNDER_OCC,55.0
Rennes,35065,La Chapelle-Thouarault,2016,VSEV_UNDER_OCC,325.64303
Rouen,76020,Anneville-Ambourville,2016,MOD_OVER_OCC,5.02941
Saint-Etienne,42097,La Fouillouse,2016,MOD_OVER_OCC,14.79882
Rouen,76020,Anneville-Ambourville,2016,STD_OCC,60.35294
Rouen,76640,Saint-Pierre-lès-Elbeuf,2016,SEV_UNDER_OCC,1037.96162
Rennes,35058,La Chapelle-Chaussée,2016,VSEV_UNDER_OCC,173.76082
Rennes,35065,La Chapelle-Thouarault,2016,MOD_OVER_OCC,0.0
Rouen,76759,Yville-sur-Seine,2016,MOD_OVER_OCC,0.0
Saint-Etienne,42097,La Fouillouse,2016,MOD_UNDER_OCC,429.16572
Saint-Etienne,42005,Andrézieux-Bouthéon,2016,MOD_OVER_OCC,147.77287
Grenoble,38317,Le Pont-de-Claix,2016,SEV_UNDER_OCC,1049.38555
Grenoble,38271,Murianette,2016,VSEV_UNDER_OCC,130.84134
Grenoble,38317,Le Pont-de-Claix,2016,MOD_OVER_OCC,377.36299
Grenoble,38364,Saint-Barthélemy-de-Séchilienne,2016,VSEV_UNDER_OCC,75.0
Montpellier,34227,Restinclières,2016,SEV_UNDER_OCC,222.61744
Grenoble,38317,Le Pont-de-Claix,2016,VSEV_UNDER_OCC,333.3709
Saint-Etienne,42005,Andrézieux-Bouthéon,2016,VSEV_UNDER_OCC,738.86435
Saint-Etienne,42005,Andrézieux-Bouthéon,2016,MOD_UNDER_OCC,1238.23473
Rouen,76759,Yville-sur-Seine,2016,SEV_UNDER_OCC,65.0
Rennes,35065,La Chapelle-Thouarault,2016,STD_OCC,135.99974
Grenoble,38364,Saint-Barthélemy-de-Séchilienne,2016,STD_OCC,5.0
Grenoble,38364,Saint-Barthélemy-de-Séchilienne,2016,MOD_UNDER_OCC,45.0
Grenoble,38317,Le Pont-de-Claix,2016,MOD_UNDER_OCC,1455.40614
Rouen,76617,Saint-Martin-du-Vivier,2016,SEV_UNDER_OCC,95.36336
Montpellier,34227,Restinclières,2016,VSEV_UNDER_OCC,148.78906
Grenoble,38068,Champagnier,2016,MOD_UNDER_OCC,75.0
Rouen,76640,Saint-Pierre-lès-Elbeuf,2016,MOD_UNDER_OCC,1022.9187
Rouen,76640,Saint-Pierre-lès-Elbeuf,2016,VSEV_UNDER_OCC,807.30348
Grenoble,38068,Champagnier,2016,MOD_OVER_OCC,5.0
Rouen,76020,Anneville-Ambourville,2016,MOD_UNDER_OCC,90.52941
Grenoble,38364,Saint-Barthélemy-de-Séchilienne,2016,MOD_OVER_OCC,0.0
Rouen,76020,Anneville-Ambourville,2016,SEV_OVER_OCC,0.0
Rouen,76617,Saint-Martin-du-Vivier,2016,MOD_OVER_OCC,4.94437
Montpellier,34227,Restinclières,2016,SEV_OVER_OCC,0.0
Montpellier,34227,Restinclières,2016,MOD_OVER_OCC,10.42525
Rouen,76759,Yville-sur-Seine,2016,STD_OCC,10.0
Grenoble,38068,Champagnier,2016,SEV_UNDER_OCC,140.0
Grenoble,38271,Murianette,2016,STD_OCC,45.59908
Saint-Etienne,42097,La Fouillouse,2016,STD_OCC,251.5799
Grenoble,38068,Champagnier,2016,SEV_OVER_OCC,0.0
Rouen,76759,Yville-sur-Seine,2016,SEV_OVER_OCC,5.0
Rouen,76640,Saint-Pierre-lès-Elbeuf,2016,STD_OCC,586.67396
Rouen,76759,Yville-sur-Seine,2016,MOD_UNDER_OCC,45.0
Rennes,35065,La Chapelle-Thouarault,2016,MOD_UNDER_OCC,214.6156
Saint-Etienne,42005,Andrézieux-Bouthéon,2016,SEV_OVER_OCC,5.09562
Saint-Etienne,42097,La Fouillouse,2016,SEV_OVER_OCC,0.0
Rennes,35065,La Chapelle-Thouarault,2016,SEV_OVER_OCC,0.0
Rouen,76617,Saint-Martin-du-Vivier,2016,STD_OCC,25.26852
Grenoble,38068,Champagnier,2016,VSEV_UNDER_OCC,210.0
Rennes,35058,La Chapelle-Chaussée,2016,MOD_OVER_OCC,9.92919
Rennes,35065,La Chapelle-Thouarault,2016,SEV_UNDER_OCC,194.14787
Grenoble,38317,Le Pont-de-Claix,2016,STD_OCC,1284.54495
Grenoble,38271,Murianette,2016,SEV_OVER_OCC,0.0
Grenoble,38271,Murianette,2016,MOD_UNDER_OCC,69.94922
Saint-Etienne,42005,Andrézieux-Bouthéon,2016,STD_OCC,881.5416
Rouen,76640,Saint-Pierre-lès-Elbeuf,2016,MOD_OVER_OCC,125.35768
Grenoble,38068,Champagnier,2016,STD_OCC,65.0
Grenoble,38364,Saint-Barthélemy-de-Séchilienne,2016,SEV_OVER_OCC,0.0
Rennes,35058,La Chapelle-Chaussée,2016,SEV_OVER_OCC,4.96459
Saint-Etienne,42210,Sainte-Croix-en-Jarez,2016,SEV_OVER_OCC,0.0
Rennes,35204,Nouvoitou,2016,MOD_UNDER_OCC,184.84493
Rouen,76498,Le Petit-Quevilly,2016,MOD_OVER_OCC,594.48108
Saint-Etienne,42206,Saint-Bonnet-les-Oules,2016,SEV_UNDER_OCC,195.0
Saint-Etienne,42225,Genilac,2016,SEV_UNDER_OCC,475.0
Montpellier,34217,Prades-le-Lez,2016,VSEV_UNDER_OCC,475.0
Rennes,35353,Vezin-le-Coquet,2016,MOD_OVER_OCC,35.0
Rennes,35204,Nouvoitou,2016,VSEV_UNDER_OCC,501.02706
Grenoble,38529,Vaulnaveys-le-Haut,2016,MOD_UNDER_OCC,295.0
Saint-Etienne,42206,Saint-Bonnet-les-Oules,2016,MOD_OVER_OCC,0.0
Rennes,35079,Chevaigné,2016,MOD_OVER_OCC,5.21323
Montpellier,34217,Prades-le-Lez,2016,STD_OCC,515.0
Rennes,35353,Vezin-le-Coquet,2016,VSEV_UNDER_OCC,750.0
Rennes,35204,Nouvoitou,2016,SEV_OVER_OCC,4.86434
Rouen,76498,Le Petit-Quevilly,2016,SEV_OVER_OCC,62.99314
Saint-Etienne,42095,Firminy,2016,VSEV_UNDER_OCC,1086.81104
Grenoble,38169,Fontaine,2016,VSEV_UNDER_OCC,909.00888
Rouen,76410,Maromme,2016,MOD_OVER_OCC,424.90169
Saint-Etienne,42225,Genilac,2016,MOD_UNDER_OCC,390.0
Saint-Etienne,42275,Saint-Priest-en-Jarez,2016,MOD_UNDER_OCC,892.85398
Montpellier,34217,Prades-le-Lez,2016,MOD_OVER_OCC,130.0
Grenoble,38169,Fontaine,2016,MOD_OVER_OCC,792.48851
Rouen,76498,Le Petit-Quevilly,2016,STD_OCC,2624.8514
Rouen,76717,Val-de-la-Haye,2016,MOD_OVER_OCC,9.92958
Rennes,35079,Chevaigné,2016,STD_OCC,94.33361
Saint-Etienne,42320,Valfleury,2016,SEV_OVER_OCC,0.0
Rennes,35139,Laillé,2016,VSEV_UNDER_OCC,795.86571
Saint-Etienne,42206,Saint-Bonnet-les-Oules,2016,VSEV_UNDER_OCC,305.0
Saint-Etienne,42206,Saint-Bonnet-les-Oules,2016,MOD_UNDER_OCC,65.0
Saint-Etienne,42320,Valfleury,2016,STD_OCC,35.12361
Rouen,76709,Le Trait,2016,SEV_UNDER_OCC,575.0865
Saint-Etienne,42225,Genilac,2016,VSEV_UNDER_OCC,410.0
Grenoble,38529,Vaulnaveys-le-Haut,2016,STD_OCC,245.0
Rouen,76709,Le Trait,2016,STD_OCC,361.33754
Saint-Etienne,42133,Marcenod,2016,MOD_UNDER_OCC,70.96166
Grenoble,38529,Vaulnaveys-le-Haut,2016,SEV_UNDER_OCC,385.0
Saint-Etienne,42210,Sainte-Croix-en-Jarez,2016,STD_OCC,15.14035
Saint-Etienne,42133,Marcenod,2016,SEV_UNDER_OCC,65.76862
Saint-Etienne,42275,Saint-Priest-en-Jarez,2016,MOD_OVER_OCC,65.20844
Rennes,35204,Nouvoitou,2016,SEV_UNDER_OCC,316.18212
Saint-Etienne,42210,Sainte-Croix-en-Jarez,2016,MOD_OVER_OCC,0.0
Rouen,76717,Val-de-la-Haye,2016,MOD_UNDER_OCC,54.61268
Saint-Etienne,42095,Firminy,2016,SEV_OVER_OCC,32.77196
Saint-Etienne,42183,La Ricamarie,2016,SEV_UNDER_OCC,715.19966
Saint-Etienne,42210,Sainte-Croix-en-Jarez,2016,VSEV_UNDER_OCC,45.16383
Grenoble,38252,Montchaboud,2016,MOD_UNDER_OCC,20.58997
Rouen,76709,Le Trait,2016,MOD_UNDER_OCC,783.74621
Rouen,76410,Maromme,2016,SEV_OVER_OCC,26.2929
Rouen,76709,Le Trait,2016,SEV_OVER_OCC,0.0
Grenoble,38252,Montchaboud,2016,SEV_UNDER_OCC,20.58997
Saint-Etienne,42206,Saint-Bonnet-les-Oules,2016,SEV_OVER_OCC,0.0
Rouen,76498,Le Petit-Quevilly,2016,SEV_UNDER_OCC,1962.0077
Saint-Etienne,42133,Marcenod,2016,VSEV_UNDER_OCC,65.59759
Saint-Etienne,42183,La Ricamarie,2016,SEV_OVER_OCC,30.25221
Rouen,76222,Duclair,2016,STD_OCC,294.5403
Rouen,76709,Le Trait,2016,VSEV_UNDER_OCC,452.94424
Saint-Etienne,42320,Valfleury,2016,MOD_UNDER_OCC,75.20189
Rouen,76498,Le Petit-Quevilly,2016,VSEV_UNDER_OCC,1319.31559
Rennes,35353,Vezin-le-Coquet,2016,SEV_OVER_OCC,5.0
Rouen,76717,Val-de-la-Haye,2016,VSEV_UNDER_OCC,143.97887
Rouen,76410,Maromme,2016,MOD_UNDER_OCC,1701.26122
Saint-Etienne,42206,Saint-Bonnet-les-Oules,2016,STD_OCC,50.0
Saint-Etienne,42275,Saint-Priest-en-Jarez,2016,VSEV_UNDER_OCC,561.79576
Rouen,76498,Le Petit-Quevilly,2016,MOD_UNDER_OCC,3243.98027
Rouen,76222,Duclair,2016,SEV_UNDER_OCC,460.49107
Rennes,35353,Vezin-le-Coquet,2016,STD_OCC,435.0
Rouen,76717,Val-de-la-Haye,2016,SEV_UNDER_OCC,69.50704
Rouen,76410,Maromme,2016,VSEV_UNDER_OCC,562.49604
Rennes,35079,Chevaigné,2016,SEV_UNDER_OCC,224.40075
Grenoble,38169,Fontaine,2016,SEV_UNDER_OCC,2101.92385
Saint-Etienne,42210,Sainte-Croix-en-Jarez,2016,MOD_UNDER_OCC,50.33728
Saint-Etienne,42183,La Ricamarie,2016,MOD_OVER_OCC,235.19134
Saint-Etienne,42133,Marcenod,2016,MOD_OVER_OCC,5.19411
Montpellier,34217,Prades-le-Lez,2016,MOD_UNDER_OCC,600.0
Grenoble,38252,Montchaboud,2016,VSEV_UNDER_OCC,87.50737
Saint-Etienne,42225,Genilac,2016,MOD_OVER_OCC,20.0
Saint-Etienne,42095,Firminy,2016,MOD_OVER_OCC,323.55062
Rennes,35353,Vezin-le-Coquet,2016,SEV_UNDER_OCC,340.0
Grenoble,38169,Fontaine,2016,MOD_UNDER_OCC,3589.41405
Rennes,35139,Laillé,2016,MOD_UNDER_OCC,338.66847
Saint-Etienne,42095,Firminy,2016,MOD_UNDER_OCC,2824.66942
Rennes,35139,Laillé,2016,SEV_UNDER_OCC,525.73477
Rouen,76222,Duclair,2016,VSEV_UNDER_OCC,530.16606
Saint-Etienne,42275,Saint-Priest-en-Jarez,2016,SEV_UNDER_OCC,682.18057
Saint-Etienne,42320,Valfleury,2016,VSEV_UNDER_OCC,65.45111
Saint-Etienne,42095,Firminy,2016,STD_OCC,1974.8337
Grenoble,38169,Fontaine,2016,SEV_OVER_OCC,55.37468
Rouen,76410,Maromme,2016,STD_OCC,1447.13157
Rouen,76222,Duclair,2016,MOD_UNDER_OCC,479.79022
Grenoble,38529,Vaulnaveys-le-Haut,2016,MOD_OVER_OCC,120.0
Rennes,35204,Nouvoitou,2016,MOD_OVER_OCC,58.37208
Grenoble,38529,Vaulnaveys-le-Haut,2016,VSEV_UNDER_OCC,525.0
Rennes,35079,Chevaigné,2016,VSEV_UNDER_OCC,355.84215
Grenoble,38252,Montchaboud,2016,SEV_OVER_OCC,0.0
Rennes,35079,Chevaigné,2016,MOD_UNDER_OCC,156.80317
Saint-Etienne,42225,Genilac,2016,SEV_OVER_OCC,10.0
Montpellier,34217,Prades-le-Lez,2016,SEV_OVER_OCC,5.0
Rennes,35079,Chevaigné,2016,SEV_OVER_OCC,0.0
Grenoble,38529,Vaulnaveys-le-Haut,2016,SEV_OVER_OCC,0.0
Saint-Etienne,42275,Saint-Priest-en-Jarez,2016,SEV_OVER_OCC,5.01603
Rouen,76222,Duclair,2016,MOD_OVER_OCC,65.08793
Rennes,35139,Laillé,2016,STD_OCC,301.344
Saint-Etienne,42133,Marcenod,2016,STD_OCC,35.37437
Saint-Etienne,42210,Sainte-Croix-en-Jarez,2016,SEV_UNDER_OCC,70.39348
Rennes,35353,Vezin-le-Coquet,2016,MOD_UNDER_OCC,475.0
Grenoble,38252,Montchaboud,2016,MOD_OVER_OCC,0.0
Rennes,35204,Nouvoitou,2016,STD_OCC,121.60851
Rouen,76717,Val-de-la-Haye,2016,SEV_OVER_OCC,0.0
Saint-Etienne,42320,Valfleury,2016,MOD_OVER_OCC,4.97509
Saint-Etienne,42275,Saint-Priest-en-Jarez,2016,STD_OCC,521.6675
Saint-Etienne,42183,La Ricamarie,2016,VSEV_UNDER_OCC,275.7231
Saint-Etienne,42225,Genilac,2016,STD_OCC,150.0
Grenoble,38252,Montchaboud,2016,STD_OCC,5.14749
Rouen,76709,Le Trait,2016,MOD_OVER_OCC,162.85635
Saint-Etienne,42320,Valfleury,2016,SEV_UNDER_OCC,60.19766
Grenoble,38169,Fontaine,2016,STD_OCC,2832.09389
Saint-Etienne,42183,La Ricamarie,2016,MOD_UNDER_OCC,1269.61179
Rennes,35139,Laillé,2016,SEV_OVER_OCC,4.99756
Rouen,76410,Maromme,2016,SEV_UNDER_OCC,1061.86529
Rouen,76222,Duclair,2016,SEV_OVER_OCC,4.94303
Saint-Etienne,42095,Firminy,2016,SEV_UNDER_OCC,1816.22964
Saint-Etienne,42183,La Ricamarie,2016,STD_OCC,815.99477
Rouen,76717,Val-de-la-Haye,2016,STD_OCC,19.85915
Montpellier,34217,Prades-le-Lez,2016,SEV_UNDER_OCC,520.0
Saint-Etienne,42133,Marcenod,2016,SEV_OVER_OCC,0.0
Rennes,35139,Laillé,2016,MOD_OVER_OCC,15.44265
Rouen,76540,Rouen,2016,STD_OCC,20949.17767
Montpellier,34022,Baillargues,2016,VSEV_UNDER_OCC,735.44654
Rouen,76750,Yainville,2016,MOD_OVER_OCC,5.1551
Saint-Etienne,42266,Saint-Nizier-de-Fornas,2016,VSEV_UNDER_OCC,100.41515
Grenoble,38170,Fontanil-Cornillon,2011,MOD_UNDER_OCC,363.85186
Rouen,76282,Freneuse,2011,VSEV_UNDER_OCC,188.29333
Montpellier,34058,Castries,2011,MOD_UNDER_OCC,544.14674
Montpellier,34027,Beaulieu,2011,SEV_UNDER_OCC,146.79104
Saint-Etienne,42036,Chagnon,2011,MOD_OVER_OCC,0.0
Grenoble,38382,Saint-Égrève,2011,MOD_UNDER_OCC,1969.96171
Grenoble,38471,Le Sappey-en-Chartreuse,2011,MOD_OVER_OCC,20.4116
Grenoble,38471,Le Sappey-en-Chartreuse,2011,STD_OCC,44.90552
Rouen,76608,Sainte-Marguerite-sur-Duclair,2011,SEV_UNDER_OCC,250.32593
Rennes,35334,Thorigné-Fouillard,2011,SEV_OVER_OCC,3.95285
Montpellier,34058,Castries,2011,SEV_UNDER_OCC,630.27068
Rouen,76103,Bonsecours,2011,SEV_OVER_OCC,16.0
Grenoble,38471,Le Sappey-en-Chartreuse,2011,VSEV_UNDER_OCC,159.21048
Rouen,76608,Sainte-Marguerite-sur-Duclair,2011,STD_OCC,94.38519
Grenoble,38111,Claix,2011,MOD_UNDER_OCC,599.92502
Rennes,35081,Clayes,2011,SEV_UNDER_OCC,59.46903
Montpellier,34295,Saussan,2011,STD_OCC,100.68353
Grenoble,38111,Claix,2011,MOD_OVER_OCC,68.54829
Montpellier,34134,Lavérune,2011,MOD_OVER_OCC,31.64056
Rouen,76608,Sainte-Marguerite-sur-Duclair,2011,MOD_UNDER_OCC,131.31852
Saint-Etienne,42036,Chagnon,2011,SEV_UNDER_OCC,68.0
Grenoble,38170,Fontanil-Cornillon,2011,MOD_OVER_OCC,27.92196
Saint-Etienne,42036,Chagnon,2011,STD_OCC,28.0
Saint-Etienne,42308,La Terrasse-sur-Dorlay,2011,SEV_UNDER_OCC,86.08895
Grenoble,38382,Saint-Égrève,2011,SEV_OVER_OCC,20.32346
Grenoble,38382,Saint-Égrève,2011,SEV_UNDER_OCC,1747.18118
Rennes,35081,Clayes,2011,STD_OCC,3.9646
Rennes,35334,Thorigné-Fouillard,2011,STD_OCC,278.5193
Saint-Etienne,42100,La Gimond,2011,VSEV_UNDER_OCC,37.45588
Saint-Etienne,42242,Saint-Joseph,2011,MOD_UNDER_OCC,180.80376
Montpellier,34295,Saussan,2011,MOD_OVER_OCC,12.08202
Montpellier,34295,Saussan,2011,SEV_OVER_OCC,0.0
Rennes,35334,Thorigné-Fouillard,2011,MOD_OVER_OCC,20.87325
Rouen,76103,Bonsecours,2011,STD_OCC,440.0
Montpellier,34134,Lavérune,2011,VSEV_UNDER_OCC,305.50119
Grenoble,38170,Fontanil-Cornillon,2011,STD_OCC,183.99473
Rennes,35081,Clayes,2011,SEV_OVER_OCC,0.0
Saint-Etienne,42308,La Terrasse-sur-Dorlay,2011,VSEV_UNDER_OCC,90.18843
Montpellier,34027,Beaulieu,2011,MOD_OVER_OCC,16.31012
Grenoble,38471,Le Sappey-en-Chartreuse,2011,SEV_UNDER_OCC,81.6464
Rouen,76282,Freneuse,2011,SEV_OVER_OCC,0.0
Saint-Etienne,42036,Chagnon,2011,VSEV_UNDER_OCC,44.0
Montpellier,34058,Castries,2011,STD_OCC,434.53444
Grenoble,38170,Fontanil-Cornillon,2011,SEV_OVER_OCC,3.87102
Grenoble,38111,Claix,2011,SEV_UNDER_OCC,776.3862
Saint-Etienne,42100,La Gimond,2011,SEV_UNDER_OCC,24.97059
Rouen,76608,Sainte-Marguerite-sur-Duclair,2011,SEV_OVER_OCC,0.0
Grenoble,38382,Saint-Égrève,2011,VSEV_UNDER_OCC,1377.09844
Saint-Etienne,42100,La Gimond,2011,MOD_UNDER_OCC,33.29412
Rennes,35081,Clayes,2011,MOD_UNDER_OCC,47.57522
Rouen,76282,Freneuse,2011,MOD_UNDER_OCC,81.86667
Saint-Etienne,42036,Chagnon,2011,SEV_OVER_OCC,4.0
Saint-Etienne,42308,La Terrasse-sur-Dorlay,2011,STD_OCC,61.39457
Montpellier,34295,Saussan,2011,MOD_UNDER_OCC,149.01162
Grenoble,38471,Le Sappey-en-Chartreuse,2011,SEV_OVER_OCC,12.24696
Montpellier,34134,Lavérune,2011,SEV_UNDER_OCC,259.75518
Saint-Etienne,42036,Chagnon,2011,MOD_UNDER_OCC,40.0
Rouen,76103,Bonsecours,2011,VSEV_UNDER_OCC,860.0
Saint-Etienne,42308,La Terrasse-sur-Dorlay,2011,MOD_UNDER_OCC,69.69106
Montpellier,34134,Lavérune,2011,STD_OCC,208.20816
Rouen,76282,Freneuse,2011,MOD_OVER_OCC,0.0
Grenoble,38111,Claix,2011,SEV_OVER_OCC,0.0
Saint-Etienne,42242,Saint-Joseph,2011,VSEV_UNDER_OCC,179.75865
Montpellier,34295,Saussan,2011,VSEV_UNDER_OCC,181.23035
Grenoble,38111,Claix,2011,STD_OCC,435.52829
Montpellier,34058,Castries,2011,VSEV_UNDER_OCC,669.41793
Montpellier,34295,Saussan,2011,SEV_UNDER_OCC,128.87491
Rennes,35081,Clayes,2011,MOD_OVER_OCC,0.0
Grenoble,38170,Fontanil-Cornillon,2011,SEV_UNDER_OCC,272.58313
Saint-Etienne,42308,La Terrasse-sur-Dorlay,2011,MOD_OVER_OCC,8.19895
Montpellier,34027,Beaulieu,2011,MOD_UNDER_OCC,122.32586
Rennes,35334,Thorigné-Fouillard,2011,VSEV_UNDER_OCC,1367.77145
Grenoble,38170,Fontanil-Cornillon,2011,VSEV_UNDER_OCC,252.66009
Rouen,76103,Bonsecours,2011,MOD_UNDER_OCC,812.0
Grenoble,38382,Saint-Égrève,2011,MOD_OVER_OCC,263.34612
Rennes,35334,Thorigné-Fouillard,2011,MOD_UNDER_OCC,538.48032
Saint-Etienne,42100,La Gimond,2011,STD_OCC,4.16176
Grenoble,38471,Le Sappey-en-Chartreuse,2011,MOD_UNDER_OCC,93.89336
Saint-Etienne,42308,La Terrasse-sur-Dorlay,2011,SEV_OVER_OCC,4.09947
Rouen,76103,Bonsecours,2011,MOD_OVER_OCC,136.0
Montpellier,34027,Beaulieu,2011,SEV_OVER_OCC,4.07753
Saint-Etienne,42100,La Gimond,2011,MOD_OVER_OCC,0.0
Montpellier,34134,Lavérune,2011,MOD_UNDER_OCC,320.18655
Montpellier,34058,Castries,2011,MOD_OVER_OCC,93.95339
Saint-Etienne,42242,Saint-Joseph,2011,MOD_OVER_OCC,4.18043
Saint-Etienne,42242,Saint-Joseph,2011,SEV_OVER_OCC,0.0
Rouen,76103,Bonsecours,2011,SEV_UNDER_OCC,744.0
Montpellier,34058,Castries,2011,SEV_OVER_OCC,3.91472
Grenoble,38111,Claix,2011,VSEV_UNDER_OCC,1060.2789
Saint-Etienne,42100,La Gimond,2011,SEV_OVER_OCC,0.0
Rouen,76608,Sainte-Marguerite-sur-Duclair,2011,VSEV_UNDER_OCC,225.7037
Rennes,35334,Thorigné-Fouillard,2011,SEV_UNDER_OCC,535.79696
Rouen,76608,Sainte-Marguerite-sur-Duclair,2011,MOD_OVER_OCC,8.20741
Rennes,35081,Clayes,2011,VSEV_UNDER_OCC,122.90265
Saint-Etienne,42207,Saint-Chamond,2011,MOD_UNDER_OCC,5074.3616
Montpellier,34164,Montaud,2011,VSEV_UNDER_OCC,93.87337
Rennes,35076,Chavagne,2011,STD_OCC,197.08463
Saint-Etienne,42044,Le Chambon-Feugerolles,2011,MOD_OVER_OCC,254.75699
Grenoble,38229,Meylan,2011,MOD_OVER_OCC,651.48881
Rennes,35076,Chavagne,2011,MOD_UNDER_OCC,301.66015
Saint-Etienne,42053,Châteauneuf,2011,SEV_OVER_OCC,0.0
Montpellier,34164,Montaud,2011,MOD_OVER_OCC,11.73417
Grenoble,38229,Meylan,2011,VSEV_UNDER_OCC,1964.31016
Rennes,35076,Chavagne,2011,SEV_OVER_OCC,0.0
Montpellier,34116,Grabels,2011,MOD_OVER_OCC,588.0
Montpellier,34164,Montaud,2011,SEV_OVER_OCC,0.0
Saint-Etienne,42044,Le Chambon-Feugerolles,2011,SEV_UNDER_OCC,1129.84829
Saint-Etienne,42044,Le Chambon-Feugerolles,2011,SEV_OVER_OCC,24.42043
Grenoble,38478,Séchilienne,2011,MOD_OVER_OCC,0.0
Saint-Etienne,42207,Saint-Chamond,2011,STD_OCC,3864.756
Rouen,76273,Fontaine-sous-Préaux,2011,VSEV_UNDER_OCC,72.56471
Rouen,76273,Fontaine-sous-Préaux,2011,MOD_UNDER_OCC,44.3451
Grenoble,38229,Meylan,2011,STD_OCC,1444.04839
Montpellier,34116,Grabels,2011,VSEV_UNDER_OCC,748.0
Saint-Etienne,42053,Châteauneuf,2011,SEV_UNDER_OCC,169.84717
Montpellier,34116,Grabels,2011,SEV_UNDER_OCC,432.0
Grenoble,38478,Séchilienne,2011,MOD_UNDER_OCC,112.0
Grenoble,38478,Séchilienne,2011,SEV_UNDER_OCC,104.0
Saint-Etienne,42207,Saint-Chamond,2011,MOD_OVER_OCC,654.215
Saint-Etienne,42207,Saint-Chamond,2011,SEV_OVER_OCC,99.27793
Rennes,35076,Chavagne,2011,SEV_UNDER_OCC,374.05859
Montpellier,34116,Grabels,2011,MOD_UNDER_OCC,584.0
Grenoble,38478,Séchilienne,2011,VSEV_UNDER_OCC,108.0
Rouen,76273,Fontaine-sous-Préaux,2011,SEV_UNDER_OCC,64.50196
Montpellier,34116,Grabels,2011,SEV_OVER_OCC,32.0
Saint-Etienne,42053,Châteauneuf,2011,STD_OCC,55.29908
Saint-Etienne,42053,Châteauneuf,2011,VSEV_UNDER_OCC,225.14625
Montpellier,34116,Grabels,2011,STD_OCC,612.0
Grenoble,38229,Meylan,2011,SEV_OVER_OCC,35.24772
Saint-Etienne,42053,Châteauneuf,2011,MOD_UNDER_OCC,114.54809
Montpellier,34164,Montaud,2011,STD_OCC,46.93669
Saint-Etienne,42044,Le Chambon-Feugerolles,2011,VSEV_UNDER_OCC,757.40086
Grenoble,38229,Meylan,2011,MOD_UNDER_OCC,2037.47108
Rennes,35076,Chavagne,2011,VSEV_UNDER_OCC,575.16535
Rouen,76273,Fontaine-sous-Préaux,2011,STD_OCC,8.06275
Rennes,35076,Chavagne,2011,MOD_OVER_OCC,32.17708
Montpellier,34164,Montaud,2011,MOD_UNDER_OCC,121.2531
Saint-Etienne,42207,Saint-Chamond,2011,VSEV_UNDER_OCC,2268.43852
Grenoble,38478,Séchilienne,2011,STD_OCC,56.0
Grenoble,38229,Meylan,2011,SEV_UNDER_OCC,1881.57627
Rouen,76273,Fontaine-sous-Préaux,2011,SEV_OVER_OCC,0.0
Rouen,76273,Fontaine-sous-Préaux,2011,MOD_OVER_OCC,0.0
Saint-Etienne,42207,Saint-Chamond,2011,SEV_UNDER_OCC,3402.04182
Montpellier,34164,Montaud,2011,SEV_UNDER_OCC,82.1392
Saint-Etienne,42053,Châteauneuf,2011,MOD_OVER_OCC,3.94993
Grenoble,38478,Séchilienne,2011,SEV_OVER_OCC,0.0
Saint-Etienne,42044,Le Chambon-Feugerolles,2011,STD_OCC,1143.69943
Saint-Etienne,42044,Le Chambon-Feugerolles,2011,MOD_UNDER_OCC,1788.584
Grenoble,38325,Proveysieux,2011,SEV_OVER_OCC,0.0
Rouen,76575,Saint-Étienne-du-Rouvray,2011,MOD_UNDER_OCC,3064.56765
Saint-Etienne,42305,La Talaudière,2011,VSEV_UNDER_OCC,532.56318
Rennes,35032,Bourgbarré,2011,STD_OCC,140.63366
Rouen,76558,Saint-Aubin-Celloville,2011,SEV_OVER_OCC,0.0
Grenoble,38325,Proveysieux,2011,MOD_OVER_OCC,0.0
Saint-Etienne,42316,Unieux,2011,SEV_UNDER_OCC,950.89246
Saint-Etienne,42305,La Talaudière,2011,SEV_UNDER_OCC,782.94736
Rennes,35196,Mordelles,2011,SEV_OVER_OCC,0.0
Saint-Etienne,42186,Rive-de-Gier,2011,VSEV_UNDER_OCC,576.34144
Montpellier,34337,Villeneuve-lès-Maguelone,2011,MOD_OVER_OCC,188.0062
Montpellier,34337,Villeneuve-lès-Maguelone,2011,SEV_UNDER_OCC,996.74852
Grenoble,38472,Sarcenas,2011,VSEV_UNDER_OCC,36.73096
Grenoble,38309,Poisat,2011,MOD_OVER_OCC,32.56229
Rennes,35281,Saint-Jacques-de-la-Lande,2011,MOD_UNDER_OCC,1480.0
Rouen,76319,Grand-Couronne,2011,SEV_UNDER_OCC,996.0
Grenoble,38188,Herbeys,2011,SEV_OVER_OCC,4.02086
Rennes,35196,Mordelles,2011,MOD_UNDER_OCC,784.0
Saint-Etienne,42085,Doizieux,2011,VSEV_UNDER_OCC,88.0
Saint-Etienne,42311,La Tour-en-Jarez,2011,MOD_UNDER_OCC,133.00999
Rennes,35196,Mordelles,2011,MOD_OVER_OCC,60.0
Rennes,35032,Bourgbarré,2011,SEV_OVER_OCC,7.60182
Saint-Etienne,42186,Rive-de-Gier,2011,SEV_OVER_OCC,46.12031
Montpellier,34259,Saint-Georges-d'Orques,2011,MOD_OVER_OCC,89.00798
Grenoble,38158,Eybens,2011,SEV_OVER_OCC,31.50032
Grenoble,38325,Proveysieux,2011,STD_OCC,12.2126
Saint-Etienne,42092,L'Étrat,2011,MOD_UNDER_OCC,262.58493
Grenoble,38188,Herbeys,2011,STD_OCC,48.25037
Grenoble,38309,Poisat,2011,SEV_UNDER_OCC,192.26009
Saint-Etienne,42311,La Tour-en-Jarez,2011,SEV_UNDER_OCC,91.20685
Grenoble,38279,Notre-Dame-de-Mésage,2011,SEV_OVER_OCC,0.0
Rouen,76005,Amfreville-la-Mi-Voie,2011,STD_OCC,349.90763
Montpellier,34256,Saint-Geniès-des-Mourgues,2011,MOD_OVER_OCC,0.0
Montpellier,34129,Lattes,2011,MOD_UNDER_OCC,1709.65239
Grenoble,38325,Proveysieux,2011,VSEV_UNDER_OCC,101.77165
Montpellier,34129,Lattes,2011,VSEV_UNDER_OCC,1586.72293
Grenoble,38445,Saint-Pierre-de-Mésage,2011,SEV_OVER_OCC,0.0
Montpellier,34087,Cournonsec,2011,SEV_OVER_OCC,3.76817
Montpellier,34087,Cournonsec,2011,MOD_UNDER_OCC,248.69899
Saint-Etienne,42311,La Tour-en-Jarez,2011,STD_OCC,34.20257
Montpellier,34129,Lattes,2011,STD_OCC,1885.25807
Rouen,76575,Saint-Étienne-du-Rouvray,2011,SEV_UNDER_OCC,2859.84448
Grenoble,38059,Brié-et-Angonnes,2011,VSEV_UNDER_OCC,464.0
Grenoble,38472,Sarcenas,2011,MOD_UNDER_OCC,16.32487
Saint-Etienne,42316,Unieux,2011,MOD_UNDER_OCC,1163.9555
Grenoble,38281,Noyarey,2011,VSEV_UNDER_OCC,214.8377
Montpellier,34057,Castelnau-le-Lez,2011,STD_OCC,1308.57323
Saint-Etienne,42092,L'Étrat,2011,MOD_OVER_OCC,36.50396
Saint-Etienne,42316,Unieux,2011,VSEV_UNDER_OCC,643.13474
Saint-Etienne,42092,L'Étrat,2011,VSEV_UNDER_OCC,483.49802
Montpellier,34129,Lattes,2011,SEV_UNDER_OCC,1504.0371
Rouen,76005,Amfreville-la-Mi-Voie,2011,VSEV_UNDER_OCC,242.01944
Rennes,35196,Mordelles,2011,VSEV_UNDER_OCC,949.0
Grenoble,38445,Saint-Pierre-de-Mésage,2011,MOD_UNDER_OCC,58.70794
Montpellier,34087,Cournonsec,2011,SEV_UNDER_OCC,278.84433
Rennes,35032,Bourgbarré,2011,SEV_UNDER_OCC,311.67461
Grenoble,38188,Herbeys,2011,VSEV_UNDER_OCC,273.41878
Grenoble,38279,Notre-Dame-de-Mésage,2011,MOD_OVER_OCC,0.0
Rouen,76319,Grand-Couronne,2011,STD_OCC,760.0
Grenoble,38059,Brié-et-Angonnes,2011,SEV_OVER_OCC,0.0
Grenoble,38188,Herbeys,2011,MOD_UNDER_OCC,104.54247
Saint-Etienne,42311,La Tour-en-Jarez,2011,VSEV_UNDER_OCC,224.21684
Grenoble,38309,Poisat,2011,STD_OCC,119.52685
Rennes,35032,Bourgbarré,2011,VSEV_UNDER_OCC,482.71555
Grenoble,38309,Poisat,2011,SEV_OVER_OCC,0.0
Saint-Etienne,42085,Doizieux,2011,MOD_UNDER_OCC,92.0
Grenoble,38281,Noyarey,2011,SEV_OVER_OCC,3.97848
Montpellier,34057,Castelnau-le-Lez,2011,VSEV_UNDER_OCC,1894.5682
Grenoble,38158,Eybens,2011,MOD_OVER_OCC,241.71311
Rennes,35281,Saint-Jacques-de-la-Lande,2011,SEV_OVER_OCC,8.0
Grenoble,38279,Notre-Dame-de-Mésage,2011,STD_OCC,51.78423
Grenoble,38445,Saint-Pierre-de-Mésage,2011,STD_OCC,27.39704
Grenoble,38279,Notre-Dame-de-Mésage,2011,VSEV_UNDER_OCC,175.26971
Grenoble,38540,Veurey-Voroize,2011,STD_OCC,71.37662
Rouen,76558,Saint-Aubin-Celloville,2011,SEV_UNDER_OCC,115.28046
Grenoble,38325,Proveysieux,2011,SEV_UNDER_OCC,40.70866
Grenoble,38059,Brié-et-Angonnes,2011,STD_OCC,84.0
Rouen,76319,Grand-Couronne,2011,MOD_OVER_OCC,192.0
Grenoble,38309,Poisat,2011,VSEV_UNDER_OCC,348.03232
Grenoble,38188,Herbeys,2011,SEV_UNDER_OCC,96.50075
Grenoble,38281,Noyarey,2011,MOD_UNDER_OCC,222.79465
Montpellier,34256,Saint-Geniès-des-Mourgues,2011,SEV_OVER_OCC,0.0
Saint-Etienne,42186,Rive-de-Gier,2011,MOD_OVER_OCC,370.29609
Montpellier,34259,Saint-Georges-d'Orques,2011,SEV_UNDER_OCC,526.71547
Grenoble,38540,Veurey-Voroize,2011,SEV_UNDER_OCC,118.96104
Grenoble,38281,Noyarey,2011,STD_OCC,159.13904
Montpellier,34087,Cournonsec,2011,STD_OCC,143.19033
Rennes,35196,Mordelles,2011,SEV_UNDER_OCC,612.0
Saint-Etienne,42085,Doizieux,2011,STD_OCC,40.0
Grenoble,38281,Noyarey,2011,SEV_UNDER_OCC,214.8377
Montpellier,34057,Castelnau-le-Lez,2011,MOD_UNDER_OCC,1427.87066
Rennes,35032,Bourgbarré,2011,MOD_OVER_OCC,22.80546
Grenoble,38158,Eybens,2011,VSEV_UNDER_OCC,628.20238
Grenoble,38158,Eybens,2011,STD_OCC,998.0771
Grenoble,38158,Eybens,2011,MOD_UNDER_OCC,1288.07513
Grenoble,38445,Saint-Pierre-de-Mésage,2011,MOD_OVER_OCC,7.82773
Rennes,35281,Saint-Jacques-de-la-Lande,2011,SEV_UNDER_OCC,876.0
Rouen,76575,Saint-Étienne-du-Rouvray,2011,STD_OCC,2304.17142
Montpellier,34256,Saint-Geniès-des-Mourgues,2011,STD_OCC,80.79038
Saint-Etienne,42085,Doizieux,2011,SEV_UNDER_OCC,96.0
Saint-Etienne,42092,L'Étrat,2011,SEV_UNDER_OCC,196.84383
Rouen,76005,Amfreville-la-Mi-Voie,2011,MOD_UNDER_OCC,408.22556
Rennes,35281,Saint-Jacques-de-la-Lande,2011,MOD_OVER_OCC,296.0
Grenoble,38472,Sarcenas,2011,SEV_UNDER_OCC,16.32487
Saint-Etienne,42186,Rive-de-Gier,2011,MOD_UNDER_OCC,2210.83293
Rennes,35196,Mordelles,2011,STD_OCC,668.0
Saint-Etienne,42305,La Talaudière,2011,SEV_OVER_OCC,3.97435
Saint-Etienne,42311,La Tour-en-Jarez,2011,MOD_OVER_OCC,11.40086
Rouen,76005,Amfreville-la-Mi-Voie,2011,MOD_OVER_OCC,66.09366
Montpellier,34259,Saint-Georges-d'Orques,2011,STD_OCC,448.90647
Saint-Etienne,42186,Rive-de-Gier,2011,SEV_UNDER_OCC,1216.74832
Saint-Etienne,42092,L'Étrat,2011,SEV_OVER_OCC,0.0
Saint-Etienne,42316,Unieux,2011,SEV_OVER_OCC,15.78245
Grenoble,38309,Poisat,2011,MOD_UNDER_OCC,148.45447
Grenoble,38540,Veurey-Voroize,2011,VSEV_UNDER_OCC,210.1645
Rouen,76005,Amfreville-la-Mi-Voie,2011,SEV_OVER_OCC,7.77573
Montpellier,34337,Villeneuve-lès-Maguelone,2011,SEV_OVER_OCC,16.28972
Grenoble,38472,Sarcenas,2011,SEV_OVER_OCC,0.0
Grenoble,38059,Brié-et-Angonnes,2011,MOD_UNDER_OCC,168.0
Montpellier,34337,Villeneuve-lès-Maguelone,2011,VSEV_UNDER_OCC,613.52637
Grenoble,38445,Saint-Pierre-de-Mésage,2011,SEV_UNDER_OCC,117.41588
Grenoble,38472,Sarcenas,2011,STD_OCC,12.24365
Rennes,35281,Saint-Jacques-de-la-Lande,2011,STD_OCC,1480.0
Montpellier,34057,Castelnau-le-Lez,2011,SEV_OVER_OCC,34.50571
Rouen,76558,Saint-Aubin-Celloville,2011,VSEV_UNDER_OCC,119.25564
Montpellier,34256,Saint-Geniès-des-Mourgues,2011,SEV_UNDER_OCC,215.44102
Rennes,35281,Saint-Jacques-de-la-Lande,2011,VSEV_UNDER_OCC,804.0
Rouen,76558,Saint-Aubin-Celloville,2011,MOD_OVER_OCC,3.97519
Saint-Etienne,42085,Doizieux,2011,MOD_OVER_OCC,4.0
Grenoble,38279,Notre-Dame-de-Mésage,2011,SEV_UNDER_OCC,159.3361
Rouen,76558,Saint-Aubin-Celloville,2011,MOD_UNDER_OCC,67.5782
Montpellier,34057,Castelnau-le-Lez,2011,MOD_OVER_OCC,404.27147
Montpellier,34129,Lattes,2011,SEV_OVER_OCC,30.61274
Grenoble,38059,Brié-et-Angonnes,2011,SEV_UNDER_OCC,212.0
Montpellier,34256,Saint-Geniès-des-Mourgues,2011,MOD_UNDER_OCC,184.66373
Montpellier,34259,Saint-Georges-d'Orques,2011,MOD_UNDER_OCC,565.57222
Grenoble,38472,Sarcenas,2011,MOD_OVER_OCC,0.0
Grenoble,38279,Notre-Dame-de-Mésage,2011,MOD_UNDER_OCC,99.58506
Grenoble,38325,Proveysieux,2011,MOD_UNDER_OCC,61.06299
Rouen,76319,Grand-Couronne,2011,SEV_OVER_OCC,24.0
Rouen,76558,Saint-Aubin-Celloville,2011,STD_OCC,31.80151
Saint-Etienne,42305,La Talaudière,2011,MOD_OVER_OCC,51.66658
Saint-Etienne,42305,La Talaudière,2011,MOD_UNDER_OCC,759.10125
Rennes,35032,Bourgbarré,2011,MOD_UNDER_OCC,315.47552
Grenoble,38540,Veurey-Voroize,2011,MOD_OVER_OCC,11.8961
Saint-Etienne,42085,Doizieux,2011,SEV_OVER_OCC,0.0
Rouen,76575,Saint-Étienne-du-Rouvray,2011,MOD_OVER_OCC,1033.8242
Rouen,76575,Saint-Étienne-du-Rouvray,2011,SEV_OVER_OCC,133.59688
Montpellier,34259,Saint-Georges-d'Orques,2011,VSEV_UNDER_OCC,545.92961
Rouen,76005,Amfreville-la-Mi-Voie,2011,SEV_UNDER_OCC,283.81396
Montpellier,34259,Saint-Georges-d'Orques,2011,SEV_OVER_OCC,3.65625
Montpellier,34057,Castelnau-le-Lez,2011,SEV_UNDER_OCC,1574.67303
Grenoble,38281,Noyarey,2011,MOD_OVER_OCC,23.87086
Rouen,76319,Grand-Couronne,2011,VSEV_UNDER_OCC,916.0
Montpellier,34256,Saint-Geniès-des-Mourgues,2011,VSEV_UNDER_OCC,238.52399
Saint-Etienne,42092,L'Étrat,2011,STD_OCC,209.64155
Grenoble,38059,Brié-et-Angonnes,2011,MOD_OVER_OCC,12.0
Montpellier,34087,Cournonsec,2011,VSEV_UNDER_OCC,173.33566
Montpellier,34087,Cournonsec,2011,MOD_OVER_OCC,37.68167
Grenoble,38188,Herbeys,2011,MOD_OVER_OCC,8.04173
Rouen,76319,Grand-Couronne,2011,MOD_UNDER_OCC,992.0
Grenoble,38158,Eybens,2011,SEV_UNDER_OCC,873.45796
Montpellier,34337,Villeneuve-lès-Maguelone,2011,STD_OCC,749.33603
Saint-Etienne,42305,La Talaudière,2011,STD_OCC,476.92225
Saint-Etienne,42311,La Tour-en-Jarez,2011,SEV_OVER_OCC,0.0
Grenoble,38445,Saint-Pierre-de-Mésage,2011,VSEV_UNDER_OCC,82.19112
Montpellier,34129,Lattes,2011,MOD_OVER_OCC,511.55311
Grenoble,38540,Veurey-Voroize,2011,SEV_OVER_OCC,0.0
Montpellier,34337,Villeneuve-lès-Maguelone,2011,MOD_UNDER_OCC,907.28313
Rouen,76575,Saint-Étienne-du-Rouvray,2011,VSEV_UNDER_OCC,1859.41288
Saint-Etienne,42186,Rive-de-Gier,2011,STD_OCC,1762.21654
Saint-Etienne,42316,Unieux,2011,MOD_OVER_OCC,161.77009
Saint-Etienne,42316,Unieux,2011,STD_OCC,753.61187
Grenoble,38540,Veurey-Voroize,2011,MOD_UNDER_OCC,100.12554
Rennes,35278,Saint-Grégoire,2011,SEV_OVER_OCC,0.0
Grenoble,38421,Saint-Martin-d'Hères,2011,SEV_UNDER_OCC,2727.35368
Grenoble,38421,Saint-Martin-d'Hères,2011,STD_OCC,4376.39812
Montpellier,34095,Fabrègues,2011,VSEV_UNDER_OCC,600.0
Rouen,76178,Cléon,2011,VSEV_UNDER_OCC,428.71343
Rennes,35208,Orgères,2011,VSEV_UNDER_OCC,584.55846
Rouen,76178,Cléon,2011,MOD_UNDER_OCC,594.25624
Grenoble,38421,Saint-Martin-d'Hères,2011,MOD_OVER_OCC,2477.32409
Grenoble,38277,Notre-Dame-de-Commiers,2011,MOD_OVER_OCC,0.0
Montpellier,34095,Fabrègues,2011,SEV_UNDER_OCC,680.0
Rennes,35208,Orgères,2011,MOD_OVER_OCC,15.69284
Rennes,35208,Orgères,2011,STD_OCC,258.93194
Saint-Etienne,42302,Sorbiers,2011,MOD_OVER_OCC,39.30222
Rouen,76178,Cléon,2011,STD_OCC,505.11781
Rouen,76322,Le Grand-Quevilly,2011,SEV_OVER_OCC,24.24847
Rouen,76391,La Londe,2011,STD_OCC,55.92615
Grenoble,38421,Saint-Martin-d'Hères,2011,VSEV_UNDER_OCC,1118.52783
Grenoble,38277,Notre-Dame-de-Commiers,2011,STD_OCC,4.06087
Montpellier,34307,Sussargues,2011,STD_OCC,117.40705
Montpellier,34244,Saint-Brès,2011,VSEV_UNDER_OCC,284.0
Montpellier,34095,Fabrègues,2011,MOD_UNDER_OCC,676.0
Rouen,76391,La Londe,2011,SEV_UNDER_OCC,279.63077
Montpellier,34307,Sussargues,2011,VSEV_UNDER_OCC,338.09052
Montpellier,34244,Saint-Brès,2011,SEV_OVER_OCC,16.0
Rouen,76322,Le Grand-Quevilly,2011,VSEV_UNDER_OCC,1248.78646
Rouen,76367,Houppeville,2011,MOD_UNDER_OCC,131.07441
Saint-Etienne,42218,Saint-Étienne,2011,MOD_OVER_OCC,8738.08849
Rouen,76322,Le Grand-Quevilly,2011,SEV_UNDER_OCC,2898.22232
Rennes,35208,Orgères,2011,SEV_UNDER_OCC,380.55148
Grenoble,38277,Notre-Dame-de-Commiers,2011,SEV_OVER_OCC,0.0
Grenoble,38528,Vaulnaveys-le-Bas,2011,MOD_UNDER_OCC,121.70385
Rennes,35208,Orgères,2011,SEV_OVER_OCC,0.0
Saint-Etienne,42218,Saint-Étienne,2011,SEV_UNDER_OCC,15566.4792
Saint-Etienne,42270,Saint-Paul-en-Cornillon,2011,SEV_UNDER_OCC,112.88293
Grenoble,38277,Notre-Dame-de-Commiers,2011,VSEV_UNDER_OCC,73.09565
Rennes,35120,Gévezé,2011,MOD_OVER_OCC,36.46733
Saint-Etienne,42218,Saint-Étienne,2011,VSEV_UNDER_OCC,8596.87958
Grenoble,38421,Saint-Martin-d'Hères,2011,SEV_OVER_OCC,110.10129
Rouen,76367,Houppeville,2011,SEV_UNDER_OCC,262.14881
Rouen,76367,Houppeville,2011,MOD_OVER_OCC,35.74757
Grenoble,38277,Notre-Dame-de-Commiers,2011,SEV_UNDER_OCC,48.73043
Rennes,35120,Gévezé,2011,SEV_UNDER_OCC,355.25397
Grenoble,38328,Quaix-en-Chartreuse,2011,SEV_OVER_OCC,4.01743
Montpellier,34244,Saint-Brès,2011,SEV_UNDER_OCC,212.0
Saint-Etienne,42302,Sorbiers,2011,VSEV_UNDER_OCC,825.34653
Saint-Etienne,42218,Saint-Étienne,2011,STD_OCC,23255.4036
Montpellier,34095,Fabrègues,2011,SEV_OVER_OCC,8.0
Grenoble,38328,Quaix-en-Chartreuse,2011,STD_OCC,28.122
Montpellier,34244,Saint-Brès,2011,MOD_OVER_OCC,68.0
Saint-Etienne,42218,Saint-Étienne,2011,MOD_UNDER_OCC,25950.11528
Montpellier,34307,Sussargues,2011,SEV_UNDER_OCC,259.66812
Rouen,76367,Houppeville,2011,SEV_OVER_OCC,0.0
Saint-Etienne,42270,Saint-Paul-en-Cornillon,2011,SEV_OVER_OCC,0.0
Saint-Etienne,42302,Sorbiers,2011,MOD_UNDER_OCC,848.92786
Rennes,35278,Saint-Grégoire,2011,VSEV_UNDER_OCC,1695.82889
Saint-Etienne,42302,Sorbiers,2011,SEV_OVER_OCC,3.93022
Rouen,76391,La Londe,2011,VSEV_UNDER_OCC,371.50945
Montpellier,34307,Sussargues,2011,MOD_UNDER_OCC,228.90352
Grenoble,38528,Vaulnaveys-le-Bas,2011,SEV_UNDER_OCC,106.00013
Saint-Etienne,42270,Saint-Paul-en-Cornillon,2011,STD_OCC,76.59913
Rennes,35120,Gévezé,2011,STD_OCC,290.91858
Montpellier,34123,Juvignac,2011,SEV_UNDER_OCC,745.27426
Rouen,76391,La Londe,2011,SEV_OVER_OCC,0.0
Rennes,35208,Orgères,2011,MOD_UNDER_OCC,298.16405
Grenoble,38277,Notre-Dame-de-Commiers,2011,MOD_UNDER_OCC,52.7913
Grenoble,38328,Quaix-en-Chartreuse,2011,VSEV_UNDER_OCC,144.62745
Rouen,76178,Cléon,2011,SEV_UNDER_OCC,449.93687
Rouen,76178,Cléon,2011,MOD_OVER_OCC,110.36187
Grenoble,38328,Quaix-en-Chartreuse,2011,MOD_UNDER_OCC,56.24401
Grenoble,38528,Vaulnaveys-le-Bas,2011,VSEV_UNDER_OCC,188.44468
Rouen,76367,Houppeville,2011,VSEV_UNDER_OCC,492.52201
Grenoble,38528,Vaulnaveys-le-Bas,2011,SEV_OVER_OCC,0.0
Saint-Etienne,42302,Sorbiers,2011,STD_OCC,467.69637
Montpellier,34244,Saint-Brès,2011,MOD_UNDER_OCC,296.0
Rennes,35278,Saint-Grégoire,2011,MOD_UNDER_OCC,552.49674
Rennes,35278,Saint-Grégoire,2011,MOD_OVER_OCC,170.55729
Saint-Etienne,42302,Sorbiers,2011,SEV_UNDER_OCC,962.90429
Montpellier,34123,Juvignac,2011,MOD_UNDER_OCC,654.01619
Rennes,35278,Saint-Grégoire,2011,SEV_UNDER_OCC,560.06842
Montpellier,34123,Juvignac,2011,SEV_OVER_OCC,19.20968
Grenoble,38328,Quaix-en-Chartreuse,2011,MOD_OVER_OCC,4.01743
Rouen,76322,Le Grand-Quevilly,2011,MOD_UNDER_OCC,4509.86172
Rennes,35120,Gévezé,2011,SEV_OVER_OCC,4.50805
Montpellier,34095,Fabrègues,2011,STD_OCC,452.0
Rouen,76322,Le Grand-Quevilly,2011,STD_OCC,2685.26692
Rennes,35120,Gévezé,2011,MOD_UNDER_OCC,337.88474
Grenoble,38528,Vaulnaveys-le-Bas,2011,MOD_OVER_OCC,11.77779
Grenoble,38528,Vaulnaveys-le-Bas,2011,STD_OCC,43.18524
Rouen,76178,Cléon,2011,SEV_OVER_OCC,21.22344
Saint-Etienne,42270,Saint-Paul-en-Cornillon,2011,MOD_OVER_OCC,12.0946
Rouen,76391,La Londe,2011,MOD_UNDER_OCC,175.76791
Grenoble,38328,Quaix-en-Chartreuse,2011,SEV_UNDER_OCC,108.47059
Rennes,35120,Gévezé,2011,VSEV_UNDER_OCC,622.04424
Montpellier,34095,Fabrègues,2011,MOD_OVER_OCC,92.0
Grenoble,38421,Saint-Martin-d'Hères,2011,MOD_UNDER_OCC,4659.23306
Rouen,76367,Houppeville,2011,STD_OCC,63.55123
Saint-Etienne,42270,Saint-Paul-en-Cornillon,2011,MOD_UNDER_OCC,124.97753
Montpellier,34244,Saint-Brès,2011,STD_OCC,192.0
Rennes,35278,Saint-Grégoire,2011,STD_OCC,614.59534
Montpellier,34123,Juvignac,2011,STD_OCC,585.57263
Saint-Etienne,42270,Saint-Paul-en-Cornillon,2011,VSEV_UNDER_OCC,193.5136
Saint-Etienne,42218,Saint-Étienne,2011,SEV_OVER_OCC,723.57259
Rouen,76322,Le Grand-Quevilly,2011,MOD_OVER_OCC,495.87823
Montpellier,34307,Sussargues,2011,SEV_OVER_OCC,3.77113
Montpellier,34123,Juvignac,2011,MOD_OVER_OCC,133.08469
Rouen,76391,La Londe,2011,MOD_OVER_OCC,15.9789
Montpellier,34123,Juvignac,2011,VSEV_UNDER_OCC,973.41944
Montpellier,34307,Sussargues,2011,MOD_OVER_OCC,32.9392
Rouen,76451,Mont-Saint-Aignan,2011,VSEV_UNDER_OCC,2269.08754
Grenoble,38436,Saint-Paul-de-Varces,2011,MOD_OVER_OCC,8.0
Saint-Etienne,42167,Pavezin,2011,VSEV_UNDER_OCC,36.74336
Grenoble,38486,Seyssins,2011,SEV_UNDER_OCC,740.0
Grenoble,38524,Varces-Allières-et-Risset,2011,VSEV_UNDER_OCC,614.04571
Rennes,35206,Noyal-Châtillon-sur-Seiche,2011,SEV_OVER_OCC,0.0
Rouen,76486,Orival,2011,SEV_UNDER_OCC,83.38365
Rouen,76366,Le Houlme,2011,VSEV_UNDER_OCC,353.52233
Saint-Etienne,42096,Fontanès,2011,MOD_UNDER_OCC,92.84663
Montpellier,34090,Le Crès,2011,SEV_OVER_OCC,0.0
Rennes,35189,Montgermont,2011,MOD_UNDER_OCC,264.40344
Grenoble,38151,Échirolles,2011,VSEV_UNDER_OCC,1569.52438
Rouen,76216,Déville-lès-Rouen,2011,STD_OCC,1266.83814
Grenoble,38474,Sassenage,2011,MOD_OVER_OCC,260.6579
Grenoble,38474,Sassenage,2011,MOD_UNDER_OCC,1322.08452
Rouen,76313,Gouy,2011,SEV_UNDER_OCC,82.54815
Rouen,76216,Déville-lès-Rouen,2011,MOD_UNDER_OCC,1489.2729
Rennes,35051,Cesson-Sévigné,2011,VSEV_UNDER_OCC,2774.90248
Grenoble,38486,Seyssins,2011,MOD_OVER_OCC,80.0
Rouen,76165,Caudebec-lès-Elbeuf,2011,VSEV_UNDER_OCC,686.87276
Montpellier,34090,Le Crès,2011,MOD_OVER_OCC,78.78287
Grenoble,38151,Échirolles,2011,SEV_OVER_OCC,101.85299
Saint-Etienne,42192,Rozier-Côtes-d'Aurec,2011,VSEV_UNDER_OCC,48.98405
Rennes,35131,L'Hermitage,2011,SEV_UNDER_OCC,294.58068
Montpellier,34090,Le Crès,2011,VSEV_UNDER_OCC,1098.58838
Grenoble,38545,Vif,2011,SEV_OVER_OCC,0.0
Saint-Etienne,42167,Pavezin,2011,SEV_UNDER_OCC,44.90855
Rouen,76313,Gouy,2011,SEV_OVER_OCC,0.0
Rouen,76216,Déville-lès-Rouen,2011,SEV_OVER_OCC,20.58104
Saint-Etienne,42001,Aboën,2011,MOD_UNDER_OCC,44.0
Rennes,35051,Cesson-Sévigné,2011,MOD_UNDER_OCC,1130.27469
Rennes,35189,Montgermont,2011,VSEV_UNDER_OCC,516.25905
Rouen,76536,Roncherolles-sur-le-Vivier,2011,SEV_OVER_OCC,0.0
Rouen,76313,Gouy,2011,STD_OCC,19.65432
Rennes,35131,L'Hermitage,2011,STD_OCC,221.76816
Grenoble,38126,Corenc,2011,SEV_UNDER_OCC,241.36754
Saint-Etienne,42001,Aboën,2011,STD_OCC,32.0
Grenoble,38436,Saint-Paul-de-Varces,2011,VSEV_UNDER_OCC,356.0
Rouen,76366,Le Houlme,2011,SEV_UNDER_OCC,498.1451
Montpellier,34090,Le Crès,2011,MOD_UNDER_OCC,757.07046
Montpellier,34198,Pérols,2011,MOD_UNDER_OCC,907.35426
Saint-Etienne,42192,Rozier-Côtes-d'Aurec,2011,MOD_UNDER_OCC,53.06606
Rennes,35051,Cesson-Sévigné,2011,STD_OCC,1087.85105
Grenoble,38126,Corenc,2011,MOD_OVER_OCC,102.87797
Grenoble,38545,Vif,2011,MOD_UNDER_OCC,892.14506
Saint-Etienne,42096,Fontanès,2011,MOD_OVER_OCC,0.0
Grenoble,38126,Corenc,2011,VSEV_UNDER_OCC,823.02376
Grenoble,38151,Échirolles,2011,STD_OCC,4422.8238
Montpellier,34198,Pérols,2011,VSEV_UNDER_OCC,948.69393
Montpellier,34090,Le Crès,2011,STD_OCC,514.81669
Grenoble,38126,Corenc,2011,STD_OCC,178.05802
Grenoble,38524,Varces-Allières-et-Risset,2011,SEV_OVER_OCC,0.0
Rouen,76216,Déville-lès-Rouen,2011,SEV_UNDER_OCC,1120.78688
Grenoble,38151,Échirolles,2011,MOD_OVER_OCC,1183.81591
Saint-Etienne,42192,Rozier-Côtes-d'Aurec,2011,SEV_UNDER_OCC,48.98405
Rennes,35131,L'Hermitage,2011,MOD_UNDER_OCC,408.62612
Saint-Etienne,42001,Aboën,2011,MOD_OVER_OCC,0.0
Montpellier,34198,Pérols,2011,STD_OCC,663.46233
Rennes,35189,Montgermont,2011,SEV_UNDER_OCC,259.86624
Grenoble,38486,Seyssins,2011,VSEV_UNDER_OCC,920.0
Saint-Etienne,42167,Pavezin,2011,MOD_OVER_OCC,0.0
Grenoble,38126,Corenc,2011,MOD_UNDER_OCC,217.62647
Rennes,35206,Noyal-Châtillon-sur-Seiche,2011,MOD_OVER_OCC,81.15749
Saint-Etienne,42096,Fontanès,2011,STD_OCC,12.11043
Grenoble,38524,Varces-Allières-et-Risset,2011,MOD_OVER_OCC,101.85164
Montpellier,34198,Pérols,2011,SEV_UNDER_OCC,969.07032
Rouen,76536,Roncherolles-sur-le-Vivier,2011,MOD_OVER_OCC,0.0
Rouen,76165,Caudebec-lès-Elbeuf,2011,MOD_UNDER_OCC,1358.13478
Grenoble,38151,Échirolles,2011,SEV_UNDER_OCC,3394.10831
Rouen,76313,Gouy,2011,MOD_UNDER_OCC,55.0321
Rouen,76486,Orival,2011,STD_OCC,63.5304
Rennes,35131,L'Hermitage,2011,SEV_OVER_OCC,0.0
Grenoble,38524,Varces-Allières-et-Risset,2011,SEV_UNDER_OCC,525.59646
Saint-Etienne,42330,Villars,2011,MOD_OVER_OCC,156.0
Rennes,35131,L'Hermitage,2011,VSEV_UNDER_OCC,642.68766
Saint-Etienne,42330,Villars,2011,VSEV_UNDER_OCC,744.0
Rennes,35206,Noyal-Châtillon-sur-Seiche,2011,VSEV_UNDER_OCC,931.37883
Montpellier,34198,Pérols,2011,MOD_OVER_OCC,130.22707
Rouen,76313,Gouy,2011,VSEV_UNDER_OCC,125.78765
Grenoble,38436,Saint-Paul-de-Varces,2011,SEV_UNDER_OCC,208.0
Rouen,76165,Caudebec-lès-Elbeuf,2011,SEV_UNDER_OCC,858.59095
Rouen,76451,Mont-Saint-Aignan,2011,MOD_UNDER_OCC,1955.18682
Grenoble,38486,Seyssins,2011,STD_OCC,408.0
Rouen,76366,Le Houlme,2011,MOD_OVER_OCC,88.38058
Grenoble,38545,Vif,2011,VSEV_UNDER_OCC,767.56624
Rouen,76366,Le Houlme,2011,STD_OCC,249.07255
Rennes,35206,Noyal-Châtillon-sur-Seiche,2011,SEV_UNDER_OCC,533.32066
Saint-Etienne,42330,Villars,2011,SEV_UNDER_OCC,860.0
Grenoble,38436,Saint-Paul-de-Varces,2011,MOD_UNDER_OCC,148.0
Rouen,76451,Mont-Saint-Aignan,2011,SEV_UNDER_OCC,1833.88477
Rouen,76216,Déville-lès-Rouen,2011,VSEV_UNDER_OCC,652.56691
Rouen,76636,Saint-Pierre-de-Varengeville,2011,MOD_UNDER_OCC,179.60556
Rouen,76451,Mont-Saint-Aignan,2011,SEV_OVER_OCC,26.69215
Saint-Etienne,42167,Pavezin,2011,SEV_OVER_OCC,0.0
Saint-Etienne,42192,Rozier-Côtes-d'Aurec,2011,MOD_OVER_OCC,8.16401
Grenoble,38474,Sassenage,2011,STD_OCC,1014.40845
Saint-Etienne,42330,Villars,2011,STD_OCC,564.0
Grenoble,38524,Varces-Allières-et-Risset,2011,MOD_UNDER_OCC,553.21818
Rouen,76165,Caudebec-lès-Elbeuf,2011,SEV_OVER_OCC,11.70806
Rouen,76486,Orival,2011,MOD_UNDER_OCC,91.32495
Saint-Etienne,42096,Fontanès,2011,SEV_UNDER_OCC,68.62577
Saint-Etienne,42001,Aboën,2011,SEV_UNDER_OCC,40.0
Rennes,35206,Noyal-Châtillon-sur-Seiche,2011,STD_OCC,556.50851
Rouen,76636,Saint-Pierre-de-Varengeville,2011,SEV_OVER_OCC,3.71882
Rouen,76636,Saint-Pierre-de-Varengeville,2011,STD_OCC,96.39262
Rouen,76216,Déville-lès-Rouen,2011,MOD_OVER_OCC,383.98684
Saint-Etienne,42001,Aboën,2011,SEV_OVER_OCC,0.0
Rouen,76636,Saint-Pierre-de-Varengeville,2011,VSEV_UNDER_OCC,335.10991
Rouen,76366,Le Houlme,2011,MOD_UNDER_OCC,562.42188
Saint-Etienne,42330,Villars,2011,MOD_UNDER_OCC,1028.0
Rouen,76536,Roncherolles-sur-le-Vivier,2011,MOD_UNDER_OCC,63.29799
Saint-Etienne,42192,Rozier-Côtes-d'Aurec,2011,STD_OCC,40.82005
Rouen,76636,Saint-Pierre-de-Varengeville,2011,SEV_UNDER_OCC,286.18408
Grenoble,38436,Saint-Paul-de-Varces,2011,SEV_OVER_OCC,0.0
Grenoble,38151,Échirolles,2011,MOD_UNDER_OCC,4594.7949
Grenoble,38524,Varces-Allières-et-Risset,2011,STD_OCC,338.45348
Saint-Etienne,42167,Pavezin,2011,MOD_UNDER_OCC,40.82596
Rouen,76636,Saint-Pierre-de-Varengeville,2011,MOD_OVER_OCC,12.10071
Grenoble,38545,Vif,2011,MOD_OVER_OCC,104.48546
Grenoble,38436,Saint-Paul-de-Varces,2011,STD_OCC,80.0
Rouen,76165,Caudebec-lès-Elbeuf,2011,STD_OCC,1042.0172
Montpellier,34198,Pérols,2011,SEV_OVER_OCC,16.16407
Rouen,76451,Mont-Saint-Aignan,2011,MOD_OVER_OCC,1337.05955
Rennes,35051,Cesson-Sévigné,2011,SEV_UNDER_OCC,1209.33336
Saint-Etienne,42167,Pavezin,2011,STD_OCC,4.0826
Grenoble,38474,Sassenage,2011,VSEV_UNDER_OCC,876.92632
Rennes,35189,Montgermont,2011,STD_OCC,239.75109
Rennes,35189,Montgermont,2011,MOD_OVER_OCC,94.68465
Saint-Etienne,42096,Fontanès,2011,SEV_OVER_OCC,0.0
Rouen,76366,Le Houlme,2011,SEV_OVER_OCC,0.0
Grenoble,38474,Sassenage,2011,SEV_OVER_OCC,14.5804
Grenoble,38486,Seyssins,2011,MOD_UNDER_OCC,616.0
Rouen,76313,Gouy,2011,MOD_OVER_OCC,0.0
Saint-Etienne,42330,Villars,2011,SEV_OVER_OCC,0.0
Rennes,35206,Noyal-Châtillon-sur-Seiche,2011,MOD_UNDER_OCC,564.2378
Grenoble,38545,Vif,2011,SEV_UNDER_OCC,847.93967
Grenoble,38126,Corenc,2011,SEV_OVER_OCC,3.95684
Rouen,76165,Caudebec-lès-Elbeuf,2011,MOD_OVER_OCC,323.92295
Rouen,76536,Roncherolles-sur-le-Vivier,2011,SEV_UNDER_OCC,122.63985
Grenoble,38474,Sassenage,2011,SEV_UNDER_OCC,1127.1101
Saint-Etienne,42001,Aboën,2011,VSEV_UNDER_OCC,60.0
Rouen,76486,Orival,2011,VSEV_UNDER_OCC,123.09015
Rouen,76486,Orival,2011,SEV_OVER_OCC,0.0
Rouen,76536,Roncherolles-sur-le-Vivier,2011,VSEV_UNDER_OCC,197.80622
Rennes,35189,Montgermont,2011,SEV_OVER_OCC,4.38495
Grenoble,38545,Vif,2011,STD_OCC,514.38994
Grenoble,38486,Seyssins,2011,SEV_OVER_OCC,4.0
Rouen,76536,Roncherolles-sur-le-Vivier,2011,STD_OCC,27.69287
Rennes,35051,Cesson-Sévigné,2011,MOD_OVER_OCC,802.04409
Saint-Etienne,42096,Fontanès,2011,VSEV_UNDER_OCC,72.66258
Montpellier,34090,Le Crès,2011,SEV_UNDER_OCC,934.90915
Saint-Etienne,42192,Rozier-Côtes-d'Aurec,2011,SEV_OVER_OCC,0.0
Rouen,76451,Mont-Saint-Aignan,2011,STD_OCC,1481.40623
Rennes,35131,L'Hermitage,2011,MOD_OVER_OCC,37.24441
Rouen,76486,Orival,2011,MOD_OVER_OCC,19.85325
Rennes,35051,Cesson-Sévigné,2011,SEV_OVER_OCC,22.63023
Grenoble,38271,Murianette,2011,SEV_UNDER_OCC,100.97278
Rennes,35065,La Chapelle-Thouarault,2011,STD_OCC,86.90343
Grenoble,38068,Champagnier,2011,MOD_UNDER_OCC,64.0
Rennes,35065,La Chapelle-Thouarault,2011,VSEV_UNDER_OCC,316.01246
Grenoble,38271,Murianette,2011,VSEV_UNDER_OCC,74.63205
Grenoble,38364,Saint-Barthélemy-de-Séchilienne,2011,STD_OCC,36.0
Saint-Etienne,42208,Saint-Christo-en-Jarez,2011,STD_OCC,100.93304
Grenoble,38271,Murianette,2011,STD_OCC,57.07157
Montpellier,34227,Restinclières,2011,MOD_OVER_OCC,12.03093
Grenoble,38317,Le Pont-de-Claix,2011,VSEV_UNDER_OCC,357.48093
Rouen,76759,Yville-sur-Seine,2011,VSEV_UNDER_OCC,77.0
Saint-Etienne,42005,Andrézieux-Bouthéon,2011,STD_OCC,683.64165
Rouen,76617,Saint-Martin-du-Vivier,2011,VSEV_UNDER_OCC,453.90345
Saint-Etienne,42005,Andrézieux-Bouthéon,2011,VSEV_UNDER_OCC,723.15851
Grenoble,38364,Saint-Barthélemy-de-Séchilienne,2011,MOD_OVER_OCC,0.0
Grenoble,38271,Murianette,2011,MOD_UNDER_OCC,70.24193
Rouen,76617,Saint-Martin-du-Vivier,2011,SEV_OVER_OCC,0.0
Grenoble,38317,Le Pont-de-Claix,2011,SEV_OVER_OCC,27.71738
Saint-Etienne,42097,La Fouillouse,2011,SEV_UNDER_OCC,488.39259
Grenoble,38317,Le Pont-de-Claix,2011,MOD_UNDER_OCC,1536.22642
Rennes,35058,La Chapelle-Chaussée,2011,STD_OCC,31.27569
Saint-Etienne,42005,Andrézieux-Bouthéon,2011,SEV_UNDER_OCC,889.12932
Montpellier,34227,Restinclières,2011,STD_OCC,140.36082
Rouen,76157,Canteleu,2011,VSEV_UNDER_OCC,896.61029
Rouen,76640,Saint-Pierre-lès-Elbeuf,2011,STD_OCC,588.05338
Grenoble,38364,Saint-Barthélemy-de-Séchilienne,2011,VSEV_UNDER_OCC,48.0
Rennes,35058,La Chapelle-Chaussée,2011,SEV_OVER_OCC,0.0
Saint-Etienne,42005,Andrézieux-Bouthéon,2011,SEV_OVER_OCC,43.71028
Rouen,76429,Le Mesnil-Esnard,2011,MOD_UNDER_OCC,526.97449
Rouen,76157,Canteleu,2011,SEV_OVER_OCC,27.56688
Grenoble,38317,Le Pont-de-Claix,2011,MOD_OVER_OCC,373.84431
Rouen,76429,Le Mesnil-Esnard,2011,MOD_OVER_OCC,140.36877
Saint-Etienne,42097,La Fouillouse,2011,STD_OCC,201.81512
Rouen,76157,Canteleu,2011,MOD_OVER_OCC,345.333
Rennes,35058,La Chapelle-Chaussée,2011,MOD_OVER_OCC,7.81892
Rennes,35065,La Chapelle-Thouarault,2011,MOD_OVER_OCC,3.95016
Rouen,76759,Yville-sur-Seine,2011,SEV_UNDER_OCC,48.0
Rouen,76640,Saint-Pierre-lès-Elbeuf,2011,SEV_OVER_OCC,8.05553
Grenoble,38317,Le Pont-de-Claix,2011,STD_OCC,1447.75064
Rouen,76640,Saint-Pierre-lès-Elbeuf,2011,MOD_UNDER_OCC,986.80191
Rouen,76640,Saint-Pierre-lès-Elbeuf,2011,SEV_UNDER_OCC,1019.02401
Saint-Etienne,42208,Saint-Christo-en-Jarez,2011,MOD_OVER_OCC,8.07464
Saint-Etienne,42208,Saint-Christo-en-Jarez,2011,VSEV_UNDER_OCC,169.56751
Saint-Etienne,42005,Andrézieux-Bouthéon,2011,MOD_OVER_OCC,134.35732
Montpellier,34227,Restinclières,2011,MOD_UNDER_OCC,148.38144
Grenoble,38068,Champagnier,2011,VSEV_UNDER_OCC,248.0
Rouen,76020,Anneville-Ambourville,2011,MOD_OVER_OCC,12.0099
Saint-Etienne,42097,La Fouillouse,2011,MOD_UNDER_OCC,456.10217
Grenoble,38068,Champagnier,2011,STD_OCC,36.0
Grenoble,38068,Champagnier,2011,SEV_UNDER_OCC,120.0
Rennes,35065,La Chapelle-Thouarault,2011,MOD_UNDER_OCC,130.35514
Rouen,76020,Anneville-Ambourville,2011,SEV_UNDER_OCC,164.13531
Rouen,76617,Saint-Martin-du-Vivier,2011,MOD_UNDER_OCC,95.55862
Grenoble,38317,Le Pont-de-Claix,2011,SEV_UNDER_OCC,966.56047
Rennes,35065,La Chapelle-Thouarault,2011,SEV_UNDER_OCC,205.4081
Rouen,76759,Yville-sur-Seine,2011,MOD_OVER_OCC,0.0
Saint-Etienne,42208,Saint-Christo-en-Jarez,2011,MOD_UNDER_OCC,205.9034
Saint-Etienne,42097,La Fouillouse,2011,VSEV_UNDER_OCC,609.48166
Grenoble,38068,Champagnier,2011,MOD_OVER_OCC,0.0
Rennes,35065,La Chapelle-Thouarault,2011,SEV_OVER_OCC,0.0
Rouen,76759,Yville-sur-Seine,2011,SEV_OVER_OCC,0.0
Rouen,76640,Saint-Pierre-lès-Elbeuf,2011,MOD_OVER_OCC,124.86065
Grenoble,38364,Saint-Barthélemy-de-Séchilienne,2011,SEV_UNDER_OCC,52.0
Rouen,76020,Anneville-Ambourville,2011,STD_OCC,28.0231
Grenoble,38364,Saint-Barthélemy-de-Séchilienne,2011,MOD_UNDER_OCC,48.0
Rouen,76020,Anneville-Ambourville,2011,MOD_UNDER_OCC,104.08581
Rouen,76617,Saint-Martin-du-Vivier,2011,STD_OCC,15.92644
Montpellier,34227,Restinclières,2011,SEV_UNDER_OCC,96.24742
Rouen,76157,Canteleu,2011,MOD_UNDER_OCC,2200.28713
Montpellier,34227,Restinclières,2011,SEV_OVER_OCC,8.02062
Rouen,76640,Saint-Pierre-lès-Elbeuf,2011,VSEV_UNDER_OCC,817.63587
Saint-Etienne,42208,Saint-Christo-en-Jarez,2011,SEV_UNDER_OCC,173.60483
Rennes,35058,La Chapelle-Chaussée,2011,VSEV_UNDER_OCC,140.74062
Saint-Etienne,42097,La Fouillouse,2011,MOD_OVER_OCC,20.18151
Rouen,76429,Le Mesnil-Esnard,2011,SEV_OVER_OCC,8.15107
Rouen,76020,Anneville-Ambourville,2011,SEV_OVER_OCC,4.0033
Rouen,76617,Saint-Martin-du-Vivier,2011,SEV_UNDER_OCC,87.5954
Grenoble,38364,Saint-Barthélemy-de-Séchilienne,2011,SEV_OVER_OCC,0.0
Rouen,76759,Yville-sur-Seine,2011,MOD_UNDER_OCC,40.0
Grenoble,38271,Murianette,2011,MOD_OVER_OCC,39.51109
Rouen,76617,Saint-Martin-du-Vivier,2011,MOD_OVER_OCC,0.0
Rouen,76429,Le Mesnil-Esnard,2011,STD_OCC,343.41819
Rouen,76429,Le Mesnil-Esnard,2011,SEV_UNDER_OCC,662.00712
Saint-Etienne,42097,La Fouillouse,2011,SEV_OVER_OCC,0.0
Rennes,35058,La Chapelle-Chaussée,2011,SEV_UNDER_OCC,121.19331
Rouen,76157,Canteleu,2011,STD_OCC,1463.33288
Rennes,35058,La Chapelle-Chaussée,2011,MOD_UNDER_OCC,109.46493
Montpellier,34227,Restinclières,2011,VSEV_UNDER_OCC,172.4433
Grenoble,38068,Champagnier,2011,SEV_OVER_OCC,0.0
Grenoble,38271,Murianette,2011,SEV_OVER_OCC,0.0
Saint-Etienne,42208,Saint-Christo-en-Jarez,2011,SEV_OVER_OCC,0.0
Rouen,76759,Yville-sur-Seine,2011,STD_OCC,8.0
Rouen,76020,Anneville-Ambourville,2011,VSEV_UNDER_OCC,152.12541
Rouen,76157,Canteleu,2011,SEV_UNDER_OCC,1404.40164
Saint-Etienne,42005,Andrézieux-Bouthéon,2011,MOD_UNDER_OCC,1390.99342
Rouen,76429,Le Mesnil-Esnard,2011,VSEV_UNDER_OCC,1346.03685
Saint-Etienne,42133,Marcenod,2011,MOD_UNDER_OCC,71.09091
Rouen,76410,Maromme,2011,STD_OCC,1353.82554
Rouen,76410,Maromme,2011,MOD_UNDER_OCC,1794.79326
Saint-Etienne,42183,La Ricamarie,2011,SEV_UNDER_OCC,611.44818
Rennes,35204,Nouvoitou,2011,SEV_UNDER_OCC,266.47971
Rouen,76410,Maromme,2011,VSEV_UNDER_OCC,619.47139
Rennes,35139,Laillé,2011,STD_OCC,148.40846
Rennes,35139,Laillé,2011,MOD_OVER_OCC,53.09661
Rouen,76717,Val-de-la-Haye,2011,MOD_OVER_OCC,0.0
Saint-Etienne,42225,Genilac,2011,STD_OCC,140.0
Saint-Etienne,42183,La Ricamarie,2011,VSEV_UNDER_OCC,277.52964
Saint-Etienne,42206,Saint-Bonnet-les-Oules,2011,MOD_UNDER_OCC,72.0
Saint-Etienne,42275,Saint-Priest-en-Jarez,2011,MOD_UNDER_OCC,710.61043
Rouen,76717,Val-de-la-Haye,2011,VSEV_UNDER_OCC,112.31285
Saint-Etienne,42206,Saint-Bonnet-les-Oules,2011,SEV_UNDER_OCC,124.0
Grenoble,38169,Fontaine,2011,SEV_UNDER_OCC,2067.63605
Saint-Etienne,42133,Marcenod,2011,STD_OCC,33.45455
Rennes,35139,Laillé,2011,MOD_UNDER_OCC,271.59078
Grenoble,38252,Montchaboud,2011,MOD_OVER_OCC,0.0
Rouen,76709,Le Trait,2011,SEV_OVER_OCC,8.02432
Saint-Etienne,42095,Firminy,2011,MOD_UNDER_OCC,2663.74217
Rouen,76709,Le Trait,2011,MOD_UNDER_OCC,710.15242
Saint-Etienne,42275,Saint-Priest-en-Jarez,2011,STD_OCC,541.99101
Saint-Etienne,42206,Saint-Bonnet-les-Oules,2011,SEV_OVER_OCC,4.0
Saint-Etienne,42320,Valfleury,2011,MOD_OVER_OCC,0.0
Grenoble,38169,Fontaine,2011,MOD_UNDER_OCC,3450.78587
Montpellier,34217,Prades-le-Lez,2011,VSEV_UNDER_OCC,484.0
Rouen,76222,Duclair,2011,SEV_OVER_OCC,3.99925
Rennes,35204,Nouvoitou,2011,MOD_UNDER_OCC,185.72828
Saint-Etienne,42225,Genilac,2011,SEV_OVER_OCC,0.0
Grenoble,38252,Montchaboud,2011,STD_OCC,20.0
Rouen,76717,Val-de-la-Haye,2011,SEV_OVER_OCC,0.0
Rennes,35204,Nouvoitou,2011,VSEV_UNDER_OCC,468.35828
Rennes,35079,Chevaigné,2011,VSEV_UNDER_OCC,256.27856
Rennes,35139,Laillé,2011,VSEV_UNDER_OCC,751.9548
Rouen,76222,Duclair,2011,STD_OCC,310.2783
Rennes,35079,Chevaigné,2011,MOD_OVER_OCC,4.00435
Rennes,35079,Chevaigné,2011,MOD_UNDER_OCC,144.15669
Saint-Etienne,42275,Saint-Priest-en-Jarez,2011,VSEV_UNDER_OCC,602.21223
Saint-Etienne,42320,Valfleury,2011,MOD_UNDER_OCC,65.94882
Rouen,76717,Val-de-la-Haye,2011,STD_OCC,40.11173
Saint-Etienne,42095,Firminy,2011,STD_OCC,2060.21344
Rouen,76498,Le Petit-Quevilly,2011,SEV_UNDER_OCC,2245.55259
Rennes,35204,Nouvoitou,2011,MOD_OVER_OCC,44.41329
Rouen,76410,Maromme,2011,MOD_OVER_OCC,401.83406
Saint-Etienne,42095,Firminy,2011,MOD_OVER_OCC,375.51207
Rouen,76222,Duclair,2011,MOD_UNDER_OCC,541.59036
Grenoble,38252,Montchaboud,2011,VSEV_UNDER_OCC,76.0
Rouen,76717,Val-de-la-Haye,2011,MOD_UNDER_OCC,72.20112
Montpellier,34217,Prades-le-Lez,2011,STD_OCC,284.0
Saint-Etienne,42133,Marcenod,2011,VSEV_UNDER_OCC,58.54545
Rouen,76498,Le Petit-Quevilly,2011,SEV_OVER_OCC,44.5486
Rennes,35079,Chevaigné,2011,STD_OCC,76.0827
Saint-Etienne,42225,Genilac,2011,VSEV_UNDER_OCC,436.0
Rennes,35139,Laillé,2011,SEV_OVER_OCC,0.0
Montpellier,34217,Prades-le-Lez,2011,MOD_OVER_OCC,76.0
Rouen,76498,Le Petit-Quevilly,2011,VSEV_UNDER_OCC,1234.38424
Rouen,76498,Le Petit-Quevilly,2011,MOD_OVER_OCC,575.9439
Rouen,76717,Val-de-la-Haye,2011,SEV_UNDER_OCC,72.20112
Rouen,76709,Le Trait,2011,SEV_UNDER_OCC,617.87273
Montpellier,34217,Prades-le-Lez,2011,SEV_UNDER_OCC,452.0
Grenoble,38169,Fontaine,2011,SEV_OVER_OCC,76.9276
Saint-Etienne,42320,Valfleury,2011,VSEV_UNDER_OCC,70.07062
Saint-Etienne,42183,La Ricamarie,2011,MOD_UNDER_OCC,1255.54282
Saint-Etienne,42206,Saint-Bonnet-les-Oules,2011,VSEV_UNDER_OCC,332.0
Rennes,35204,Nouvoitou,2011,SEV_OVER_OCC,4.03757
Montpellier,34217,Prades-le-Lez,2011,MOD_UNDER_OCC,480.0
Saint-Etienne,42183,La Ricamarie,2011,SEV_OVER_OCC,35.79101
Saint-Etienne,42133,Marcenod,2011,SEV_OVER_OCC,0.0
Rennes,35204,Nouvoitou,2011,STD_OCC,113.052
Rouen,76709,Le Trait,2011,STD_OCC,465.41063
Grenoble,38169,Fontaine,2011,MOD_OVER_OCC,901.66762
Saint-Etienne,42225,Genilac,2011,MOD_UNDER_OCC,356.0
Rouen,76410,Maromme,2011,SEV_OVER_OCC,24.81106
Rouen,76498,Le Petit-Quevilly,2011,MOD_UNDER_OCC,3080.71316
Saint-Etienne,42320,Valfleury,2011,SEV_UNDER_OCC,70.07062
Montpellier,34217,Prades-le-Lez,2011,SEV_OVER_OCC,8.0
Rouen,76498,Le Petit-Quevilly,2011,STD_OCC,2344.23584
Rennes,35079,Chevaigné,2011,SEV_UNDER_OCC,200.21763
Rouen,76709,Le Trait,2011,MOD_OVER_OCC,108.32834
Saint-Etienne,42183,La Ricamarie,2011,MOD_OVER_OCC,216.09101
Rouen,76222,Duclair,2011,VSEV_UNDER_OCC,420.12133
Grenoble,38252,Montchaboud,2011,MOD_UNDER_OCC,28.0
Rennes,35139,Laillé,2011,SEV_UNDER_OCC,367.78336
Grenoble,38169,Fontaine,2011,VSEV_UNDER_OCC,838.98024
Saint-Etienne,42206,Saint-Bonnet-les-Oules,2011,STD_OCC,32.0
Saint-Etienne,42095,Firminy,2011,VSEV_UNDER_OCC,1037.91198
Rouen,76709,Le Trait,2011,VSEV_UNDER_OCC,401.21606
Saint-Etienne,42095,Firminy,2011,SEV_OVER_OCC,27.51811
Rouen,76222,Duclair,2011,SEV_UNDER_OCC,404.08167
Saint-Etienne,42320,Valfleury,2011,SEV_OVER_OCC,0.0
Grenoble,38252,Montchaboud,2011,SEV_OVER_OCC,0.0
Saint-Etienne,42133,Marcenod,2011,MOD_OVER_OCC,4.18182
Saint-Etienne,42183,La Ricamarie,2011,STD_OCC,971.69287
Saint-Etienne,42275,Saint-Priest-en-Jarez,2011,SEV_OVER_OCC,8.0295
Saint-Etienne,42133,Marcenod,2011,SEV_UNDER_OCC,71.09091
Saint-Etienne,42225,Genilac,2011,MOD_OVER_OCC,20.0
Saint-Etienne,42275,Saint-Priest-en-Jarez,2011,MOD_OVER_OCC,68.25072
Saint-Etienne,42225,Genilac,2011,SEV_UNDER_OCC,400.0
Rennes,35079,Chevaigné,2011,SEV_OVER_OCC,0.0
Rouen,76222,Duclair,2011,MOD_OVER_OCC,134.91346
Saint-Etienne,42275,Saint-Priest-en-Jarez,2011,SEV_UNDER_OCC,670.46295
Saint-Etienne,42320,Valfleury,2011,STD_OCC,24.73081
Saint-Etienne,42206,Saint-Bonnet-les-Oules,2011,MOD_OVER_OCC,0.0
Saint-Etienne,42095,Firminy,2011,SEV_UNDER_OCC,1661.77887
Rouen,76410,Maromme,2011,SEV_UNDER_OCC,1133.87894
Grenoble,38169,Fontaine,2011,STD_OCC,2836.95182
Grenoble,38252,Montchaboud,2011,SEV_UNDER_OCC,16.0
Saint-Etienne,42266,Saint-Nizier-de-Fornas,2011,SEV_OVER_OCC,0.0
Saint-Etienne,42223,Saint-Genest-Lerpt,2011,STD_OCC,492.54517
Rouen,76560,Saint-Aubin-Épinay,2011,STD_OCC,46.54614
Saint-Etienne,42266,Saint-Nizier-de-Fornas,2011,STD_OCC,28.21909
Saint-Etienne,42210,Sainte-Croix-en-Jarez,2011,MOD_UNDER_OCC,72.49755
Saint-Etienne,42322,La Valla-en-Gier,2011,STD_OCC,61.54509
Montpellier,34169,Montferrier-sur-Lez,2011,STD_OCC,144.79674
Saint-Etienne,42234,Saint-Héand,2011,MOD_OVER_OCC,19.98702
Rouen,76436,Le Mesnil-sous-Jumièges,2011,STD_OCC,39.86733
Grenoble,38258,Mont-Saint-Martin,2011,VSEV_UNDER_OCC,24.0
Rouen,76560,Saint-Aubin-Épinay,2011,SEV_OVER_OCC,0.0
Rennes,35315,Saint-Sulpice-la-Forêt,2011,SEV_OVER_OCC,0.0
Montpellier,34022,Baillargues,2011,MOD_UNDER_OCC,589.4121
Rouen,76750,Yainville,2011,SEV_UNDER_OCC,130.00178
Montpellier,34022,Baillargues,2011,SEV_OVER_OCC,3.89455
Rouen,76436,Le Mesnil-sous-Jumièges,2011,SEV_UNDER_OCC,59.801
Rennes,35353,Vezin-le-Coquet,2011,MOD_UNDER_OCC,296.0
Rouen,76750,Yainville,2011,STD_OCC,78.78896
Rouen,76436,Le Mesnil-sous-Jumièges,2011,MOD_UNDER_OCC,47.8408
Grenoble,38529,Vaulnaveys-le-Haut,2011,SEV_UNDER_OCC,396.0
Rouen,76561,Saint-Aubin-lès-Elbeuf,2011,VSEV_UNDER_OCC,712.0
Rouen,76750,Yainville,2011,SEV_OVER_OCC,3.93945
Saint-Etienne,42234,Saint-Héand,2011,VSEV_UNDER_OCC,502.18984
Saint-Etienne,42110,L'Horme,2011,SEV_OVER_OCC,11.89008
Grenoble,38529,Vaulnaveys-le-Haut,2011,STD_OCC,216.0
Rouen,76540,Rouen,2011,SEV_OVER_OCC,450.70016
Grenoble,38529,Vaulnaveys-le-Haut,2011,VSEV_UNDER_OCC,432.0
Rouen,76550,Sahurs,2011,MOD_UNDER_OCC,120.0
Saint-Etienne,42210,Sainte-Croix-en-Jarez,2011,VSEV_UNDER_OCC,44.30406
Rouen,76540,Rouen,2011,STD_OCC,20573.38747
Grenoble,38258,Mont-Saint-Martin,2011,SEV_UNDER_OCC,0.0
Montpellier,34327,Vendargues,2011,SEV_OVER_OCC,11.2387
Rennes,35315,Saint-Sulpice-la-Forêt,2011,MOD_OVER_OCC,4.0
Rennes,35315,Saint-Sulpice-la-Forêt,2011,SEV_UNDER_OCC,140.0
Montpellier,34169,Montferrier-sur-Lez,2011,MOD_OVER_OCC,69.05494
Rennes,35353,Vezin-le-Coquet,2011,STD_OCC,232.0
Rouen,76560,Saint-Aubin-Épinay,2011,VSEV_UNDER_OCC,97.32375
Rouen,76550,Sahurs,2011,SEV_OVER_OCC,0.0
Montpellier,34022,Baillargues,2011,VSEV_UNDER_OCC,669.40387
Rennes,35315,Saint-Sulpice-la-Forêt,2011,STD_OCC,32.0
Saint-Etienne,42223,Saint-Genest-Lerpt,2011,MOD_UNDER_OCC,693.5036
Saint-Etienne,42110,L'Horme,2011,MOD_OVER_OCC,72.15869
Saint-Etienne,42234,Saint-Héand,2011,SEV_OVER_OCC,0.0
Rouen,76550,Sahurs,2011,VSEV_UNDER_OCC,188.0
Rouen,76550,Sahurs,2011,SEV_UNDER_OCC,128.0
Montpellier,34022,Baillargues,2011,SEV_UNDER_OCC,647.50151
Rennes,35353,Vezin-le-Coquet,2011,SEV_UNDER_OCC,392.0
Montpellier,34169,Montferrier-sur-Lez,2011,SEV_UNDER_OCC,258.4227
Saint-Etienne,42223,Saint-Genest-Lerpt,2011,SEV_OVER_OCC,11.82108
Rouen,76750,Yainville,2011,MOD_UNDER_OCC,133.94123
Saint-Etienne,42210,Sainte-Croix-en-Jarez,2011,STD_OCC,8.05528
Saint-Etienne,42322,La Valla-en-Gier,2011,SEV_UNDER_OCC,134.62989
Rennes,35315,Saint-Sulpice-la-Forêt,2011,MOD_UNDER_OCC,64.0
Rouen,76561,Saint-Aubin-lès-Elbeuf,2011,SEV_UNDER_OCC,940.0
Montpellier,34327,Vendargues,2011,MOD_OVER_OCC,162.1022
Saint-Etienne,42266,Saint-Nizier-de-Fornas,2011,VSEV_UNDER_OCC,104.81377
Saint-Etienne,42223,Saint-Genest-Lerpt,2011,VSEV_UNDER_OCC,567.41203
Montpellier,34327,Vendargues,2011,STD_OCC,520.98005
Montpellier,34169,Montferrier-sur-Lez,2011,VSEV_UNDER_OCC,696.54898
Rennes,35353,Vezin-le-Coquet,2011,SEV_OVER_OCC,0.0
Grenoble,38529,Vaulnaveys-le-Haut,2011,MOD_UNDER_OCC,376.0
Saint-Etienne,42234,Saint-Héand,2011,STD_OCC,170.1035
Saint-Etienne,42210,Sainte-Croix-en-Jarez,2011,MOD_OVER_OCC,4.02764
Saint-Etienne,42210,Sainte-Croix-en-Jarez,2011,SEV_OVER_OCC,0.0
Saint-Etienne,42110,L'Horme,2011,VSEV_UNDER_OCC,311.48413
Saint-Etienne,42322,La Valla-en-Gier,2011,MOD_UNDER_OCC,96.1642
Saint-Etienne,42110,L'Horme,2011,MOD_UNDER_OCC,658.56684
Rouen,76561,Saint-Aubin-lès-Elbeuf,2011,MOD_OVER_OCC,108.0
Rouen,76560,Saint-Aubin-Épinay,2011,MOD_OVER_OCC,16.92587
Saint-Etienne,42322,La Valla-en-Gier,2011,VSEV_UNDER_OCC,80.77793
Grenoble,38258,Mont-Saint-Martin,2011,STD_OCC,8.0
Saint-Etienne,42266,Saint-Nizier-de-Fornas,2011,MOD_UNDER_OCC,52.40689
Grenoble,38529,Vaulnaveys-le-Haut,2011,MOD_OVER_OCC,104.0
Saint-Etienne,42223,Saint-Genest-Lerpt,2011,MOD_OVER_OCC,51.2247
Rennes,35315,Saint-Sulpice-la-Forêt,2011,VSEV_UNDER_OCC,260.0
Montpellier,34022,Baillargues,2011,STD_OCC,413.95846
Rouen,76561,Saint-Aubin-lès-Elbeuf,2011,STD_OCC,660.0
Montpellier,34327,Vendargues,2011,SEV_UNDER_OCC,524.47275
Rouen,76560,Saint-Aubin-Épinay,2011,MOD_UNDER_OCC,84.62935
Montpellier,34169,Montferrier-sur-Lez,2011,SEV_OVER_OCC,7.82708
Saint-Etienne,42110,L'Horme,2011,SEV_UNDER_OCC,428.67622
Rouen,76436,Le Mesnil-sous-Jumièges,2011,SEV_OVER_OCC,0.0
Saint-Etienne,42223,Saint-Genest-Lerpt,2011,SEV_UNDER_OCC,594.99456
Rouen,76750,Yainville,2011,VSEV_UNDER_OCC,98.4862
Grenoble,38258,Mont-Saint-Martin,2011,MOD_UNDER_OCC,4.0
Rouen,76540,Rouen,2011,MOD_UNDER_OCC,15260.01055
Grenoble,38258,Mont-Saint-Martin,2011,MOD_OVER_OCC,0.0
Saint-Etienne,42234,Saint-Héand,2011,MOD_UNDER_OCC,359.46856
Saint-Etienne,42110,L'Horme,2011,STD_OCC,441.35547
Rouen,76540,Rouen,2011,MOD_OVER_OCC,11522.74419
Rouen,76561,Saint-Aubin-lès-Elbeuf,2011,SEV_OVER_OCC,36.0
Saint-Etienne,42266,Saint-Nizier-de-Fornas,2011,SEV_UNDER_OCC,84.65728
Rouen,76540,Rouen,2011,SEV_UNDER_OCC,7765.21922
Rouen,76436,Le Mesnil-sous-Jumièges,2011,MOD_OVER_OCC,23.9204
Rouen,76561,Saint-Aubin-lès-Elbeuf,2011,MOD_UNDER_OCC,1120.0
Montpellier,34169,Montferrier-sur-Lez,2011,MOD_UNDER_OCC,228.98243
Rouen,76750,Yainville,2011,MOD_OVER_OCC,19.69724
Montpellier,34327,Vendargues,2011,MOD_UNDER_OCC,621.87483
Saint-Etienne,42234,Saint-Héand,2011,SEV_UNDER_OCC,375.43756
Montpellier,34327,Vendargues,2011,VSEV_UNDER_OCC,546.95015
Saint-Etienne,42322,La Valla-en-Gier,2011,MOD_OVER_OCC,0.0
Rouen,76560,Saint-Aubin-Épinay,2011,SEV_UNDER_OCC,114.24962
Saint-Etienne,42210,Sainte-Croix-en-Jarez,2011,SEV_UNDER_OCC,48.3317
Grenoble,38529,Vaulnaveys-le-Haut,2011,SEV_OVER_OCC,0.0
Rouen,76550,Sahurs,2011,MOD_OVER_OCC,0.0
Montpellier,34022,Baillargues,2011,MOD_OVER_OCC,100.26635
Saint-Etienne,42322,La Valla-en-Gier,2011,SEV_OVER_OCC,0.0
Rennes,35353,Vezin-le-Coquet,2011,MOD_OVER_OCC,40.0
Rouen,76550,Sahurs,2011,STD_OCC,36.0
Rouen,76540,Rouen,2011,VSEV_UNDER_OCC,5448.15051
Saint-Etienne,42266,Saint-Nizier-de-Fornas,2011,MOD_OVER_OCC,0.0
Rennes,35353,Vezin-le-Coquet,2011,VSEV_UNDER_OCC,660.0
Grenoble,38258,Mont-Saint-Martin,2011,SEV_OVER_OCC,0.0
Rouen,76436,Le Mesnil-sous-Jumièges,2011,VSEV_UNDER_OCC,83.72139
Grenoble,38187,Le Gua,2011,MOD_OVER_OCC,20.26101
Rouen,76116,Boos,2011,STD_OCC,114.28406
Grenoble,38423,Saint-Martin-le-Vinoux,2011,MOD_OVER_OCC,186.08377
Rouen,76475,Franqueville-Saint-Pierre,2011,STD_OCC,248.66653
Rouen,76069,Belbeuf,2011,SEV_OVER_OCC,0.0
Rennes,35055,Chantepie,2011,SEV_UNDER_OCC,775.92437
Rennes,35039,Brécé,2011,SEV_OVER_OCC,0.0
Rouen,76475,Franqueville-Saint-Pierre,2011,SEV_UNDER_OCC,558.08208
Grenoble,38187,Le Gua,2011,VSEV_UNDER_OCC,247.18434
Rennes,35055,Chantepie,2011,VSEV_UNDER_OCC,1052.49147
Rouen,76354,Hénouville,2011,VSEV_UNDER_OCC,268.65154
Grenoble,38423,Saint-Martin-le-Vinoux,2011,STD_OCC,534.49593
Grenoble,38187,Le Gua,2011,MOD_UNDER_OCC,141.82708
Rennes,35055,Chantepie,2011,SEV_OVER_OCC,7.68242
Rouen,76069,Belbeuf,2011,STD_OCC,73.10712
Rennes,35039,Brécé,2011,STD_OCC,111.82454
Rennes,35144,Langan,2011,STD_OCC,35.29718
Grenoble,38423,Saint-Martin-le-Vinoux,2011,SEV_UNDER_OCC,384.04522
Rennes,35039,Brécé,2011,MOD_UNDER_OCC,128.39114
Rouen,76475,Franqueville-Saint-Pierre,2011,VSEV_UNDER_OCC,979.05979
Rouen,76237,Épinay-sur-Duclair,2011,STD_OCC,31.93701
Rouen,76116,Boos,2011,SEV_OVER_OCC,0.0
Rennes,35039,Brécé,2011,SEV_UNDER_OCC,194.65754
Rennes,35363,Pont-Péan,2011,SEV_UNDER_OCC,347.77749
Grenoble,38423,Saint-Martin-le-Vinoux,2011,VSEV_UNDER_OCC,403.84137
Rouen,76402,Malaunay,2011,STD_OCC,359.93208
Rennes,35144,Langan,2011,SEV_UNDER_OCC,121.57918
Rouen,76116,Boos,2011,MOD_OVER_OCC,40.71317
Grenoble,38423,Saint-Martin-le-Vinoux,2011,SEV_OVER_OCC,11.87769
Grenoble,38187,Le Gua,2011,SEV_UNDER_OCC,251.23654
Rennes,35055,Chantepie,2011,MOD_UNDER_OCC,1160.04534
Rouen,76402,Malaunay,2011,VSEV_UNDER_OCC,507.97062
Rouen,76354,Hénouville,2011,SEV_OVER_OCC,0.0
Rennes,35363,Pont-Péan,2011,MOD_UNDER_OCC,319.80908
Rouen,76354,Hénouville,2011,MOD_UNDER_OCC,80.19449
Rennes,35144,Langan,2011,VSEV_UNDER_OCC,149.03254
Rennes,35363,Pont-Péan,2011,STD_OCC,212.72111
Rouen,76237,Épinay-sur-Duclair,2011,MOD_OVER_OCC,7.98425
Rennes,35363,Pont-Péan,2011,SEV_OVER_OCC,11.75834
Rouen,76069,Belbeuf,2011,SEV_UNDER_OCC,219.32137
Rennes,35039,Brécé,2011,VSEV_UNDER_OCC,248.49898
Rouen,76402,Malaunay,2011,MOD_OVER_OCC,103.32199
Rouen,76402,Malaunay,2011,MOD_UNDER_OCC,738.29312
Rouen,76354,Hénouville,2011,STD_OCC,24.05835
Rouen,76116,Boos,2011,VSEV_UNDER_OCC,450.61047
Rouen,76475,Franqueville-Saint-Pierre,2011,MOD_OVER_OCC,25.01741
Rouen,76402,Malaunay,2011,SEV_OVER_OCC,11.67208
Rennes,35363,Pont-Péan,2011,VSEV_UNDER_OCC,475.61292
Rouen,76354,Hénouville,2011,MOD_OVER_OCC,0.0
Rouen,76237,Épinay-sur-Duclair,2011,SEV_OVER_OCC,0.0
Rouen,76475,Franqueville-Saint-Pierre,2011,SEV_OVER_OCC,4.10298
Rouen,76354,Hénouville,2011,SEV_UNDER_OCC,108.26256
Rennes,35144,Langan,2011,SEV_OVER_OCC,0.0
Rennes,35144,Langan,2011,MOD_UNDER_OCC,35.29718
Rouen,76116,Boos,2011,MOD_UNDER_OCC,208.48073
Rouen,76116,Boos,2011,SEV_UNDER_OCC,401.51251
Rouen,76069,Belbeuf,2011,MOD_UNDER_OCC,117.7837
Grenoble,38423,Saint-Martin-le-Vinoux,2011,MOD_UNDER_OCC,688.90587
Rennes,35055,Chantepie,2011,MOD_OVER_OCC,153.80734
Rennes,35055,Chantepie,2011,STD_OCC,1271.44042
Grenoble,38187,Le Gua,2011,STD_OCC,89.14845
Rennes,35039,Brécé,2011,MOD_OVER_OCC,0.0
Grenoble,38187,Le Gua,2011,SEV_OVER_OCC,0.0
Rouen,76475,Franqueville-Saint-Pierre,2011,MOD_UNDER_OCC,413.23854
Rouen,76237,Épinay-sur-Duclair,2011,MOD_UNDER_OCC,43.91339
Rouen,76069,Belbeuf,2011,VSEV_UNDER_OCC,377.72014
Rouen,76237,Épinay-sur-Duclair,2011,SEV_UNDER_OCC,39.92126
Rouen,76402,Malaunay,2011,SEV_UNDER_OCC,642.73634
Rouen,76237,Épinay-sur-Duclair,2011,VSEV_UNDER_OCC,59.88189
Rouen,76069,Belbeuf,2011,MOD_OVER_OCC,16.24603
Rennes,35144,Langan,2011,MOD_OVER_OCC,7.84382
Rennes,35363,Pont-Péan,2011,MOD_OVER_OCC,16.06873
Rouen,76457,Moulineaux,2011,SEV_UNDER_OCC,101.98493
Rouen,76513,Quevillon,2011,SEV_OVER_OCC,0.0
Grenoble,38388,Saint-Georges-de-Commiers,2011,SEV_UNDER_OCC,213.5534
Saint-Etienne,42093,Farnay,2011,MOD_OVER_OCC,12.26046
Rouen,76474,Notre-Dame-de-Bondeville,2011,MOD_UNDER_OCC,714.15467
Saint-Etienne,42123,Lorette,2011,VSEV_UNDER_OCC,359.69939
Grenoble,38200,Jarrie,2011,MOD_UNDER_OCC,314.48007
Rennes,35245,Romillé,2011,VSEV_UNDER_OCC,490.7748
Rouen,76131,La Bouille,2011,SEV_OVER_OCC,0.0
Rouen,76457,Moulineaux,2011,SEV_OVER_OCC,0.0
Rouen,76591,Saint-Jacques-sur-Darnétal,2011,MOD_OVER_OCC,12.08992
Rouen,76474,Notre-Dame-de-Bondeville,2011,STD_OCC,554.26291
Rouen,76484,Oissel,2011,MOD_UNDER_OCC,1585.71206
Rennes,35059,La Chapelle-des-Fougeretz,2011,VSEV_UNDER_OCC,686.18762
Rennes,35351,Le Verger,2011,SEV_UNDER_OCC,166.12566
Rouen,76474,Notre-Dame-de-Bondeville,2011,SEV_OVER_OCC,7.76757
Rouen,76484,Oissel,2011,MOD_OVER_OCC,188.03364
Saint-Etienne,42093,Farnay,2011,SEV_UNDER_OCC,155.29917
Rouen,76513,Quevillon,2011,MOD_OVER_OCC,0.0
Rouen,76631,Saint-Paër,2011,STD_OCC,28.81871
Rennes,35245,Romillé,2011,MOD_OVER_OCC,11.87358
Saint-Etienne,42083,Dargoire,2011,STD_OCC,20.0
Grenoble,38200,Jarrie,2011,STD_OCC,274.38062
Rouen,76513,Quevillon,2011,SEV_UNDER_OCC,62.61794
Saint-Etienne,42123,Lorette,2011,STD_OCC,449.62424
Saint-Etienne,42031,Caloire,2011,SEV_OVER_OCC,0.0
Rouen,76484,Oissel,2011,SEV_UNDER_OCC,1046.13302
Rennes,35351,Le Verger,2011,SEV_OVER_OCC,0.0
Saint-Etienne,42083,Dargoire,2011,SEV_UNDER_OCC,40.0
Rouen,76484,Oissel,2011,VSEV_UNDER_OCC,769.90774
Rouen,76591,Saint-Jacques-sur-Darnétal,2011,VSEV_UNDER_OCC,527.92667
Rouen,76631,Saint-Paër,2011,SEV_OVER_OCC,0.0
Rouen,76131,La Bouille,2011,VSEV_UNDER_OCC,94.89231
