CodGeo;Note;nbLsPls;nbLsMes;txVac;txVac3m;txRot;txLsCol;txLsInd;txLs1p;txLs2p;txLs3p;txLs4p;txLs5pp;txLsm30;txLs30a40;txLs40a60;txLs60a80;txLs80a100;txLs100a120;txLs120p;txLsAv49;txLs49a75;txLs76a88;txLs89a00;txLs01a13;txLsAp13;txLsPlai;txLsPlusAv77;txLsPlusAp77;txLsPls;txLsPli;moyLoy;q1Loy;medLoy;q3Loy
01004;0;2112;37;4,5;1,9;9,8;93,7;6,3;6;17,8;43,5;26,3;6,4;2,6;3,8;23,9;45,9;20,3;2,9;0,7;5,4;24,6;17,1;10;15;28;10,8;34,7;38,9;13,2;2,4;6,16;5,18;5,81;6,74
01033;0;2101;0;2,1;0,8;6,9;90,9;9,1;5;21,2;38,5;26,6;8,8;2,2;5,3;25,4;40,8;23,5;2,9;0;6,8;36,3;17,1;16;8,4;15,3;6;46,1;32,4;12,3;3,2;6,08;5,16;5,98;6,62
01034;0;1126;0;3;2,6;8,7;89,1;10,9;5,2;20,4;39,2;28;7,2;1,3;9,2;28,2;42,3;16,2;1,8;1;0;54;15,4;8,1;13,8;8,7;3,6;55;37,6;3,8;0;5,9;5,13;5,95;6,47
01053;0;7211;11;2;0,9;9;92;8;7,6;23,4;33,8;28,9;6,2;2,3;5,9;27,4;41,9;20,4;1,6;0,4;2,9;42,5;22,6;10,5;14,3;7,2;4,6;56,1;31,9;6,7;0,7;6,16;5,5;6,02;6,7
01143;0;665;32;1,7;2,2;5,7;97,5;2,5;5,3;35,5;34,7;22,4;2,1;0;3,4;38,1;40,2;18,3;0;0;1,9;17,5;3,1;7;24,3;46,3;15,1;15;50,4;19,4;0;7,46;6,43;6,95;7,83
01160;0;1325;126;1,4;1;5,7;99,1;0,9;6,9;23,5;37,4;25;7,2;2,1;4,5;25,6;38,4;26,2;3,2;0;0;22,4;13,5;4,6;8,4;51;19,7;28,9;33,8;10,2;7,3;7,43;6,17;6,78;7,57
01173;0;1292;39;2,6;1,4;8;90,5;9,5;3,1;24,3;35,4;31;6,1;0,8;2,1;26;41,6;25,8;2,8;0,8;0;13,2;22,4;11,3;22,1;31;7,9;17,3;63,9;10,8;0;7,15;6,37;6,86;7,25
01194;0;710;0;2,8;0;9,3;95,4;4,6;2,1;19,1;41,1;31,1;6,6;0;3,5;23,2;48;22,6;2,7;0;0;42;12,4;25,1;13,7;6,9;2,7;42,8;42,1;12,4;0;6,84;6,18;6,83;7,5
01202;0;682;0;1,6;0;9,7;83,8;16,2;1,9;23,5;38,2;30,9;5,5;1,9;9,8;27,5;45,1;13,8;1,9;0;0;60,1;1,9;13,7;13,2;11,1;4,7;61,5;23,6;10,2;0;6,34;5,7;6,13;6,72
01244;0;798;18;3,5;1,4;9,3;84,3;15,7;4,6;21,8;33,2;29,9;10,5;0;2,3;24,3;41,1;29,2;3,1;0;0;16;41,9;18,9;17,5;5,6;5,5;23,6;63,8;7,2;0;6,45;5,75;6,32;7,13
01249;0;786;0;1,7;1,4;8;96,3;3,7;4,1;23,9;32,7;29,9;9,5;1,4;6,2;31,2;40,2;17,7;3,3;0;1,4;51,7;14,1;13,6;3,7;15,5;3,7;57,2;32;5,4;1,7;6,4;5,45;6,13;7,06
01262;0;673;0;5,7;2,2;7,6;95,3;4,7;4,8;24,5;34,4;26,6;9,7;0;4,5;31,8;47,3;13,7;2,8;0;0;52;31,2;4,2;4;8,6;0;78,4;11,7;9,9;0;6,36;5,28;6,15;7
01283;0;4358;54;3,5;1,7;8,3;96,3;3,7;5,6;18,1;39;28,9;8,4;2,2;3,8;31,2;44,9;15,9;2;0;1,3;67;11,4;6,2;6,8;7,3;1,8;74,3;13,6;7,8;2,5;5,67;4,93;5,56;6,13
01289;0;598;11;1,9;0;14,4;72,9;27,1;11,5;11,5;34,4;30,6;11,9;6,9;5,6;17,8;35,1;25,8;6,7;2;0;31,8;24,7;7,3;15,8;20,3;3;29,2;51,3;16,5;0;6,47;5,68;6,16;6,67
01354;0;1508;51;1,7;0;7,1;93,4;6,6;4,2;28,3;40,2;22,8;4,6;0;3,7;29,7;38,5;24,9;2,4;0,9;0;2,8;21,9;18,9;15,2;41,2;7,2;11;58;23,9;0;7,58;6,46;6,83;7,8
01427;0;769;0;0;0;6,4;83,8;16,2;0;19,8;31,9;34,9;13,4;0;4,2;22,5;39,1;28,3;4,6;1,4;0;36,9;21,1;17,8;8,9;15,3;6,9;35;48,7;9,4;0;6,56;5,84;6,73;7,31
01451;0;444;0;2,5;0;9,9;53,4;46,6;0;16,7;30,7;42,7;9,9;0;2,4;14,2;33;44,2;6,1;0;0;0;26,6;17,6;31,8;24,1;6,7;0;73,5;19,8;0;6,81;5,99;6,55;7,39
02168;0;2633;11;3,3;2,4;9,3;95,2;4,8;4,9;15,3;40,4;32,4;7;1,3;2,2;30,9;50,9;13,7;0,6;0,4;2,3;56,4;15,1;7,3;9,6;9,3;3,3;67,1;22,3;4,2;3,1;5,92;5,16;5,71;6,43
02173;0;1548;0;0,9;0,7;11,2;81,2;18,8;4,8;23;36,3;26,2;9,7;0,8;3,8;29,9;47,2;16,9;0,7;0,7;0;58;28,2;4,4;6,5;2,9;3;69,1;27,3;0;0,7;5,64;5,03;5,55;6,24
02340;0;538;0;0;2,3;8,4;62,7;37,3;5,2;18,4;31,2;25,1;20,1;0;6,2;20,5;38,6;26,4;8,2;0;0;3;44,3;28,2;24,5;0;4,5;34,7;58,2;2,5;0;6,15;5,57;6,29;6,6
02381;0;950;0;6,1;3,1;11,8;79,7;20,3;6,4;18,5;35,6;31,9;7,7;0;3,5;28,5;47,1;17,8;1,2;1,8;1,2;51,4;27,8;6,9;8,2;4,5;5,7;61,3;26,4;6,5;0;5,33;4,79;5,18;5,78
02408;0;5441;36;3,7;2;11,3;82,9;17,1;5;18,3;32,4;30,8;13,5;2;4,3;20,5;41,1;24,3;7;0,7;1;49,8;26;11,7;10,4;1,1;2,2;65,4;29,8;1,6;0,9;5,41;4,79;5,22;6,03
02691;0;7541;77;1,1;0,6;9,1;79,5;20,5;2,8;21;40,1;29;7,1;0,8;2,8;27,3;48,5;16,2;3,6;0,7;1,1;57,7;15;12,9;11,3;2;3,9;64,6;25;6;0,5;5,6;4,96;5,48;6,1
02722;0;5726;0;2,6;1,7;8,5;87,9;12,1;5,6;22,1;36;27,6;8,7;2,2;6,5;30,2;44,1;14,2;2,5;0,2;1,4;62,8;17,6;4,4;7,4;6,4;1,8;68,9;22,1;5,1;2,1;5,6;4,89;5,32;6,12
02738;0;2233;0;3,7;2,1;12,1;84,4;15,6;4,2;21,8;34,4;31,4;8,2;0,6;3,1;32,3;38,7;21,1;3,3;0,8;12,8;38,6;25;19,3;3,5;0,9;4,1;62,3;32,2;1,4;0;5,6;4,87;5,61;6,24
02810;0;1789;27;1,6;2;8,5;86,1;13,9;5;19,7;36,2;30,2;8,9;1,6;2,5;28,3;51,2;14,2;2,3;0;1,3;39,2;14,5;15,8;18;11,3;3,7;36,2;44,4;13,2;2,6;6,55;5,86;6,37;6,96
03023;0;672;0;1,7;1,7;6,7;75,9;24,1;2,2;17,4;34,2;41;5,2;1,7;0;25,6;47,5;23,6;1,7;0;0;54,4;0;12,9;28,1;4,5;4,4;54,4;41,2;0;0;5,59;4,89;5,69;6,28
03082;0;917;0;6,7;6;9,5;93,3;6,7;2,5;10,6;48,5;37,2;1,2;1,7;1,2;15,8;74,5;6,7;0;0;0;69,8;11,3;7,7;7,7;3,4;2;83,2;14,8;0;0;4,43;4,03;4,11;4,59
03095;0;1340;0;0,8;0;8,2;83,9;16,1;3,7;20,9;39,5;30,6;5,4;0;5,8;35,1;35,9;18,6;3,4;1,3;3,2;54,7;12,2;17,7;8,9;3,4;3,6;60,4;33,3;2,7;0;5,75;5,16;5,67;6,23
03101;0;403;0;3,1;5,3;11,2;56,7;43,3;2,7;23,5;32,1;35,3;6,4;2,7;0;17,3;41,6;34,8;3,6;0;0;10,7;28;29,4;31,9;0;4,3;10,5;85,2;0;0;6,09;5,55;6,32;6,65
03118;0;256;0;0;0;9,3;52,1;47,9;5,1;19,1;36,2;30;9,7;0;4,4;19,6;43,6;28;4,4;0;4,6;29,4;26;23,7;11,8;4,6;13;32;54,9;0;0;5,59;4,62;5,85;6,17
03185;0;4549;0;11,4;9;11,9;88,2;11,8;8;21,3;36,9;28,1;5,7;5,1;3,5;32,5;43,4;12,8;2,6;0;3,9;53,7;15,4;9,9;15,2;1,9;1,5;61,4;36,5;0,6;0;5,6;5,06;5,55;6,25
03190;0;3332;12;5,7;4,2;9,5;92,9;7,1;8;22,9;43,2;20,7;5,1;2,2;5;28,1;44,2;18,2;2;0,3;0,3;56,2;24,6;5,4;10,1;3,4;1;73,9;20,7;2,8;1,6;5,33;4,73;5,13;5,78
03254;0;186;0;0;0;5,8;41,2;58,8;0;20;35,7;38,4;5,9;0;6;16,9;37,7;39,3;0;0;0;0;53,4;35,8;10,9;0;8,1;23,2;68,6;0;0;6,1;5,83;6,13;6,51
03310;0;1983;18;3;2,2;11,6;96,5;3,5;9,3;17,3;41;29,9;2,5;2,5;7,1;31,5;46,2;11,4;1,3;0;4,6;35,7;19,3;18,5;13,4;8,6;7,3;39,4;46,6;4;2,6;6,18;5,64;6,01;6,55
03321;0;837;39;6,6;5,9;10,8;66,3;33,7;4,5;7,9;52,1;28,2;7,3;0;2,2;9,7;60;22,8;3,9;1,3;3;49,6;12,3;8,3;16,9;10;3,7;54,4;41,9;0;0;5,5;4,86;5,4;6,13
04049;0;434;0;3,6;2,5;11;67,8;32,2;0;18,2;44,6;33,3;3,9;0;0;27,9;51;21,2;0;0;0;30,1;6,2;27,6;33,4;2,7;4,5;28,9;64;2,6;0;6,41;5,74;6,48;6,94
04070;0;1899;0;1,8;0,6;17,7;87,6;12,4;20,8;15,7;28,6;28,4;6,5;15,7;5,9;18,2;37;20,6;2;0,6;0,7;32,1;13;25,7;25,7;2,8;8,2;31,9;58,3;1,6;0;6,28;5,38;6,22;6,91
04112;0;1860;73;0,7;0,8;6,6;84,8;15,2;3;19,4;39,8;33,7;4,1;1,5;4,3;21,3;52,3;20;0,6;0;0;21,4;8,2;17,2;22,6;30,6;20,7;19,5;54;5,8;0;6,45;5,57;6,45;7,09
04209;0;596;0;2,6;2,1;7,2;78,8;21,2;0;14,9;36,3;41,2;7,6;0;1,8;23,4;47,7;23,5;1,8;1,8;2;42,5;11,7;25,2;12,9;5,8;7,9;42,1;50;0;0;5,86;5,09;5,94;6,57
05023;0;1297;0;4,9;3,5;7,4;95;5;3,7;17,9;40;31,9;6,5;0,8;2,6;21;54,8;18,1;2,7;0;4,8;37,5;20,2;21,4;8,1;7,9;3;41,6;50,7;3,3;1,4;5,88;4,86;5,67;6,71
05046;0;630;0;0;0;9,6;91,2;8,8;8,9;19,6;37,7;28,1;5,6;0;6;33,8;41,2;15,7;3,2;0;24,5;21,2;27,6;6,1;14,9;5,8;1,8;37,6;57,1;3,5;0;5,71;4,8;5,62;6,55
05061;0;3661;82;4;1,6;7,2;87,8;12,2;3,1;20,1;39,7;31,9;5,2;0,8;3;22,4;47;23,6;2,8;0,4;2,5;30;24,3;19,4;18,3;5,4;4,7;42,8;48,8;2,8;1;5,92;4,8;5,84;6,87
06004;0;4961;73;1,4;0,3;5,1;98,9;1,1;5;28,9;41,6;21,6;2,9;2,8;3,6;32,4;46,6;14;0,7;0;2,2;10;11,4;14,2;33;29,3;23,8;14,7;43,2;16,2;2,1;7,52;6,44;7,37;8,15
06012;0;734;0;9,9;8,1;4,5;100;0;10,1;29,1;36,2;21,7;3;5,9;2,5;41,9;36,9;12,8;0;0;19,1;24,1;15,9;4,8;4;32;5,7;24,4;57,2;7,2;5,4;7,42;5,99;6,96;7,83
06018;0;548;46;0;0;3,4;72;28;26,8;23,9;29,1;14;6,2;27,1;5,9;22,5;34,9;7,6;2;0;0;2,4;24,1;10,2;44,7;18,6;7,4;2,3;48,5;41,8;0;7,07;6,17;7,11;7,66
06027;0;2315;103;0,9;0;5,4;99,1;0,9;4,8;32,5;44,6;16,5;1,6;1,9;5,8;37,2;44,9;10,2;0;0;1,7;9,6;15,8;16,2;22,2;34,5;11,3;12,8;59,5;15,3;1,1;7,97;7,02;7,62;8,33
06029;0;6812;29;1,6;0,9;5,7;99,7;0,3;8,9;20,6;41,3;24,6;4,7;5,2;6,9;31,5;45,2;9,9;1,1;0,2;0,6;41;9,8;22,2;17,9;8,6;4,3;39,3;39,5;14,6;2,2;7,5;6,41;7,28;8,2
06030;0;1853;148;4,9;1,9;5,3;100;0;5,7;25,5;37;27,7;4,1;1,4;5,9;28,1;55,9;8;0,7;0;0;41,6;19,4;10,8;3;25,2;9,9;42,8;38,9;3,7;4,7;7;5,61;6,99;7,82
06033;0;1137;38;1,4;0;3,8;100;0;1,8;14,6;33,9;38,9;10,8;1,8;1;13,6;59,3;23,1;1,2;0;0;71,4;6,6;0;3,8;18,2;6,4;67,8;23,5;2,4;0;6,23;5,47;5,92;6,78
06044;0;237;19;0;0;9,3;87,7;12,3;5,3;28,4;44,4;21,8;0;0;0;26,9;65,3;7,8;0;0;0;0;24,7;7;6,6;61,7;19,1;0;72;8,9;0;7,7;6,85;7,41;7,87
06048;0;181;0;5,6;0;13,8;100;0;5,9;25,1;43,3;17,7;7,9;5,5;0;43,7;30,7;20,1;0;0;0;61,7;0;0;15,9;22,4;5,4;61,4;33,2;0;0;6,1;4,82;6,06;7,21
06065;0;84;0;;;;;;;;;;;;;;;;;;;;;10,6;;;;;;;;7,36;6,23;6,81;7,35
06069;0;3164;12;1,6;0,5;5;98,9;1,1;4,2;21,8;41,9;26,8;5,2;1,2;5,2;24,1;53,7;14,1;1,3;0,4;2,1;27,1;20,8;20,6;15;14,3;6,3;23,9;58,6;9,4;1,8;7,28;6,2;7,19;7,92
06079;0;1125;0;1;0;5,2;93,2;6,8;3,6;23,9;42,4;28,9;1,2;1,1;2,4;25;54,8;16,8;0;0;0;1,4;29,5;25,7;28,7;14,6;10,1;1,1;63,7;23,8;1,3;8,15;7,13;7,94;8,82
06083;0;1888;0;0;0;5,7;98,9;1,1;7,3;27,4;38,7;23,2;3,6;4,2;5,6;32,9;43,8;12,4;1,1;0;2,4;27;17,1;16,1;10,8;26,6;7,9;24,9;53,7;11,9;1,7;7,65;6,57;7,34;8,06
06084;0;635;0;1,7;0;4,5;100;0;2,6;27,4;46,3;19,3;4,4;0;1,8;26,3;50,8;17;2,3;1,7;0;0;12,3;10,8;1,9;75;21,4;0;74,8;3,8;0;7,46;6,94;7,43;7,79
06085;0;1114;100;2,2;0;7,2;94,2;5,8;4,9;31,9;42,2;19,7;1,3;2,1;4,5;31,2;48,2;12,6;1,3;0;1,2;0;11,1;20,8;12,6;54,2;17,3;0;65,3;14,7;2,6;8,11;7,03;7,61;8,45
06088;0;25258;272;1,2;0,7;4,3;98,9;1,1;10,6;23,7;37;23,6;5,1;7,3;5,8;30,1;41,9;13;1,6;0,2;5,9;37,9;14,1;13,8;13,8;14,6;8;37,2;45,3;7,3;2,1;7,05;6;6,88;7,67
06090;0;178;0;0;0;6,5;100;0;0;32,2;53,2;14,6;0;0;0;37,2;56,4;6,4;0;0;0;0;0;23,5;49,5;27;23,9;0;34,4;41,7;0;8,54;7,12;7,76;9,89
06095;0;483;33;4,2;4,2;7,2;97,5;2,5;8;31,4;42,6;15,8;2,3;4,7;0;34,2;53,6;7,5;0;0;0;15,5;8,8;0;8,6;67;21,2;9,6;62,5;4,6;2,2;7,53;6,68;7,37;7,94
06104;0;549;39;2,4;0;4,9;100;0;10,9;33,9;35;18,3;1,9;2;10,7;38,7;40,6;7,9;0;0;2,1;13,9;16,9;6,1;31,4;29,6;11;16,5;47,9;24,6;0;8,37;6,86;7,63;9,12
06105;0;282;50;3,9;0;8,4;87,8;12,2;6;36,5;39;18,4;0;3,8;22,6;31,4;31;11,1;0;0;0;0;4,9;0;24,4;70,7;23,6;0;59,8;16,6;0;7,99;6,87;7,61;7,98
06123;0;1913;42;0,6;0;4,7;98,4;1,6;5,4;25,3;41;24,8;3,5;1,1;5,8;26,2;49,5;17,4;0;0;0;28,4;9,4;9,8;14,2;38,2;11,2;31,9;44,4;10,5;2;7,36;6,46;7,14;7,78
06149;0;626;0;0;0;5,7;96,8;3,2;1,8;14,2;39,3;36,2;8,6;0;1,7;19,2;60;16,5;2,5;0;0;16,8;52,8;15,7;2,9;11,8;3,7;16,8;77,8;0;1,8;6,58;5,51;6,92;7,49
06152;0;1086;0;0;0;4,1;94,9;5,1;39,3;12,5;18,7;21,5;7,9;35,2;3,9;10,9;28,3;17,7;2,9;1,1;0;1;50,4;2,2;46,4;0;1,8;1;65,6;5,5;26;7,65;6,79;7,4;8,28
06155;0;1269;26;2,1;1,2;4,5;100;0;7,9;29,5;37,9;20,5;4,1;6,8;4,5;35,9;36,4;13,1;3,4;0;3,8;50,7;6;5,6;13,9;19,9;14,4;28,6;45,9;7,5;3,7;6,66;5,45;6,5;7,38
06157;0;659;0;1,7;0;5;90,7;9,3;11,3;27,2;39,1;19;3,3;4,3;10,1;27,5;42,8;13,5;0;1,8;4,4;15;30,5;17,3;2,6;30,2;19,4;19,6;53,6;5,5;1,9;6,95;6,24;6,69;7,47
06159;0;138;30;0;0;;;0;12,1;33,3;26,2;20,6;7,8;21,4;9;29,7;32,4;7,6;0;0;8,6;10,8;20,1;0;0;60,4;8,3;11,4;22;58,3;0;10,25;6,33;11,46;12,82
06161;0;876;23;1,2;0;13,5;98,1;1,9;12,5;30,4;41,8;15,3;0;6;4,6;36,1;44,6;7,4;1,3;0;0;8,3;3,8;0;22,7;65,2;17,8;2,9;51,1;28,1;0;8,04;7,02;7,49;8,16
07010;0;2446;16;4,1;2,7;9,2;93,2;6,8;5,1;17;41,8;28,6;7,5;0;4,5;19,2;50,9;22,3;3,1;0;1,8;61,6;16,6;7,5;8,7;3,8;3,1;68,9;26,2;1,3;0,5;5,11;4,27;4,96;5,86
07019;0;960;0;1,2;0;8,7;85,1;14,9;1,3;16,6;40,4;32,5;9,2;0;0;22;55,6;20,5;1,9;0;4;51,8;3,7;0;21;19,5;4,8;53,5;39,1;2,7;0;5,66;4,87;5,42;6,34
07042;0;496;0;0;2,2;8,1;89,1;10,9;0;8,5;36,9;47,3;7,3;0;0;18,1;64,4;17,5;0;0;0;78,1;0;0;12,6;9,3;6,2;76,2;17,5;0;0;5,44;5,04;5,25;5,59
07102;0;309;0;0;0;3,9;83,6;16,4;0;26,8;42,4;27,4;3,4;0;0;24,9;51,1;23,9;0;0;0;3,3;10,5;9,3;25,1;51,8;18,2;0;81,8;0;0;7,09;6,7;6,99;7,61
07186;0;1241;18;2,8;1,6;7,9;94,7;5,3;3,1;22,1;39,5;28,3;6,9;0,9;2,7;28,7;48;18,6;1,1;0;0;61,1;18;5,3;9,3;6,3;2,3;69,9;25,5;2,3;0;5,45;4,91;5,32;6
07281;0;309;0;0;0;3,6;72,2;27,8;0;18,3;29,3;40;12,3;0;0;14,6;44,6;37,3;3,5;0;0;19,6;13,4;24,1;22;21;8;17,4;68,2;6,4;0;6,6;5,68;6,8;7,46
07319;0;702;13;1,6;1,6;9,7;78,9;21,1;0;19,3;39,3;30,9;10,6;0;1,7;26,4;45,7;21,9;2,7;1,7;1,7;44,3;8,4;15,2;14,5;15,8;6;37,9;46,9;5,3;3,9;5,89;5,22;5,9;6,45
07324;0;576;0;0;0;5,2;96,1;3,9;0;18,4;41,2;33,1;7,4;0;2,3;17,9;57,6;20,2;2;0;2,1;58,2;9,5;4,3;22,3;3,6;2,8;58,9;31,9;2,8;3,6;5,4;4,69;5,12;5,97
07349;0;551;0;2;2,6;8,6;91,6;8,4;2,3;16,5;32;42,7;6,5;0;0;17,3;63,6;17,1;2;0;0;63,9;16,3;13,9;5,9;0;2,3;65,7;28;0;4,1;5,29;4,38;5,02;6,01
08081;0;464;0;6,4;5,6;12,2;97,6;2,4;0;12,4;49;29;9,5;0;0;28,6;50,4;16,5;4,4;0;2,3;85,6;6,8;0;2,5;2,8;2,8;86,8;7;3,4;0;4,56;4,1;4,58;5,01
08105;0;10337;30;2,5;1,2;12,1;87,9;12,1;5,4;15,9;34,9;31,5;12,4;2,2;3,5;22,4;43,1;23,3;5;0,6;4,2;52,1;15,5;13,6;5,7;8,7;4,1;60,5;31;2,2;2,1;5,45;4,8;5,31;6,07
08185;0;260;0;0;4,5;9,2;75;25;0;11,4;34,3;33,2;21;0;5,6;27,1;31,2;27,5;8,6;0;0;50;0;4,4;36,7;8,9;6,1;48,7;45,1;0;0;5,44;5;5,38;5,73
08190;0;693;0;2,3;0;11;81,5;18,5;3;10,7;40,6;33,2;12,4;0;4,4;24;43,8;26;1,9;0;0;41,9;37,2;9,7;6,2;5;6,5;59;34,5;0;0;5,38;4,7;5,09;5,95
08328;0;807;0;1,6;1,8;11;59,4;40,6;1,4;7;40,1;39,3;12,2;0;3,8;22,8;46,6;17,4;9,4;0;13,5;50,1;8,2;12,5;9,9;5,8;6,4;54,8;32,2;4,1;2,5;5,3;4,87;5,34;5,66
08362;0;1292;0;1,2;0,9;9,1;82,6;17,4;2,4;18,6;30,5;31,6;16,9;1,3;2,9;33,2;29,6;29;4;0;0,8;61,5;13,6;12,8;11,3;0;1,8;73,7;22,9;0;1,7;5,22;4,49;5,12;5,89
08363;0;526;0;2,7;2,1;11;73,1;26,9;3,7;8,6;48,7;27,9;11;0;4,9;34,4;39;15,2;6,5;0;4,5;52,1;2;19,2;3,4;18,8;8,7;52,7;38,6;0;0;5,48;5;5,47;5,87
08409;0;3703;0;4,2;3;10,7;85,2;14,8;4,3;19,8;37;29,1;9,7;0,4;4,4;26,2;38,1;26,8;3,3;0,8;3,8;43,2;28,5;7,2;8,7;8,6;2,8;55,9;38,5;2,1;0,6;5,34;4,74;5,2;5,83
08490;0;484;0;9,4;4,9;13,4;87,6;12,4;2,4;23;36,3;27,3;11;0;3,3;28;50,2;15,6;2,9;0;0;64,5;18,8;16,7;0;0;0;83,4;16,6;0;0;5,1;4,51;4,84;5,66
09122;0;585;0;0;0;10,4;90,5;9,5;1,9;19,2;40,4;25,5;13,1;0;1,9;18,5;50,3;22;7,3;0;0;64;8,3;0;20,5;7,1;3,1;63,2;33,7;0;0;5,26;4,52;4,85;6,1
09160;0;207;0;0;5,9;10,8;100;0;10;21,4;43,8;19;5,7;0;5,5;24,6;56,3;13,6;0;0;0;39,7;22,5;37,8;0;0;0;39,2;60,8;0;0;5,3;4,95;5,25;5,66
09225;0;1063;0;0;0;9,7;87,8;12,2;2,4;16,9;38,5;34,5;7,7;0;1,5;20,2;54,7;22,6;1;0;1;46,6;17,6;5,7;27,6;1,4;5,6;54,4;40;0;0;5,58;4,98;5,46;6,25
09261;0;229;0;0;0;8,4;62,6;37,4;0;6;47,4;36,2;10,3;0;0;5,7;61,3;25,7;7,4;0;0;38,9;11,1;17,5;11,1;21,4;6,5;39,2;54,3;0;0;5,46;5,01;5,61;5,88
10033;0;1056;15;9,3;4,5;11,7;82,4;17,6;2,9;17,3;35,9;33,2;10,6;1,1;3,4;35,6;37,5;17,3;4;1;0;65,5;16,2;2,8;11,2;4,3;1,4;67,9;22,3;7;1,4;5,32;4,71;5,13;5,73
10081;0;3046;92;2,6;1,1;9,5;91,7;8,3;5,1;18,2;36,5;34,6;5,6;0,4;3,1;27,6;46,5;19,8;2,2;0,4;0,7;71,2;8,6;0,9;6,3;12,3;8,1;64,2;26,5;0,9;0,4;5,39;4,84;5,29;6,02
10268;0;949;0;4,9;2,9;9,4;79,7;20,3;6,1;16;32,2;32,5;13,2;1,8;3,4;27,7;43,2;18,5;4,2;1,1;2,9;52;21,5;8,8;11,6;3,3;0;53,6;28,5;9,1;8,8;5,94;5,05;5,79;6,63
10323;0;2183;37;5,3;2,9;9,6;72,6;27,4;3,7;21,8;36,2;30,5;7,8;0,5;2,9;31,4;40,6;20,8;3,7;0;2,2;57,3;9,8;8,3;17,9;4,4;3,5;50,4;37,5;4,2;4,4;5,59;5;5,57;6,06
10333;0;1605;78;4,2;3;9,3;86,1;13,9;5,9;24,4;33;30,5;6,4;3,3;2,5;25,5;43,4;21,8;3,4;0;1,3;27,2;40,3;6,3;8,2;16,6;6,1;53,9;32,9;4,1;3;6,46;5,79;6,23;6,71
10343;0;768;0;2,5;1,7;9,7;71;29;3,9;26,6;32,1;27;10,4;1,6;3,2;34,6;33,9;19,8;5,1;1,8;1,4;35,3;4,6;30,9;9,2;18,6;5,8;35,2;45;8,6;5,4;6,46;5,6;6,33;7
10362;0;1338;0;2,7;0;8,1;92,7;7,3;3,4;24,4;42,6;23,1;6,4;0,9;1,9;31,8;45,9;14,8;3,9;0,8;14,2;23,5;14,2;17,2;25,1;5,8;4;24,5;50;13,5;8,1;6,65;5,93;6,34;7,11
10387;0;11659;78;3,4;1,4;12;92,1;7,9;12,4;23,8;35,2;21,7;6,9;7,8;7,5;32,2;35,8;12,5;3,5;0,6;10,4;44,1;12,1;11,9;12,3;9,3;3,5;53;29,8;8,7;5;6,29;5,33;5,99;6,79
11069;0;4737;12;2,6;1;8,4;83,9;16,1;7,2;17;35,1;32;8,7;3,6;5,6;23,5;43,8;22;1,4;0;5,7;47,8;13,1;12,8;11,3;9,4;5,2;48,9;44,4;1,3;0,2;5,99;5,33;5,98;6,5
11076;0;893;0;3,1;0;9,4;83;17;0;21,6;39,6;27,5;11,3;0;1,5;24,8;51,7;22;0;0;0;45,7;12,5;6,6;7,9;27,2;9,2;44,6;42,1;1,8;2,3;5,7;4,97;5,61;6,42
11106;0;218;35;0;0;10,8;69,7;30,3;7,5;15,1;35,4;34,9;7,1;0;0;22,1;61,3;16,6;0;0;0;0;0;26,4;5;68,6;24,9;0;75,1;0;0;6,23;5,95;6,25;6,65
11116;0;89;0;;;12,5;;;;;;;;;;;;;;;;;;;;;;;;;;6,29;6,08;6,32;6,57
11203;0;637;0;0;0;8,7;46,8;53,2;1,7;7;32,3;44,6;14,5;1,7;0;10,9;43;39,2;5,2;0;0;26,7;32,7;12;28,5;0;8,4;36,3;51,3;0;4,1;5,63;4,95;5,6;6,1
11206;0;632;40;1,9;1,9;6,4;50,5;49,5;6,3;9,5;34,5;39;10,7;2,8;4,6;13,1;39,8;35,5;2,5;1,7;0;18,9;10,7;12,4;30,7;27,2;18,2;21,9;49,8;0;10;5,63;5,21;5,7;6,04
11262;0;6183;31;2,4;1,1;6,7;84,5;15,5;3,9;18,2;42,1;29,2;6,6;3,1;2,3;23;47,6;22;2;0;6,1;37,9;19,1;9,7;8,9;18,2;9,4;43,6;43,7;1,1;2,2;5,97;5,19;5,8;6,61
11266;0;559;0;2,2;0;10,4;81,7;18,3;0;13,1;38,9;40,6;7,4;0;0;19;56,4;24,6;0;0;0;64,3;13,3;0;4,8;17,7;5;64,7;30,4;0;0;5,62;5,03;5,7;6,07
11379;0;200;59;0;0;8,3;82;18;5;21,6;39;28,4;6;0;0;29;43;28;0;0;0;5,1;0;15,9;5,6;73,4;26,6;0;73,4;0;0;6,27;5,93;6,25;6,6
11397;0;413;0;5;2,7;7,8;64,1;35,9;2,8;3,5;36,5;39,1;18,1;0;0;5,1;67,3;25;2,6;0;0;45,3;43,4;3,1;5,7;2,6;2,6;79,2;18,2;0;0;5,43;4,91;5,33;6,07
12089;0;668;0;12,6;11,1;14;94,1;5,9;2,6;20;46,5;20,9;10;0;5,2;23,1;58,5;11,6;1,6;0;1,7;82,4;5;2,4;6,6;1,9;6,3;63;14,3;0;16,4;5,03;4,19;5,03;5,83
12145;0;1477;26;1,9;1;6,5;90,7;9,3;7,4;16,6;34,9;33,8;7,2;4,4;5,7;23,1;47,4;17,2;2,1;0;17,3;45,2;12,9;9,1;11;4,6;10,4;43;42;2,3;2,3;5,23;4,34;5,43;6,11
12176;0;1056;0;3,7;0;9;95,3;4,7;4,5;20,5;41,8;27,3;5,9;1,1;2,5;34,5;47,7;14,2;0;0;1,8;47,2;28,2;0;13,1;9,6;6,7;74,8;17,2;1,2;0;5,05;4,09;4,85;5,81
12202;0;1488;73;2,3;0,8;9,8;94,7;5,3;9,3;25,1;34,3;27,2;4;7,1;4,6;32,6;38,5;14,2;2,3;0,7;8;37,4;7,8;13,7;17,7;15,3;16,5;38,9;41,5;3,2;0;5,54;4,58;5,49;6,38
12208;0;434;0;5,2;2,6;10,6;97,5;2,5;11,4;18,9;29,1;35,4;5,1;0;9,1;30,4;50,7;7,3;2,5;0;3,4;58,3;19,5;9,4;9,4;0;0;78,9;18,5;0;2,6;5,63;5,22;5,53;6,07
12300;0;441;0;2,5;0;10;86,5;13,5;8,4;15,9;34,7;34,3;6,7;2,9;3,3;15,2;47,8;28,4;2,4;0;7,1;72,8;4,2;3,8;4,5;7,6;7,2;68,4;21,3;3,1;0;4,6;4,06;4,37;4,83
13001;0;13093;138;1,7;0,7;5;98,7;1,3;11,9;15,6;35,2;29,4;7,9;8,3;3,7;20,9;42,9;20,1;3,5;0,6;0,7;51,6;13,8;16,2;9,2;8,6;4,6;55,2;25,8;10,4;4;6,09;4,62;5,25;7,47
13002;0;644;0;0;0;6,6;97,5;2,5;0;33,2;43,7;20,5;2,6;2,9;8,1;40,4;39,2;9,4;0;0;12,9;5;0;11,3;36;34,9;11;19,5;58,6;10,8;0;7,31;6,84;7,38;7,84
13004;0;6005;58;6,4;4,7;6,4;90,4;9,6;4,3;14,8;35,1;37,5;8,3;0,8;6,8;27,8;48,9;14,8;1;0;1,4;69,2;9,8;7,1;7,6;4,9;4,3;73,7;17,7;1,3;3;5,89;5,2;5,8;6,52
13005;0;5190;0;2;1;4,4;95,2;4,8;2,6;13,9;45,1;32,2;6,2;1,3;2,7;28,8;48,9;17,4;0,9;0;2,2;39,2;21,3;16,3;10;11;13,8;38,4;44,7;2,1;1,1;6,58;5,64;6,57;7,33
13007;0;606;101;1,8;0;5,6;100;0;4,9;28,2;40,1;26,8;0;0;3,8;28;55,7;12,5;0;0;0;0;15,8;25,8;9,2;49,2;17;16,9;58,9;5,1;2,1;7,01;6,61;7,23;7,63
13014;0;1365;0;1,6;1,6;5,9;95,3;4,7;2,4;14,6;41,5;34;7,6;1,2;4,8;33,2;49,5;11,3;0;0;12;67;13,3;6,8;0;0,9;5,1;59,4;34;0,8;0,8;5,79;5,1;5,71;6,31
13015;0;694;0;1,6;0;6;82,9;17,1;0;27;43,7;25,7;3,7;0;1,6;27,8;50,3;16,9;3,4;0;1,6;7,6;2,2;12,7;38;38;17,7;6,4;54,1;16,9;4,9;7,73;6,72;7,31;8,09
13019;0;160;0;0;0;7,8;64,9;35,1;0;31,1;35,6;27,1;6,2;0;0;32,9;50;17,1;0;0;0;10,5;0;24,6;58,5;6,4;23,7;7,9;42,1;26,3;0;8,41;7,26;7,78;9,74
13021;0;51;0;;;;;;;;;;;;;;;;;;;;;;;;;;;;;7,33;6,79;7,27;7,71
13022;0;342;66;0;0;0;92,5;7,5;0;27,4;39,8;28,9;4;0;0;24,7;54,4;20,9;0;0;0;6,1;33,6;0;25,7;34,6;0;6,2;61,2;32,6;0;8,45;7,33;7,9;9,72
13026;0;1478;40;1,4;0,8;6,3;85,6;14,4;0;25,8;40,4;30;3,8;0;0,8;28,4;49,9;20,1;0,7;0;0;17,3;2,2;10,9;25,7;43,9;21,8;16,8;50,2;10,4;0,7;7,02;6,1;6,95;7,52
13027;0;1147;0;3,4;2,7;6,3;90,2;9,8;3,8;17,8;37,7;34,2;6,4;1;3,3;27,1;47,1;18,3;3,2;0;1;42,4;5,4;11;24,1;16,2;5,9;44,5;31,5;8;10,1;6,45;5,35;6,45;7,32
13028;0;4374;27;0,9;0,3;5,3;97,4;2,6;1,8;18,5;43,7;31,2;4,8;0,8;2,7;20,8;66,7;8,3;0,4;0,3;0,3;57,1;7;3,7;16,4;15,5;6;56,1;21,3;15;1,6;6,39;4,89;5,89;7,4
13032;0;210;31;0;0;7,5;88,1;11,9;4,7;29,7;29,7;26,3;9,5;0;0;29,6;47,8;22,6;0;0;0;26,1;0;21,1;14,2;38,5;10,6;30,2;45,5;0;13,6;6,93;5,16;6,74;7,6
13035;0;215;18;4,9;0;6,1;74,4;25,6;5,2;31;43,2;20,5;0;0;5,2;31,8;58,4;4,7;0;0;0;0;0;5,3;22,7;72;32,4;0;59,5;8,1;0;6,93;6,15;6,89;7,15
13037;0;327;63;0;0;7,3;96,5;3,5;3,7;35,8;36,7;20,4;3,4;0;3,4;39,4;43,2;14;0;0;0;0;0;3,7;32,6;63,8;22,2;0;65,7;12,1;0;7,1;6,42;6,83;7,26
13039;0;1172;0;1;1;5,2;60,4;39,6;2;16,8;33,6;36,8;10,7;1;3,1;16,5;45;32,2;2,1;0;1;0;30,7;37,1;17,7;13,4;10,4;0;83,8;5,8;0;7,46;6,92;7,54;7,87
13040;0;283;22;0;0;8,7;49,5;50,5;0;16,1;36,6;38,7;8,6;0;0;20,1;29,9;40,8;9,2;0;0;6,1;22,9;0;24,2;46,8;18,9;15,3;55,8;10;0;6,76;6,56;6,74;7,36
13041;0;2390;15;1,2;0,5;5,5;82,9;17,1;5,3;15,7;37,8;33,7;7,5;4,5;2,5;22,2;44,7;24,1;1,5;0,5;6,2;15,9;34;12,9;13;18;12;13,2;56,3;5,5;12,9;7,35;6,62;7,25;7,97
13042;0;108;0;;;;;37,7;;;;;;;;;;;;;0;0;0;0;37,7;;;;;;;7,82;7;7,66;7,89
13043;0;403;0;2,7;0;3,8;85;15;4,7;26,2;43;26,2;0;0;0;30,1;48,5;21,4;0;0;0;0;38,1;10,9;0;51;25,1;0;69,1;3;2,8;7,42;6,95;7,29;7,53
13047;0;5318;85;2;1;7,3;90,7;9,3;2,5;16,7;40,3;34,3;6,1;0,2;3;20,7;50,2;24,8;1,1;0;1,9;31,8;18,4;17,8;11,7;18,4;7,1;34,9;50,8;6,6;0,6;6,59;5,41;6,64;7,52
13050;0;353;15;0;0;11,1;84,5;15,5;4,3;21,9;42,9;27;4;0;9,1;17,9;50,4;19,6;3;0;0;16;0;0;46,1;37,9;14;17,1;35,1;33,7;0;7,11;6,06;6,76;8,69
13051;0;281;47;0;0;9,8;79,8;20,2;0;42,7;36,5;20,8;0;0;9,5;28,1;55,8;6,7;0;0;0;0;0;0;11,7;88,3;20,7;0;60,2;12,2;6,9;7,76;6,55;7,05;9,31
13054;0;2124;0;1,4;0,5;10,1;90;10;2;17,3;41,2;33,5;6,1;0,7;3;24,7;56,4;13,5;1,7;0;2,1;46,8;14,1;15,9;3,9;17,2;11,1;30,4;52,3;4,5;1,7;6,98;5,73;7;7,77
13055;0;78104;699;2;0,9;5,1;97,8;2,2;6,4;17,1;39,2;29,5;7,7;3,8;5,2;28,3;45,8;14,9;1,7;0,2;6,5;55,7;8,9;8,2;11,7;9;5,5;56,1;25;8,1;5,2;;;;
13056;0;6479;0;1,5;0,9;5,7;93;7;2,7;18,8;39,1;33,3;6,1;0,5;3;24,3;53;18,7;0,5;0;1,2;48,8;18,3;8,3;11,4;11,9;7,7;51,4;38,2;2,6;0;6,08;5,23;5,94;6,79
13063;0;3992;0;1,7;0,6;4,9;86,6;13,4;2,2;9,4;40;36;12,4;0,7;1,2;15,8;58,8;21;2,6;0;6,8;52,6;22,8;6,4;6,7;4,6;4,7;69;23;2,7;0,6;5,81;4,95;5,61;6,51
13069;0;368;101;3,4;0;7,7;100;0;0;29,6;42,4;24,6;3,4;3,9;0;30,4;47,5;18,2;0;0;0;6,3;14,9;0;33,6;45,2;16,6;6,9;50,1;26,3;0;7,93;7;7,43;9,3
13070;0;625;0;0;0;3,6;90,2;9,8;0;13,8;53;30,8;2,3;2,1;0;18,3;63,8;15,7;0;0;0;25,1;40,5;10,1;8,6;15,7;4,5;59,2;32,9;3,4;0;6,4;5,53;5,95;7,13
13071;0;730;31;0;0;5,7;86,7;13,3;2,3;20,7;44,7;22,6;9,7;1,6;2,5;23,3;59,1;13,4;0;0;4;40,7;0;0;13,2;42,1;13,8;38,3;39,1;8,8;0;6,8;5,67;6,77;7,45
13075;0;634;0;2,2;0;7,2;100;0;3,7;22,5;41,2;29,8;2,8;0;3,9;24;49,5;20,8;1,7;0;0;16,3;33,8;12,7;1,9;35,3;4,4;31,3;39,9;10,2;14,2;7,64;5,53;7,5;8,88
13077;0;2706;25;2,1;1,4;4,2;98,3;1,7;2,6;10,3;42,8;35,9;8,5;0,4;3,4;26,4;54,1;13,6;1,6;0,4;4,7;88,8;1,3;4,2;0;0,9;2,9;92,9;3,2;0;0,9;5,38;4,31;5,42;6,07
13078;0;1922;0;5,9;3,4;6,8;95,7;4,3;2,2;12,3;40,8;38;6,7;1;3,7;25,6;60,2;8,4;1,2;0;1,6;86,2;0,9;0;6,7;4,6;1,5;86,9;10;0,6;1;5,33;4,84;5,41;5,66
13081;0;710;21;1,9;0;4,1;90;10;6,1;21,5;37,6;32,7;2,1;0;8,2;25,5;50,2;16,1;0;0;0;8,9;39,9;4,6;14,7;31,8;15,9;32,2;50,4;1,6;0;6,52;5,78;6,49;7,09
13086;0;441;0;2,6;0;5,4;100;0;2,4;27,1;42;21,2;7,4;0;4;29,8;47;19,2;0;0;0;0;13,9;14,6;37,5;34;16,5;0;73,4;7,6;2,5;7,23;6,49;7,12;7,48
13092;0;463;0;2,6;0;8;89,2;10,8;3,7;30,1;38,3;25,4;2,6;3;0;43,8;43,8;9,4;0;0;0;24,4;9,9;17,3;24,4;24;22;24,7;40,2;13,1;0;7,29;6,55;7,26;7,76
13097;0;1158;136;0,9;0;7,5;78,8;21,2;2,4;24,9;40,8;28,3;3,6;0;1,1;30,9;47,2;20,8;0;0;0;21,5;0;13,5;32,5;32,4;22,9;21,7;44,7;7,7;3;6,86;6,07;6,88;7,45
13098;0;140;0;0;0;7,6;38,4;61,6;0;20,8;34,1;38,2;6,9;0;0;21,8;35,8;42,4;0;0;0;18,6;48,7;0;0;32,7;0;0;;8,9;0;7,18;6,8;7,11;7,38
13100;0;257;0;4,6;0;7,6;74,8;25,2;0;9,3;32,9;50,6;7,2;0;0;15,2;45,8;39;0;0;0;37,1;37,1;4,6;13,9;7,3;11,6;34,9;53,5;0;0;5,76;4,78;5,83;6,59
13102;0;154;0;0;0;0;;8,2;0;8,4;36,4;55,2;0;0;0;7,8;80,1;12,1;0;0;0;43,9;48,2;0;7,9;0;0;0;92,6;7,4;0;6,92;6,49;6,81;7,08
13103;0;4242;48;2,6;0,4;6,9;92,1;7,9;1,9;12,9;39,4;36;9,9;0,7;2,3;23,4;47,4;21,7;4;0,5;0;54,7;7,4;10;12,6;15,3;8,2;54,6;30,8;5;1,3;6,2;5,24;6,03;7,21
13104;0;287;0;0;0;3,9;86,9;13,1;0;28,5;40,3;27,4;3,8;0;0;29,3;61,3;9,4;0;0;0;0;5,7;32,6;22,5;39,3;39,1;0;50;5,8;5,1;7,42;6,72;7,2;7,53
13105;0;457;35;0;2,4;8,3;78,6;21,4;0;20;39,9;34,4;5,7;0;2,9;21,5;56,9;18,7;0;0;0;0;18,1;6,6;37,2;38,1;15,7;20,6;55,8;7,9;0;6,25;5,38;6,23;6,92
13106;0;811;0;0;0;3,6;100;0;4,2;16,5;31,7;33;14,7;0;5,5;18,4;56,6;16,7;2,8;0;4,3;60,5;9,7;0;3,2;22,3;4,7;60,3;24;6,7;4,4;6,3;5,24;5,86;7,32
13107;0;232;42;0;0;5,2;100;0;0;23,9;49,6;21,8;4,7;0;0;24,5;61,8;13,6;0;0;0;13,1;21;0;29,7;36,2;13,8;12,6;68,6;5;0;7,02;6,56;7,16;7,62
13108;0;878;0;1,8;1,3;4;76,4;23,6;1,3;14,7;34,6;39,7;9,8;0;4,6;17,1;46,7;29,4;2,3;0;1,6;29,4;13,6;18,4;26,9;10,1;15,7;33,3;49,8;1,2;0;5,84;5,08;5,9;6,49
13110;0;377;26;3;0;3,7;72,7;27,3;3,4;26,3;35,6;31,1;3,6;0;3,7;25,6;41,5;26,4;2,9;0;5,3;0;18,8;19,6;28,6;27,8;28,2;0;65,6;6,2;0;6,69;6,25;6,53;6,82
13112;0;301;0;0;0;5,8;87,5;12,5;3,5;42,3;54,2;0;0;3,4;3,8;41,4;51,4;0;0;0;0;0;9,7;18,8;30,5;40,9;28,6;0;46,5;24,9;0;7,73;6,7;7,19;9,22
13113;0;286;56;0;0;7,3;95,7;4,3;0;39,6;36,7;16,6;7,1;4,3;0;41,3;42,3;12;0;0;0;13,7;3,7;31,7;19,7;31,3;16,5;0;65,3;18,2;0;7,88;6,83;7,57;8,75
13117;0;4473;41;1,5;0,8;4,3;95,8;4,2;3,3;11,8;40,3;33,9;10,8;0;2,3;13,2;57,3;23,8;3,1;0,3;0;35,6;40,8;12,9;5,2;5,5;3,8;38,4;53,4;2,7;1,7;6,52;5,41;6,61;7,36
13119;0;484;0;0;0;2,5;100;0;2,3;17,9;38,2;31;10,7;0;2,9;15,2;44,2;33,8;4;0;0;36,5;10,7;26,2;10,3;16,3;8,5;50,2;36,4;4,9;0;6,21;4,73;5,12;7,36
13201;0;1979;0;8;5,1;12,1;99,4;0,6;43,7;18,8;23,4;11,8;2,3;33,1;13,9;21,4;21,1;9;0,8;0,7;30,7;18,5;10,5;17,1;20,6;2,7;9,1;2,3;66,8;12,6;9,2;7,84;6,6;7,48;8,71
13202;0;2703;12;4,1;2,9;4,4;99,6;0,4;11,4;30,5;37,4;17,1;3,6;5,8;8,9;34,7;31,8;14,5;4;0,4;24,5;12,8;21,1;11,6;17,9;12,1;14;10,3;56,5;12,1;7,1;7,28;6,39;7,1;7,93
13203;0;5567;11;2,3;1,2;4,9;98,9;1,1;13,1;21,1;36,5;24,9;4,4;9;7,6;29,4;37,5;14,2;1,9;0,4;9,9;17,3;15,7;10,9;22,3;23,9;11,6;23,3;50,2;11,9;3;7,08;6,23;7,02;7,74
13204;0;2854;0;1,5;0,6;4,7;98,1;1,9;3,5;16,5;44,8;26,7;8,6;1,9;4,9;29;45,5;16,5;1,8;0,5;15,9;41,6;3,8;8,4;12,4;17,9;10,4;50,2;22,1;9,8;7,5;6,7;5,17;6,33;7,78
13205;0;1775;0;2,2;0,6;4,9;100;0;6;22,3;45,1;24,3;2,3;1,2;7,4;46,3;35,2;9,1;0,8;0;14,5;32,3;3,8;26,1;12,7;10,7;10,5;44,1;31,5;8,9;5;7,2;5,82;7,12;8,45
13206;0;938;0;0;0;4;98,8;1,2;27,3;15,9;34;16,8;6;21;7,4;16,7;35,1;16,2;3,7;0;14,9;5,9;24,7;40,4;5,6;8,5;9,5;3,4;57,8;8,5;20,8;8,3;7,27;8,06;9,21
13207;0;1242;0;1,1;0,9;6;100;0;4,7;22,5;44,9;20,8;7,1;2;6,4;35,5;40,1;12,8;3,2;0;10,7;49,4;15,5;8,4;10;6;2,7;56,5;30;9,9;1;6,94;5,56;6,58;7,94
13208;0;4864;119;1,9;0,9;7;99,8;0,2;10,3;19,1;37,5;27,4;5,7;6,8;5,3;22,4;42,8;19,9;2,8;0;6,8;34,7;28,3;10,3;16,6;3,2;3,1;12,6;29,3;23,5;31,5;8,64;7,03;8,48;10
13209;0;5024;43;1,3;0,4;6,1;97,6;2,4;8;14,8;39,5;30,7;6,9;3,3;6,1;20,3;48;19;3,1;0,3;1,2;46,3;18,8;19,8;8,8;5,1;6,1;43,2;39,2;9,8;1,6;6,81;5,43;6,74;7,9
13210;0;4966;117;1,3;0,4;5,3;93,9;6,1;8,9;18,1;39,7;27;6,4;7,6;4,9;28,7;46,4;11,8;0,6;0;10,7;42,7;2,4;11,4;21,2;11,6;2,1;45,8;23;17,6;11,6;7,09;5,36;6,87;8,43
13211;0;6735;75;1,3;0,5;4,1;95,7;4,3;1,2;11;38;38,2;11,6;0,7;2;27,1;49;19,9;1,4;0;5,4;73,5;8,3;7;2,9;2,9;1,5;79;14,6;1,7;3,3;5,84;5;5,45;6,33
13212;0;3540;0;1,2;0,4;3,2;100;0;0,9;16,8;44,9;32,2;5,2;0;6,3;36,4;50;6,9;0,4;0;0;80;2,3;6,1;4,4;7,2;2,2;71,2;19,2;5,7;1,7;6,41;5,49;5,97;6,76
13213;0;12290;30;1,5;0,4;4,4;98,9;1,1;3;16,6;39,7;32;8,7;1,8;3,5;25,7;52,3;15,8;0,9;0;0,8;78,9;5,3;0,8;8,2;6;1,5;83,3;8,8;5,9;0,6;5,95;5,24;5,68;6,25
13214;0;9838;78;1,5;0,6;4,7;98,5;1,5;3,7;17,7;40,8;28,2;9,6;0,7;4,5;36,4;43,1;13,2;2;0,2;6;71,7;0,3;3,1;11,6;7,3;4,9;73,6;16,1;3,5;1,9;6,05;5,35;5,89;6,53
13215;0;11710;216;3,3;1,5;5,1;97,7;2,3;2,5;14,8;40,3;33,6;8,8;1;5,3;27,4;50,9;13,5;1,6;0,2;2;68,6;2,4;2,2;12;12,9;6,9;68,2;18,3;4,6;2,1;6,1;5,29;5,76;6,62
13216;0;2082;0;2,3;0,9;4,4;85,4;14,6;4,2;12,7;30,9;40,3;11,8;2,5;3,1;11,5;59,9;20;3;0;2,2;33,5;30,9;26,6;2,9;3,8;13,9;44,3;39,3;0,9;1,6;6,23;5,39;5,93;6,87
14047;0;2419;47;0;0,7;7,7;79;21;6,8;18,2;35,8;30,9;8,3;2,5;3;23,8;46,2;22,5;1,5;0,5;3,2;43;27;12;12,8;1,9;1,3;62,4;34,2;2,1;0;5,79;5,2;5,79;6,47
14118;0;16242;117;2,6;1,2;9,3;92,3;7,7;8,8;21,6;36,8;24,9;7,9;5,5;4,7;31,4;40,7;15,1;2,3;0,2;3;53,6;8,6;12,4;9,8;12,6;4,2;60,2;28,1;6,4;1,1;6,22;5,28;5,92;6,99
14167;0;1647;0;1,5;0;7,3;57,8;42,2;1,2;20,2;34,4;31,6;12,6;0,7;2,3;23;42,3;26,4;5,4;0;2;25;9,3;21,4;31,9;10,3;8,9;34;54,1;2,9;0;6,53;5,76;6,69;7,19
14174;0;563;0;14,7;12,3;9,4;72;28;6,4;16,4;32,9;27,7;16,6;0;6,4;21,3;50,1;15,9;6,3;0;0;86,4;8;2,6;3;0;2;86,4;11,5;0;0;5,45;5,02;5,29;5,8
14181;0;507;0;0;0;2,9;26,3;73,7;2,3;11,9;26,7;48,9;10,2;0;0;11,4;31,4;51,6;5,7;0;0;6,4;51,7;6,6;14,5;20,7;6,5;5,4;88,1;0;0;6,88;6,55;6,84;7,25
14225;0;941;0;0;0;6,3;39,5;60,5;2,7;15,9;34,5;40,3;6,6;2,1;3,5;17,9;41,9;31,3;3,2;0;3,6;15,3;24,9;28,3;26,4;1,4;7;24,2;65,8;1,8;1,2;6,25;5,68;6,28;6,87
14258;0;1014;0;3,7;4,7;9,5;82,1;17,9;2,5;19,5;34,7;31,7;11,6;0;2,8;19,5;46,2;24,5;3,9;3,1;2,1;53;26,3;8,8;9,9;0;1,2;74,5;23,1;1,2;0;5,42;4,77;5,54;6,17
14271;0;816;0;1,6;0;9,8;68,5;31,5;4,8;16,3;38;31,2;9,7;0;6,2;16,8;44,6;25,5;6,9;0;0;22,9;25,4;17,7;15,4;18,6;6,8;44,2;38,9;10;0;6,21;4,94;6,13;7,29
14301;0;824;0;1,9;0;6,6;30;70;2,4;12,7;35,1;41,1;8,7;2;0;15,2;52,7;28,1;2;0;0;14,3;31,1;29,6;13,6;11,4;11,6;35,2;44,2;9;0;6,39;5,21;6,4;7,35
14327;0;4652;29;2,4;0,3;8,2;95,1;4,9;2,9;13,8;39;34,1;10,1;0,7;3,4;15,5;55,6;21,9;2,7;0,2;0;55,7;24,3;4,5;11,7;3,8;1;69,6;24,2;3,7;1,5;5,96;5,15;5,55;6,51
14333;0;1130;0;1,4;1,1;7,2;72,6;27,4;3,2;16,2;37,3;32,6;10,6;0;3;18,2;40,9;35,8;2,2;0;2,1;29,9;18,8;13,1;30,6;5,5;4,2;29,3;60,3;6,1;0;6,19;5,64;5,96;6,64
14341;0;1531;31;1;0;10,2;65,9;34,1;9,3;18,1;29,7;36,9;6;7,8;1,1;18,1;37,5;30,8;4,7;0;0;7,8;6,9;42,1;23,4;19,8;8,3;7,4;57,4;23,6;3,3;7,14;6,57;6,97;7,49
14366;0;3934;29;2,1;0,5;8,2;79,8;20,2;3;18,8;38,2;31,9;8,1;0,5;4,4;29,2;45,3;18,2;2,4;0;6,1;64,8;16,4;5,7;6,3;0,7;1,2;79,9;16,8;1,4;0,7;5,75;5,11;5,59;6,27
14437;0;1568;35;2,1;0;9,3;77,1;22,9;2,6;22,9;44;23,6;6,8;0,8;1,3;27;44,2;25;1,6;0;1;14,5;24,9;31;18;10,5;10,2;18,7;66,9;4,2;0;6,68;6,04;6,77;7,38
14488;0;825;16;1,7;0;4;43,7;56,3;4,2;18,8;34;35,7;7,3;2,2;4,3;20,9;38,2;31,9;2,3;0;2;9,8;13,5;38,6;12,9;23,2;7,9;11,5;71,5;6,5;2,7;6,88;6,34;6,77;7,1
14715;0;754;69;2,3;1,5;7,1;81;19;5,3;23,5;42;24,6;4,6;1,7;5,9;28,8;48,3;11,5;3,7;0;7,4;27;16,9;11,4;11,9;25,4;5,8;37,6;49,5;7,1;0;6,53;5,95;6,43;7,03
14762;0;1755;0;5,7;4,4;12,1;77,7;22,3;7,6;16,1;38;27,5;10,7;1,1;6,8;21,5;51,2;16,8;2;0,7;1,8;64,8;22,7;6,6;2,8;1,3;1,3;85,5;11,4;1,8;0;5,18;4,19;5,26;6,02
15012;0;291;0;0;0;11,9;86,5;13,5;5,1;14;42,5;32,2;6,2;0;5,9;30;42,1;22,1;0;0;0;39,7;0;3,8;39,7;16,7;14,4;41,2;44,4;0;0;5,56;4,68;5,72;6,13
15014;0;3068;29;2,8;1;13,6;92,9;7,1;13,8;16,1;36;29,5;4,6;10;4;22,5;50;12,1;1,4;0;0,7;50,6;7;19,6;14,1;8,1;7;35,1;49;5;3,9;5,78;4,93;5,53;6,27
15187;0;523;11;3,7;0;10,6;84,3;15,7;7,4;13,7;33,3;40,4;5,1;0;2,8;18,1;46,8;29,5;2,8;0;0;46,7;29,4;8;12;3,8;5,1;49,4;40,8;4,7;0;4,83;4,26;4,93;5,57
16015;0;5952;12;2,3;1,1;9,9;91,9;8,1;6,2;18,2;39,4;28,3;7,8;2,2;3,8;24,1;50,6;16,8;1,9;0,6;2,6;42,8;27,5;16,2;6,4;4,5;4,3;51,6;38,9;4,3;1;5,65;4,89;5,4;6,31
16028;0;365;0;3,2;0;5,9;73,1;26,9;4,4;9,1;33,4;41,7;11,4;3,2;3;12,4;59,8;18,6;3;0;2,8;49;17,6;14,8;12,6;3,3;4,5;51,7;35,8;8;0;5,64;4,96;5,47;6,29
16102;0;1879;0;3,2;1,5;10,4;96,7;3,3;4,3;18,5;37,3;30,8;9,2;0,6;5,8;33,4;45,9;13,7;0;0,6;4,8;62,7;20,8;9,7;2;0;2,4;66,4;30,6;0;0,6;5,5;4,78;5,26;6,06
16113;0;842;11;0;1,4;11,7;77,8;22,2;7,4;23,2;40,2;21;8,2;5;2,1;19,8;48,1;19,6;5,5;0;2,2;8;47,2;9,3;23,8;9,5;6,7;21,2;61,3;9,4;1,5;6,51;6,09;6,68;6,95
16154;0;360;0;0;0;5,6;81,4;18,6;0;24,7;41,6;27,4;6,2;0;0;25,9;41,8;28,7;3,7;0;3,6;0;58;13,2;14,8;10,4;4,4;24,6;71;0;0;6,24;5,77;6,3;6,79
16291;0;510;11;0;0;10,2;78,6;21,4;7,2;10,2;32,4;40,4;9,8;2,6;6,3;19,4;51,3;18;2,4;0;3,6;61,2;4,8;7;14;9,4;6,4;60,4;30,4;2,8;0;5,6;4,99;5,46;6,41
16358;0;407;17;4;0;3,5;39,6;60,4;0;16,5;33,5;34,2;15,8;0;0;19,4;40,2;34,1;6,4;0;0;6,9;33,9;4,2;24;30,9;14,9;15,3;54,2;15,6;0;6,31;5,83;6,33;6,64
16374;0;1803;0;0,8;0,7;8,8;98,9;1,1;0,7;5,9;36,5;53,1;3,8;0;0,6;10,4;82,6;5,1;1,2;0;0;92,7;0;1,2;3,6;2,6;0;93,6;5;0;1,4;5;4,65;4,87;5,21
17028;0;1009;60;1,2;1,6;6,6;80,7;19,3;4;29,7;39,7;20;6,6;0;5,4;32,7;45,7;14,7;1,6;0;0;17,7;6,2;10,8;12,3;53;18,8;21,7;50,4;9,1;0;6,64;5,82;6,65;7,29
17094;0;355;84;4,1;0;7,1;76,1;23,9;4;29,7;47,5;18,9;0;0;0;30,3;50,4;19,2;0;0;0;0;0;13,1;23;63,8;27,9;0;63,1;8,9;0;7,09;6,69;7,01;7,36
17200;0;652;57;0;0;4,7;80;20;31;19;28,7;17,4;3,9;30,9;0;17,8;34,6;14,8;1,9;0;0;0;3;16,1;13,3;67,7;42,9;0;45,9;11,2;0;7,3;6,61;7,15;7,58
17264;0;368;0;0;0;4,2;45,2;54,8;0;23,6;38,2;29,9;8,2;0;0;24,1;33,7;42,2;0;0;0;3,1;2,8;20,9;52,3;20,9;15;0;74,9;10;0;6,66;6,2;6,55;7,1
17274;0;637;25;0;0;5;65,4;34,6;2,4;26,4;44,5;24,5;2,2;0;1,9;28,9;47,7;21,5;0;0;0;0;2;11,4;48,5;38;20,1;0;73,2;6,7;0;6,86;6,31;6,85;7,22
17299;0;2688;17;10,6;2,8;7,5;87,7;12,3;4,2;18,3;40,7;30,7;6,1;1,6;2,9;22,4;46,7;23,5;2,8;0;5,1;31,4;36,8;9,6;14,8;2,3;4,1;42,6;50,5;0,8;2,1;5,48;4,51;5,47;6,22
17300;0;13788;157;1,6;0,8;6,9;92,3;7,7;14,9;22,3;32,6;24,1;6,1;11;5,7;24,3;46;11,2;1,5;0,2;2,4;50,4;8,3;16,4;10,9;11,6;4,7;58,1;28,3;5,9;3,1;6,11;5,2;5,94;6,94
17306;0;1448;81;2;0;6,2;84,6;15,4;7,8;29;41,3;18,8;3,1;2,5;4;32,7;49,4;10,7;0,8;0;0;19;6,5;4,4;15,3;54,8;22;21,2;52,1;3,9;0,8;6,27;5,61;6,14;6,79
17333;0;122;0;0;0;11,1;;32,8;7,7;32,2;34,3;25,9;0;0;8,4;28,2;52,7;10,7;0;0;;10,8;14,2;14,2;;;;23,9;;11;;6,45;5,58;6,29;7,24
17347;0;410;0;11,7;12,6;8;88,8;11,2;0;6,4;45,2;31,7;16,7;0;0;18,9;57,1;24;0;0;0;69,6;16,8;13,6;0;0;2,7;81,7;12,8;0;2,7;5,21;4,79;5,05;5,74
17385;0;221;0;0;0;7,4;63,2;36,8;0;25,4;43,7;25,8;5,2;0;0;34,6;32,7;25,3;7,4;0;0;0;24,5;17,6;9,3;48,5;20,2;0;79,8;0;0;6,25;5,76;6,26;6,68
17415;0;2475;0;1,3;0;6,3;85,7;14,3;3;18,5;47,2;26,9;4,4;0,6;3,6;29,7;47,1;16,6;2,4;0;0;55,6;22,2;8,8;9,1;4,3;2,5;66,8;29,8;0,8;0;5,47;4,79;5,36;6,13
17421;0;296;86;0;0;9,8;54,4;45,6;0;22,5;51,3;26,2;0;0;0;19,2;56,6;24,1;0;0;0;0;0;11,9;21,5;66,6;26,3;0;73,7;0;0;6,26;5,8;6,27;6,53
17434;0;308;0;0;0;5,8;53,8;46,2;0;8,8;32,4;45,8;13,1;0;0;8,5;69,3;18,6;3,6;0;7,3;35,7;47,3;0;9,7;0;0;74,2;25,8;0;0;5,39;4,75;5,18;6,3
17449;0;310;75;10,2;9,1;13,1;40,6;59,4;10;20,7;37,4;31,9;0;0;9,8;22;45,9;18,4;3,9;0;0;0;23,3;4,2;36,8;35,8;15;18,2;66,8;0;0;6,21;5,65;6,1;6,74
18033;0;9760;44;4,9;3,1;9,9;87,3;12,7;4,6;17,4;40,4;28,4;9,2;2;3,1;23,6;43,2;23,7;3,7;0,7;4,8;39,3;26,5;8;16,2;5,1;4,6;47,9;42,4;3,7;1,4;5,66;5,03;5,52;6,18
18197;0;1296;0;3,9;2,3;14,5;79;21;4,2;19,2;41,4;28,8;6,3;3,2;3,1;32,1;41,9;16,9;2,7;0;1;57,3;30,8;4,2;3,1;3,6;6,4;72,3;20,5;0,8;0;5,4;4,83;5,27;5,84
18205;0;714;0;2;1,8;9,9;79,4;20,6;0;11,3;40;34,3;14,3;0;3,2;31,5;35,7;22,4;7,1;0;0;51;32,6;4,1;12,3;0;8,4;53,7;31,9;3,8;2,1;5,75;4,84;5,73;6,29
18213;0;567;0;5,9;3,3;10,5;78,2;21,8;8,6;16;33,2;25,7;16,4;0;7,6;18,8;38;30,9;4,7;0;0;8;61;17,2;7,6;6,2;1,9;36,7;56,2;5,1;0;5,82;4,86;5,86;6,68
18279;0;2113;26;2,1;0,6;12,1;73,1;26,9;4,9;22,1;40,5;27,4;5,1;0,7;4,9;27,2;49,1;16,4;1,9;0;6,1;50,3;27,1;1,3;8;7,2;6,6;63,4;28,6;0,9;0,5;5,4;4,87;5,28;5,89
19031;0;3726;0;1;1;10,2;86,7;13,3;5,1;24;41,6;22,7;6,5;0,9;3,8;26,1;42;22,2;3,2;1,6;3,3;36;17,6;16,6;19,9;6,5;9,6;46,5;41;2,9;0;5,62;4,88;5,59;6,24
19073;0;443;0;2,6;0;11,8;84,1;15,9;2,6;17;28;36,9;15,5;0;4,4;14,9;47,4;30,9;2,4;0;4,2;53,1;27,4;6,9;2,4;6;6,3;66,7;21,8;2,8;2,4;4,56;3,81;4,41;4,87
19123;0;325;31;0;0;8,9;33,2;66,8;0;10,9;44,1;41,8;3,2;0;0;9;46;41,2;3,9;0;0;3,6;0;14,7;39;42,6;13,7;3,8;76,8;5,7;0;6,08;5,72;6,17;6,41
19272;0;1177;11;4,3;2,4;10,1;95;5;12,8;16,6;29,5;36,4;4,6;6;7,9;20,5;40,5;22,2;2,8;0;0;53,3;28,7;4;6,5;7,5;1,1;70,3;25,4;1,4;1,7;5,12;4,54;4,91;5,44
19275;0;845;26;1,7;1,8;7,6;37,5;62,5;5,2;9,3;33,3;37,7;14,4;4,9;5,3;5,5;42,9;33,2;5,9;2,2;3,1;31,6;27,3;28;7,5;2,4;6,5;47,1;43,2;0;3,2;5,17;4,36;5,08;5,86
21038;0;787;0;3;1,5;10,5;76;24;4,3;20,5;37,9;29,2;8,2;2,1;3,4;25,8;46,2;20,3;2,3;0;5,3;41,7;17,3;22,3;10,7;2,6;5;44,1;48,8;0;2,1;5,93;5,13;6,03;6,64
21054;0;2483;0;1,5;0;9,8;94;6;8,1;19,7;41,4;24,8;6;3,2;6,4;25,7;46,7;16,8;0,7;0,5;0;56,3;17,8;16,4;5,3;4,1;5,2;66,1;26,9;1,8;0;5,61;4,65;5,4;6,42
21154;0;687;0;11,5;8,5;14,6;93,5;6,5;3,8;15,9;40,9;32,3;7,2;0;4,2;25,4;56,1;10,3;1,8;2,1;6,2;72;19,2;0;2,6;0;2,2;91,4;6,4;0;0;4,96;4,43;4,84;5,38
21166;0;2729;26;4,7;2,7;9,2;98,5;1,5;3,8;18,4;35,4;31,4;11;0,4;5,4;24,9;51,3;15,6;2,3;0;0;74,5;1,1;12,2;8,2;4;1,6;70,3;22,6;0,4;5,1;6,12;5,49;5,98;6,63
21171;0;1122;0;0;0;7,9;91,1;8,9;4;21,4;39,3;25,2;10,1;1;4,5;22,9;43,6;23;5;0;0;10,5;17,4;38,3;18,5;15,3;9,6;15,5;69,6;5,4;0;6,95;6,28;7,06;7,58
21231;0;15629;343;2,6;1,1;9,6;95,5;4,5;8;24;35,6;24,9;7,5;4,2;5,4;28,8;38,3;19,3;3,4;0,5;3,4;32,1;8,3;14,4;19,9;21,8;11,2;31,7;47,9;4,9;4,3;6,65;5,73;6,64;7,29
21278;0;612;67;1,8;0;11,4;96,5;3,5;6,2;29,2;37,9;22,4;4,3;0;5,4;33,4;38,6;20,1;2,5;0;0;1,7;12,9;6,7;30,2;48,6;20,2;7,8;67,1;5;0;7,07;6,55;6,93;7,53
21292;0;606;0;2,4;2;6,6;83,9;16,1;3;15,9;43,6;33;4,5;1,8;2,2;22;56,8;15,4;1,8;0;0;69,1;18,2;4,8;4;4;4,4;82;9,8;0;3,9;5,19;4,82;4,94;5,54
21355;0;1332;0;1;0;8,7;93,1;6,9;17,6;21,9;31,7;22,4;6,4;11,2;6;25,4;38,2;14,5;3,8;0,8;0;40,1;12,3;25,5;5,2;16,9;13,4;51,8;32,7;1,2;0,9;6,37;5,49;6,28;7,03
21390;0;423;0;0;0;7,1;87,2;12,8;3;23,5;36,5;27;10;0;2,7;25,7;52,1;19,5;0;0;0;2,6;0;17,7;33,7;46,1;22,5;0;69,3;8,2;0;7,06;6,55;7,04;7,41
21425;0;976;0;7,2;3,4;11,7;94,3;5,7;5,2;21,9;38,9;24,4;9,5;1,6;4,4;31,6;45,2;16;1,3;0;1,2;67,6;21,5;3,2;5,2;1,3;5,3;74,5;15,5;0;4,7;5,32;4,78;5,17;5,88
21464;0;485;0;0;0;6,2;84,8;15,2;9,1;17,6;38,2;32,2;2,9;6,2;2,4;24,5;48,7;11,9;6,4;0;2,4;57,8;9,7;18,5;11,6;0;2,3;63,7;30,5;3,5;0;5,92;4,99;5,8;6,62
21515;0;1395;0;1,2;0;10,1;92,8;7,2;9,4;25,6;31,2;24,7;9;2,8;5,4;25,8;45,4;16,3;3,6;0,8;0;35,1;30,5;10,4;14,4;9,6;5,6;41,9;48,7;0;3,8;6,33;5,75;6,23;6,86
21540;0;675;0;0;0;7;91,7;8,3;8,1;32,8;35,4;15,5;8,2;0;7,7;36,7;44,2;9,7;1,7;0;0;0;31,1;4,4;40,3;24,2;18,2;31,4;37,1;13,3;0;7,08;6,19;6,9;7,58
21603;0;730;0;10,7;9;13,9;94,2;5,8;4,3;32,9;36,5;19,7;6,6;0;11,9;38,8;40,6;6,7;2;0;1,5;64;25,9;0;6,4;2,2;1,9;88,1;8,2;1,8;0;5,33;4,55;5,17;5,84
21617;0;1604;0;1;0;8,9;96,4;3,6;7,6;23,8;32,6;25,9;10,1;0;6,9;22,8;38;25,7;5,9;0,7;0;14,3;75,2;0;8,9;1,6;0,7;84;9,7;4,1;1,6;5,78;5,17;5,49;6,2
22004;0;129;0;;;;38,8;;0;19,4;38,1;30,2;12,2;0;0;14,2;62,4;14,2;9,2;0;0;32,1;0;25;33,6;9,3;;;;11,3;;5,86;5,69;5,78;6,3
22050;0;1693;0;2,3;0,7;7,3;90,4;9,6;7,6;16,5;40;27,7;8,2;4;3;22,6;44,4;26,1;0;0;3,8;69,3;19,2;3,9;1,6;2,2;1,6;80,5;16,1;1,8;0;4,82;4,25;4,61;5,18
22070;0;1229;12;1,4;0;8,3;87,2;12,8;17,2;26,1;34,6;18,9;3,1;9,3;6,9;28,9;41,7;11,4;0,9;0,9;15,1;53,7;1,6;7,9;9,8;12;19,9;45,7;34,3;0;0;5,7;5,1;5,5;6,1
22093;0;611;12;0;0;9,5;44,7;55,3;3,1;19,2;38,7;34;5;1,8;2,3;18,3;55,4;20,3;1,8;0;4;11,9;6,1;19,6;29;29,5;11,3;15,8;68,2;0;4,8;5,77;5,38;5,91;6,23
22106;0;436;17;2,6;0;9,9;58,5;41,5;3,5;16,4;39,6;34,1;6,3;0;3,5;16,6;58,3;21,6;0;0;0;2,7;23,3;8,5;23,8;41,6;19,6;0;80,4;0;0;6,05;5,64;6,04;6,32
22113;0;1861;70;0,8;0,7;9,8;72,1;27,9;1,9;21,7;42,3;29,6;4,5;2,4;1,7;21,5;56,2;16,3;1,4;0,6;0;57,2;1,8;7,8;22,7;10,5;5,7;57,9;35,8;0,6;0;5,23;4,62;5,02;5,8
22136;0;618;0;0;0;4,5;74,3;25,7;1,8;10,7;52,7;28,4;6,5;0;1,8;16,1;70;12,2;0;0;0;57,1;13,5;0;22,6;6,9;5,5;64,8;29,7;0;0;5,28;4,57;4,91;6,17
22162;0;632;0;0;0;8,7;93,1;6,9;0;23;42,4;27,6;7;0;0;21,3;48,1;25;5,6;0;0;45,8;28,9;9,1;4,8;11,4;6;57,3;36,7;0;0;5,01;4,24;4,75;5,64
22168;0;400;11;2,8;0;2,9;55,6;44,4;0;15,3;44,1;33,5;7,1;0;0;14,2;66,3;19,6;0;0;0;47,6;8,3;7,6;13,4;23,2;8,5;46;35;10,5;0;5,53;4,45;5,33;6,57
22176;0;294;0;3,7;0;6,1;9,9;90,1;5,1;22,9;42,5;24,7;4,8;0;4,8;21,3;62,2;11,7;0;0;0;10;0;7,5;43,4;39,1;6,1;9,6;84,3;0;0;6,05;5,78;6,08;6,38
22187;0;842;0;2,3;1,4;5,8;75,2;24,8;1,8;28,3;47,2;20,6;2,1;0;2,4;28,4;55,1;11,5;1,3;1,3;0;6,7;32,9;7,5;25,2;27,7;11,8;6,6;76,6;5;0;5,95;5,6;5,89;6,26
22215;0;893;11;2;1,5;4,9;66,7;33,3;1,4;18,4;51,5;23,7;4,9;0;1,3;19,1;60,7;16,4;2,5;0;0;30,8;17,4;17,2;4,8;29,8;7,3;47,6;45,1;0;0;5,32;4,46;5,35;6,06
22251;0;258;48;0;0;7,6;59,2;40,8;0;24,2;46,6;29,2;0;0;0;22,7;60,8;16,5;0;0;0;0;0;17,9;22,8;59,3;28,9;0;71,1;0;0;6,09;5,68;6,1;6,48
22278;0;4639;132;4,6;3,5;8,1;93,2;6,8;8,9;19,4;38,7;27,2;5,8;3,8;3,6;20,4;44,6;25;2,7;0;1,8;30,8;33,5;10,9;12,5;10,4;6,4;45,5;44,8;2,8;0,5;5,11;4,28;5,02;5,77
22360;0;465;24;0;0;7,1;38,1;61,9;0;18,7;41,1;37,4;2,8;0;0;18,4;56,3;22,2;3,2;0;0;0;9,4;23,8;37,8;29;15,9;0;84,1;0;0;6;5,71;6,03;6,36
23008;0;490;0;13,8;12,8;6,2;93,8;6,2;2,3;21,4;43,6;26,8;5,9;0;0;31,4;56,6;11,9;0;0;0;71,7;25,6;0;2,7;0;0;82,9;17,1;0;0;4,75;4,32;4,67;5,08
23096;0;1776;0;3;1,7;9,3;87,5;12,5;8,7;27,5;39,7;18,9;5,2;4,4;2,4;26,5;43;21,2;1,8;0,7;3,2;47,3;34,4;7,8;6,3;1,1;2,6;72,6;22,8;2;0;4,86;4,27;4,8;5,27
23176;0;567;0;2,9;0;11,1;88,7;11,3;1,9;25,6;44,2;23,7;4,6;0;0;28,5;53,8;13,9;3,7;0;3,5;56,6;18,5;10,5;4,9;5,9;2,6;69;28,4;0;0;4,85;4,48;4,82;5,14
24037;0;2080;0;3;1,5;7,5;64,9;35,1;4,1;20,8;42,1;27,8;5,2;1,1;3,6;26,3;47,7;18,5;2,3;0,5;3,7;28;15;15,2;29,2;8,8;9,7;29,1;53,1;7,4;0,7;5,99;5,36;5,86;6,5
24053;0;816;54;2;0;7,3;63;37;0;17,7;45,3;31,5;5,5;0;1,6;19;46,6;30,2;2,6;0;1,8;13,4;7,1;20,4;32,9;24,4;18,7;17,1;62,2;2;0;5,95;5,52;6;6,42
24138;0;835;0;3,1;2;8,2;74,4;25,6;1,3;16,7;38,2;32,4;11,4;0;3,2;37,2;40,5;17,3;1,8;0;0;61,7;10,2;9,1;16,1;2,8;11,3;66,1;19,3;3,3;0;5,47;4,84;5,36;6,09
24294;0;176;17;20,5;0;7,4;41,9;58,1;0;14,1;40;40;5,9;0;0;19,3;57,8;23;0;0;0;40,1;29,4;0;0;30,5;7,3;50,3;42,4;0;0;5,02;4,25;4,91;5,71
24322;0;3566;21;2,7;1,2;8,1;98,3;1,7;8,2;20;40,8;27,6;3,4;4,6;4;23,9;54;11,8;1,3;0,3;6;30,6;25,9;19,3;10,1;8,1;7,8;51,8;37,2;2,6;0,6;5,52;4,58;5,38;6,44
24372;0;332;0;0;0;4,2;51,9;48,1;0;19,6;30,9;32,7;16,8;0;0;16,2;50,3;30,2;3,4;0;3,4;24,5;31;18,6;18;4,6;6,3;30,8;56,6;0;6,3;5,88;4,97;6,07;6,51
24520;0;598;0;3,9;2;9,8;78,2;21,8;5;19,6;34,1;31,1;10,2;0;3,8;16,2;53,9;26,2;0;0;10,1;47,7;16,8;15,9;9,5;0;5,9;48,9;43,3;0;1,8;5,65;4,85;5,53;6,42
24547;0;378;0;4,4;3,9;7;81,6;18,4;3,4;8,7;33,1;39,4;15,3;0;0;20,6;54,9;21,4;3,1;0;5,1;58,2;20,2;11,7;0;4,8;4,2;64,6;28;3,2;0;5,01;4,44;4,76;5,62
24557;0;421;103;0;0;9,7;63,7;36,3;0;22,2;50,1;24,8;2,9;0;0;22;52,3;25,7;0;0;0;2,9;22,1;6,4;5,7;62,9;21,8;16,5;52,9;8,8;0;6;5,5;6,19;6,44
25031;0;2004;11;1,2;0,6;8,8;92,3;7,7;1,9;16,7;39,3;36,4;5,8;0;2,5;28,2;54,4;12,2;1,9;0,8;0;67,2;15;3,8;3,9;10,1;4;66,1;19;10,9;0;5,91;5,3;5,77;6,5
25047;0;399;0;3;0;14,2;83,9;16,1;3,4;11,4;33,6;43,4;8,2;3,4;2,9;24,3;53,7;10,3;2,7;2,7;3,3;51,4;17,9;13;10;4,4;5,4;65,3;29,3;0;0;5,62;5;5,43;5,93
25056;0;16469;213;3,5;2,1;10,4;97,7;2,3;11,5;19,6;35,4;28,1;5,5;7,2;4,4;31,7;41,8;12,7;1,9;0,3;3;44,5;19,5;15,3;11,4;6,3;4,5;52,9;38,7;2;1,8;6,22;5,4;6,04;6,93
25057;0;834;0;1,8;0;12,2;87,2;12,8;1,8;9,3;37,7;40,4;10,8;0;0;22,2;61,9;12,1;2,4;1,3;0;70,3;4,9;8;12,1;4,7;4,5;72,1;23,3;0;0;5,62;5,24;5,47;5,91
25228;0;391;0;4,5;3,4;9,7;95,8;4,2;0;18,6;45,2;28,6;7,7;0;0;47,2;34,2;15,8;2,8;0;0;69,2;0;6,2;12,6;12,1;0;71,1;22,8;3,2;2,9;6,37;5,75;6,38;6,78
25230;0;63;0;;;;;;;;;;;;;;;;;;;;;;;;;;;;;6,62;5,19;6,04;8,09
25284;0;929;0;1,3;1,3;8,3;80,6;19,4;0;17,3;36,1;36;10,7;0;5;25,1;42,3;24;2,4;1,2;0;52,6;2,7;5,7;28,5;10,4;3,3;54,7;39,3;0;2,7;6,12;5,43;6,04;6,84
25367;0;551;0;2,4;0;10,9;87,1;12,9;2,2;18,1;36,3;30,9;12,5;0;2,2;32;48;15,8;2;0;8,1;55;11,9;17,7;7,2;0;2,4;61;28,4;8,3;0;5,85;5,38;5,76;6,67
25388;0;4459;0;3,9;2,3;11,8;95,7;4,3;8;18,4;37,8;25,2;10,6;4,8;3,8;29,5;42,8;14,8;3,2;1,1;4;61,7;13,1;10,7;7;3,6;1,9;69,9;20,2;3,1;4,8;5,92;5,2;5,81;6,49
25411;0;265;0;4;0;7,9;100;0;0;11,2;31,6;45,7;11,5;4,2;0;22,8;57,5;15,4;0;0;4;53,3;16,4;11,7;9,1;5,5;4,3;70,6;25,2;0;0;5,7;5,19;5,62;6,05
25462;0;1368;14;0;0;6,9;97,9;2,1;4;20,4;35,9;30,8;8,9;1;3,2;31,8;45;15;3,1;0,8;0,8;43,3;26,2;13,9;11,1;4,7;2,9;53,1;41,1;2,8;0;6,04;5,25;6,02;6,53
25539;0;295;33;0;3,6;14,1;88,4;11,6;6,2;17,2;36,1;35,7;4,8;0;4,2;21,3;42,2;28,6;3,8;0;0;23,2;14,1;8,5;30,4;23,8;12,6;25,9;56,3;5,2;0;6,71;5,81;6,73;7,4
25547;0;783;11;2,3;1,4;11,6;87,3;12,7;0;17,4;48,5;23,7;10,4;0;3,2;32,5;48,8;12,7;2,7;0;0;60,7;24,8;6,1;4,2;4,2;2,7;78,8;18,5;0;0;6,08;5,46;6;6,69
25580;0;1210;47;3,8;1,3;10,4;92,4;7,6;0;13,9;35,7;38,5;11,9;0;3,5;25,1;53,4;15,5;1,6;1;0,9;66,1;9,1;2,3;9,5;12,1;5,3;68,7;25,1;0;0,9;5,81;4,87;5,9;6,63
25632;0;159;19;0;0;10,1;;0;0;18,8;49,4;25;6,9;0;0;28,3;53,5;11,3;6,9;0;0;9,8;35,6;6,7;11;36,8;14,3;17,1;68,6;0;0;6,79;6,24;6,82;7,07
26057;0;1218;12;1;0;6,3;91;9;4,5;26,3;38,8;25,1;5,3;0;3,6;30,4;45,3;19,8;0,9;0;1,3;38,3;13,9;12;16,3;18,2;12,2;40,5;41,6;3,8;2;6,05;5,2;6,24;6,86
26058;0;1317;54;0,9;0;6,3;83,9;16,1;2,1;28,8;35,8;27,2;6,1;1,2;1,3;28,2;42,8;22,2;4,3;0;4,4;11,9;26,5;11,5;25,9;19,8;13,2;3,8;78,8;3,2;0,9;6,93;6,46;6,89;7,47
26064;0;291;0;0;0;3,9;73,3;26,7;7,9;20,6;48,5;23;0;0;3,9;22,3;49,1;20,8;3,9;0;0;8,7;4;17;14,8;55,6;24,1;0;75,9;0;0;6,2;5,69;6,25;6,71
26108;0;679;15;0;0;6;94,6;5,4;3,7;21,6;38,5;28,7;7,4;1,6;2,2;29,2;47,7;17,6;1,7;0;2,6;47,9;3,7;19,7;21;5,1;7,1;48,4;38,5;3,3;2,7;6;5,29;5,95;6,71
26165;0;364;39;0;0;7,4;87,5;12,5;3,3;28,3;42,8;22,6;3;0;0;29;51,9;16,1;3;0;3;0;10,5;29,7;43,2;13,5;14,1;10,4;68;7,5;0;6,33;5,83;6,33;6,87
26166;0;342;0;0;0;7,1;79,4;20,6;3,4;28,1;34,9;28,4;5,2;0;3,1;26,7;45;21,4;3,9;0;7,7;28,9;15,7;13,4;16;18,3;12;38,8;49,2;0;0;6,07;5,52;5,99;6,55
26198;0;3318;35;3,3;1,2;7,2;81,7;18,3;2,4;13,8;35,6;33,7;14,5;0,8;1,8;19,3;46,5;27,8;3,8;0;6,9;52,3;10;6,7;11,8;12,3;9,2;45,6;43,2;1,7;0,3;5,54;4,7;5,5;6,22
26220;0;330;0;0;0;9,1;92,9;7,1;3,3;19,1;34,2;35,5;7,9;0;3,3;20;42,7;30,6;3,3;0;0;56,5;4,9;18,5;20,1;0;7,1;50,9;42;0;0;5,67;5,04;5,51;6,3
26235;0;1265;0;0,9;0;8,5;92,2;7,8;1;15;31,9;37;15,1;0;0,9;23,8;46;23,5;5,9;0;0;58,2;16,9;4,6;9,5;10,9;5;73,5;21,5;0;0;5,36;4,81;5,21;5,86
26252;0;1084;0;0;0;7,2;89,6;10,4;1;16,9;49,2;26,5;6,4;1;0;22,9;61,3;13,8;1;0;4,9;38,9;17,5;18,7;7,4;12,6;5,9;37,4;54,5;2,1;0;6,61;5,92;6,68;7,32
26281;0;3532;30;2;1,1;8,7;86,5;13,5;3,6;15,7;35,8;34,1;10,8;1,3;1,9;20,7;53,5;18,9;3,1;0,7;11,4;37,9;15,2;10,6;14,9;10;6,2;39,7;49,4;1,8;2,9;5,69;5,01;5,61;6,21
26324;0;546;11;0;0;6,7;78,4;21,6;2,4;16,6;37,3;35,3;8,4;0;0;32,3;38;24,1;5,7;0;0;50,6;17,9;5,1;11,5;15;5,7;46,3;39;2,4;6,6;5,43;4,79;5,19;6,09
26347;0;306;0;0;0;4,6;67,4;32,6;8,8;21,4;26;33,8;10,1;3,5;6,8;20,6;32,5;36,7;0;0;5,4;11,4;3,7;46,5;15,4;17,7;7,2;13,1;57,9;3,8;17,9;6,54;6,12;6,47;6,93
26362;0;7321;33;1,3;0,8;9,7;91,6;8,4;6,3;18,1;38,1;28,6;8,8;3,6;3;27,7;47,2;15,3;2,5;0,7;2,2;41,4;24,2;11,2;6;15;8;45,6;40,1;3,1;3,2;6,11;5,3;6,02;6,96
27016;0;902;0;1,6;0;9,5;80,8;19,2;4,3;18,1;35,1;34,3;8,1;3,6;2,4;32,6;40,5;17,2;2,4;1,3;1,2;70,1;1,5;10,1;13,5;3,6;1,5;62,7;32,1;1,7;2,1;5,64;5,06;5,58;6,23
27056;0;1302;0;2,3;1;7,6;79,1;20,9;2,6;15;45,4;32,6;4,5;1,4;1,1;23,9;51,8;19,2;1,6;1;1,5;73,6;9,5;6,6;8,8;0;1,7;79,4;18,9;0;0;5,2;4,45;5,17;6,01
27229;0;10023;17;1,7;0,8;9,3;88,1;11,9;8,4;17,5;37,1;28,7;8,3;4;4,3;26,9;45,1;17,1;2,3;0,3;0,1;50,8;12,9;18,7;12,2;5,2;3,5;51;40,9;4;0,6;6,08;5,36;6;6,6
27275;0;1031;0;0;0;9,3;86;14;3,1;22,4;43,5;25,2;5,7;0;3,2;25,4;52;18;1,4;0;0;33,6;25,5;21;19,9;0;1,6;53,3;39,8;4,1;1,1;6,01;5,14;6,04;6,86
27284;0;2025;0;0,6;0;8,3;83,7;16,3;4,7;18,9;42,8;26,3;7,2;0;4,4;25,7;48,3;18,6;3,1;0;2,7;41,1;15,1;20,9;19,7;0,6;5,4;48,8;40,6;5,1;0;5,89;5,17;5,69;6,42
27375;0;3307;0;0,7;0,3;8,9;84,7;15,3;2,9;18;46,3;27,9;5;0,7;2,1;25,5;51,7;18,4;1,2;0,4;0,6;52,1;8,9;5;20;13,4;6,2;53,6;36,3;3,6;0,3;6,19;5,5;6,13;6,77
27467;0;2062;11;0,6;0;11,4;81,1;18,9;5,6;15,6;47,9;25,5;5,5;2,8;3,7;22;49,1;19,8;2,6;0;0;46;10,2;6,5;31,8;5,5;3,3;48,9;45,2;2,6;0;5,96;5,3;5,93;6,39
27679;0;1040;0;5,4;3,9;9,6;77,5;22,5;9,1;24,5;35;27,9;3,6;4,7;3,6;29,1;45,5;16,1;1;0;0;43,8;12,2;20,8;18,1;5,1;4,8;50,4;41,8;0;3;6,21;5,55;6,28;6,69
27681;0;3414;0;0;0;7,5;91,3;8,7;4,1;19,5;39,1;30,9;6,5;2;3,5;27,4;46,5;17,4;2,8;0,4;0,4;61,6;17,1;8,9;5,5;6,5;1,2;66,5;28,4;3,9;0;5,94;5,2;5,78;6,48
27701;0;2971;0;3,2;1,7;7,5;57,6;42,4;3,1;16,5;27,5;36,1;16,8;0;1,3;14,9;35,7;35,5;11,4;1,2;1,2;13,4;64,3;1,9;10,6;8,7;1,4;22,2;70,8;4,8;0,8;6,21;5,48;6,19;6,77
28085;0;6052;63;1,7;0,9;9,7;88,5;11,5;9,8;19,3;37,8;25,9;7,2;5;8;25,6;42,6;15,3;3;0,4;1,5;56,5;10,9;6;10,5;14,7;4,2;57,3;28,7;4,8;5;5,8;4,9;5,55;6,36
28088;0;1862;0;0;0;12,2;75,7;24,3;7,6;12,6;34,2;31,6;14,1;4,4;4,1;27,6;34,3;24,2;4,5;0,9;0;41,5;23,8;11,6;10,2;12,8;14,4;46;34,5;4,1;1,1;5,35;4,56;5,11;5,96
28134;0;4757;0;3,4;2,3;5,5;84,1;15,9;3;16,5;37;33,7;9,9;1,7;3,7;36,4;39,2;15,4;2,9;0,6;0,9;50,8;21,7;3,5;15,5;7,7;15,6;57,9;23,8;0,9;1,8;5,74;5,17;5,74;6,23
28218;0;4378;0;1,1;0,3;8,7;88,5;11,5;3,4;19,1;40,2;28;9,3;0,4;4,5;38,3;40;14;2;0,7;0;54,6;34,7;3,8;5,1;1,8;1;75,1;15,3;4,8;3,9;5,51;4,91;5,25;5,94
28220;0;797;107;1,8;0;9;81,2;18,8;1,3;21,6;37,2;31,5;8,3;0;0;30,2;44,9;20,4;3,1;1,4;0;28;0;28,4;11,4;32,2;6,6;12,9;42;8,1;30,5;6,32;5,49;6,12;7,02
28229;0;1938;0;1,9;0;6,6;88;12;3,7;25,5;36,5;26,3;7,9;0;5,1;43;29,5;19,2;3,3;0;0,8;38,2;31,1;11,6;9;9,2;4,6;42,9;40,4;7,9;4,2;5,64;5,06;5,57;6,27
28280;0;1137;0;13,5;11,1;8,6;93,7;6,3;3,1;37,7;26,7;22,8;9,6;0;4,8;42,6;36,3;9,2;6,1;1,1;2,2;64,3;17,8;7,2;3,7;4,8;2,5;81,5;16;0;0;5,51;5,12;5,56;5,9
28404;0;1533;0;2,5;1,3;5,6;72,7;27,3;1,7;20;33,2;32,6;12,5;2;0;20,5;48,9;26;2,6;0;0;23,4;50,2;8,3;14,3;3,8;6,6;56;35,1;1,5;0,7;5,78;5,04;5,6;6,38
29019;0;16501;245;5,1;2,5;9,8;94,5;5,5;7,7;21,3;35,7;26,5;8,8;5,3;3,7;28,1;45;15,9;1,8;0,2;3,8;58,2;8,4;10,8;12,6;6,2;5,4;59,8;29,6;4,3;0,9;6,01;5,15;5,8;6,63
29024;0;447;0;0;0;6,8;77,5;22,5;3,4;12,7;63,7;20,2;0;0;0;17,2;66;12,4;4,4;0;0;58,3;21,1;3,9;9,5;7,2;4,6;69,9;25,6;0;0;5,31;4,88;5,16;5,56
29026;0;537;0;3,3;3,4;15,4;83;17;16,8;17,7;40,6;16;8,9;10,9;2;10,7;40,2;29,4;6,7;0;0;30,7;32,8;23,1;11,2;2,2;4,7;61;14;8,8;11,5;5,31;4,72;4,9;5,46
29039;0;2017;24;0;0;6,6;85,4;14,6;4;23,6;43,2;23,7;5,4;0,8;3,7;34,3;40,2;19,6;1,4;0;1;48,8;13,5;10,9;19,5;6,3;8,4;48,7;40,1;2,9;0;5,76;5,13;5,73;6,28
29042;0;322;0;0;0;10,4;91,7;8,3;3,5;24,5;39,1;24,8;8,2;0;5,1;27,8;58,5;8,5;0;0;0;24,9;43,9;5;18,4;7,8;6,3;42,8;42,5;0;8,4;5,49;4,93;5,2;6,04
29046;0;1490;13;1,8;0,7;9,8;100;0;2,9;29,6;40,4;19,4;7,7;0;3,2;41,3;45,5;9;1;0;0;61,2;24,2;4,2;8,2;2,2;1,9;62,8;34,5;0;0,9;5,07;4,48;4,94;5,83
29051;0;534;12;2,3;0;8,3;78,9;21,1;4,1;22,2;50,4;21,3;2,1;2,3;0;25,5;57,5;14,7;0;0;0;0;9,2;25,3;43,5;22;17,7;0;80,3;2;0;6,24;6;6,23;6,57
29058;0;289;41;0;0;5,5;71,9;28,1;0;24,6;53,7;17,4;4,3;0;3,6;28,8;53,3;14,4;0;0;0;0;8,5;27,7;30,5;33,3;23;0;61;16;0;6,25;5,56;6,04;6,49
29061;0;318;0;3,4;0;6;79,8;20,2;0;28,3;36;26,7;9;0;0;30,9;45,1;24;0;0;11,6;0;0;24,3;40,1;24;15,7;0;80,4;3,9;0;6,65;6,17;6,59;7,12
29069;0;463;26;2,6;2,4;9,2;66,7;33,3;2,4;39,2;33;21,2;4,3;0;3,6;34,1;39,2;19,2;4;0;0;2,7;7,2;18,8;34,6;36,7;18;3,5;78,6;0;0;6,79;6,34;6,72;7,29
29075;0;844;25;2,4;1,3;7,1;77,6;22,4;2,1;27;43,9;20,7;6,3;0;0;28,5;50,9;19,1;1,6;0;4,2;3,8;5,6;14,9;41,9;29,7;20,1;2,5;75,6;1,7;0;6,94;6,52;6,91;7,32
29103;0;1237;11;0;0;8,7;86,5;13,5;1,5;16,7;49,4;26,5;6;0;1,6;17;54,2;27,2;0;0;0;53,5;4,1;9,8;20,7;11,9;7,7;53,1;38,3;0,9;0;5,56;4,9;5,41;6,22
29105;0;357;13;0;0;11,4;79,5;20,5;3,9;17,5;53,7;19,3;5,6;3,2;4,4;16,8;53,4;18,6;3,5;0;0;39,8;3,5;20,4;16,2;20,1;11,6;33,9;51,3;3,2;0;5,89;5,36;5,86;6,33
29124;0;373;18;0;0;5,6;77,8;22,2;0;25;50,3;21,8;3;0;3,6;25,3;57,4;13,6;0;0;0;7,6;18,3;10,7;33,4;30;20,3;20,6;59,1;0;0;5,88;5,48;6,1;6,32
29150;0;202;17;5,9;6;6,1;37,1;62,9;0;25,2;48,2;21,1;5,5;0;0;23,5;44,6;31,9;0;0;0;0;36,9;16;38;9,1;0;28,2;71,8;0;0;5,68;5,55;5,93;6,03
29151;0;1493;0;9,2;8,5;9,6;95,5;4,5;13,9;22,7;36,4;22,7;4,4;5,4;8,3;26,7;44,9;14,7;0;0;2,1;42;37,8;5,3;9,4;3,4;3,2;76,7;14,7;5,3;0;5,22;4,63;5;5,44
29158;0;179;0;0;0;6,9;40,2;59,8;0;21,1;44,1;34,8;0;0;7;24,1;43;25,9;0;0;6,7;0;15,2;32,1;35,8;10,3;12,3;0;87,7;0;0;6,05;5,83;6,1;6,39
29160;0;272;0;4,3;0;6;52,7;47,3;0;24,5;48,3;22,3;4,8;0;0;27,2;52,5;20,2;0;0;0;4,3;30,6;22,9;5;37,2;14,6;28,7;56,7;0;0;5,91;5,33;6;6,37
29189;0;610;18;6,2;4,2;7;68,9;31,1;2,3;33,2;33,9;23,4;7,2;0;1,8;32,3;41,5;22,4;2;0;5,5;0;17,1;13,1;46,3;18,1;18,4;5,5;71,3;4,8;0;6,72;6,1;6,74;7,16
29195;0;118;11;;;;26,3;;0;25;45,3;21,6;8,1;0;0;24,2;;9,7;0;0;0;7,9;12,9;34,5;22,3;22,3;15,7;9;65,7;9,7;0;6,12;5,51;6,06;6,49
29212;0;960;0;1,9;0;22,5;85,9;14,1;32,5;20,7;28,1;15,5;3,1;32,6;0;19,2;31,8;16,5;0;0;0;0;21,7;45,2;21,1;12;7,1;0;92,9;0;0;6,77;6,17;6,66;7,17
29220;0;472;0;0;0;4,2;59,1;40,9;0;29,6;34,2;32;4,2;0;8,4;23,1;42,8;22,2;3,5;0;6,2;15,5;7,5;17,8;38,4;14,6;14,3;14,1;57,7;13,9;0;6,1;5,65;6,05;6,46
29232;0;6288;98;0,4;0;8,6;84,8;15,2;12,8;24,3;38;19,4;5,5;6,4;6,2;26,5;43,2;15,6;1,7;0,2;0;14,6;18,7;28,6;22,5;15,6;13,6;20,3;56;9,7;0,5;5,92;5,31;5,98;6,47
29233;0;737;0;2,6;1,5;6,1;76,5;23,5;3,3;20,8;37,4;32,2;6,4;0;1,8;23,9;44,3;30;0;0;2,1;31,4;31,7;7,9;17,9;9;7,4;50,7;36;4,2;1,6;5,6;4,95;5,49;6,24
29235;0;907;0;4,7;3,4;8,6;92,1;7,9;3,9;29,2;37,5;22,5;6,9;1,2;3,1;28,6;43,5;21,1;2,4;0;0;17,4;28,8;1,4;30,2;22,2;13,8;31,8;52,8;0;1,6;6,17;5,38;6,38;6,91
29241;0;288;0;0;0;6;54,3;45,7;3,9;22,2;43,4;26,5;3,9;0;4,8;20,1;52;23;0;0;0;0;28,8;22,4;30,2;18,5;9,7;19,3;71;0;0;5,91;5,61;5,97;6,24
29259;0;351;0;0;0;6,9;82,1;17,9;3,3;19,8;46,1;26,3;4,5;3;3;13,2;56,8;18,1;3;3;0;39,7;24,8;9,6;5,1;20,8;7,4;55,9;36,7;0;0;5,25;4,47;5,26;5,93
29260;0;308;0;3,6;0;6,9;93,1;6,9;5,3;27,3;41,1;26,3;0;0;4,3;28;53,3;14,5;0;0;0;0;55,9;7,2;33,3;3,6;9,1;16,7;68,9;0;5,3;6,02;5,31;6;6,53
29274;0;147;0;0;0;12,8;78,4;21,6;0;37,6;46,4;16;0;0;0;43,5;47,8;8,7;0;0;0;0;48,6;36,5;14,9;0;13,6;0;;0;0;6,21;6,03;6,43;6,55
29293;0;178;21;0;0;8,5;65,6;34,4;6,2;33,9;35,6;18,1;6,2;0;6,5;30,8;48,1;14,6;0;0;0;0;11,5;34,1;27,5;26,9;25,4;0;74,6;0;0;6,02;5,61;6,13;6,4
2A004;0;4955;117;1,8;0,6;5,6;94,4;5,6;1,6;13,4;39,7;37,8;7,4;0,6;1,3;15,1;58,1;22,6;2,1;0,3;0,7;30;24,9;12,2;15,2;17;10;32,7;56,1;1,1;0;6,55;5,84;6,63;7,21
2A247;0;652;0;0;2,2;5,3;94,2;5,8;1,6;16,5;36,5;35,1;10,3;0;1,7;25,4;46,5;26,5;0;0;0;8;44,5;0;14,4;33;12,4;28,9;56,9;1,7;0;6,25;5,72;6,16;6,83
2B033;0;5197;0;1,1;0,3;4,9;99,2;0,8;3;12,5;40,6;37,8;6,1;1,3;2,6;24,5;59,5;11,1;1;0;0,8;56,6;18,1;8,5;12,8;3,1;5,4;58,6;34;1,2;0,7;5,75;4,93;5,57;6,52
2B037;0;124;19;0;0;;;0;;;;16,7;;0;0;33,3;;0;0;0;;;;;;16,5;;;;;;6,73;6,46;6,57;7,23
2B042;0;290;0;0;0;10,6;76,2;23,8;0;17,4;39;43,6;0;0;0;22,7;53,5;23,8;0;0;0;0;0;50;0;50;17,9;0;82,1;0;0;6,74;6,4;6,62;7,14
2B050;0;378;0;0;0;5,7;56,6;43,4;0;10,1;38,2;39,5;12,2;0;0;12,2;54,9;29,5;3,4;0;0;0;51,7;6,6;41,6;0;5;20,1;65,2;3,2;6,6;6,63;5,93;6,69;7,02
2B096;0;645;0;0;0;8,8;95,6;4,4;62,3;7,1;12,7;11,3;6,5;61,6;1,8;6,8;22,8;5,1;1,8;0;1,9;12,4;9,2;66,9;9,6;0;33,6;16;50,4;0;0;5,98;5,3;5,62;6,84
30003;0;425;0;0;0;0;88,8;11,2;4,3;13,9;33,4;38,3;10,1;0;3,5;15,4;40,7;40,4;0;0;0;36,4;32,5;23,5;4,2;3,4;10,1;41,6;48,2;0;0;5,95;4,8;5,88;6,92
30007;0;6717;88;7,8;6,1;7,7;91,5;8,5;10,8;11,5;37,4;35,5;4,9;8,6;5;23,7;44,3;15,8;2,8;0;3,7;58,7;10,5;2,9;11,3;12,9;7,5;60,5;21,2;8,1;2,6;5,47;4,75;5,53;6,14
30011;0;532;42;6,4;2,1;7;79,3;20,7;2,1;31;42,6;22,3;2,1;0;2;31,2;45,2;21,6;0;0;0;0;7,1;40,9;13,4;38,6;22,1;0;58,5;13,8;5,7;7,24;6,59;7,1;7,4
30028;0;2705;0;7,7;6;9,2;96,1;3,9;2,8;11,9;33,7;37,2;14,3;0,4;2,2;18;55;22,1;2;0,4;0;77,6;9,5;1,1;3,8;8;4,1;68,5;24,7;1,9;0,9;5,47;4,67;5,28;6,14
30032;0;1129;0;1;0;5,6;93,9;6,1;2,7;17,5;37,6;34,8;7,4;0;2,2;17,3;52;25,7;2,8;0;2,3;18,7;56,7;7,2;10,9;4,3;4,3;40,7;55;0;0;5,59;4,99;5,43;6,21
30034;0;238;0;0;0;6,1;58,9;41,1;8;11;40,5;35;5,5;0;0;15,3;57,9;26,9;0;0;0;20,2;6,2;11,2;12,4;50;20,5;20,1;45,5;13,9;0;6,3;5,55;6,08;6,41
30047;0;174;0;0;0;0;70,5;29,5;12,6;24,6;34,3;21,7;6,9;0;9;27,7;42,8;20,5;0;0;0;0;0;0;44,6;55,4;18,2;0;57,6;17;7,3;6,88;6,05;6,6;7,43
30132;0;1019;0;6,4;3,6;11,1;98,5;1,5;1,1;16,2;42,1;36;4,6;0;1,1;29,7;56,6;10;1,4;1,2;41,1;42,1;1,1;1,1;14,6;0;8,5;42,4;27,9;0;21,2;5,56;4,7;5,37;6,34
30133;0;366;0;0;0;3,6;97;3;0;14,1;36,8;38,6;10,5;0;0;14,5;59,7;22,8;3;0;0;50;31,3;6,4;0;12,3;7,6;58,3;31;3,1;0;5,65;4,81;5,51;6,17
30141;0;406;32;0;0;12,4;67,5;32,5;0;10,4;37,9;43,5;8,1;0;2,7;24;43,6;23,5;6,3;0;0;47,6;0;21,1;2,6;28,7;13,5;44,7;35,8;6;0;6,51;6,21;6,5;6,74
30155;0;244;0;0;0;4,6;61;39;0;20,3;43,7;35,9;0;0;0;20,1;56,1;23,8;0;0;5,3;0;0;0;38,1;56,6;27,1;0;63;9,9;0;6,45;5,91;6,27;6,67
30156;0;208;0;0;0;7,3;40,1;59,9;0;15,7;33,8;50,5;0;0;0;15,7;57;20,2;7,2;0;0;0;12,6;26,1;33,8;27,5;19,5;0;62,4;18,1;0;6,8;5,98;6,8;7,23
30169;0;428;0;0;0;7,5;74,4;25,6;3,4;21,2;44,6;27,5;3,4;0;3,8;24,2;50,7;21,3;0;0;0;0;0;14,6;25,5;59,9;22,5;0;70,6;6,9;0;6,9;6,27;6,88;7,2
30189;0;15546;26;4,2;3,1;6,3;93,5;6,5;4,8;17,9;38;32,9;6,4;2,8;3;23;45,2;23;2,4;0,5;3,3;39,6;19,4;18,4;12,7;6,5;8,9;36,7;48,3;4,3;1,7;6,25;5,28;6,18;7,2
30202;0;756;50;1,5;1,5;7,8;80,6;19,4;4,6;17,3;31,3;37,5;9,3;0;5;22,9;42,6;25,3;4,3;0;5,6;19,1;24,5;18,4;8,3;24,1;17,4;32,7;48,2;0;1,7;5,71;4,66;5,79;6,49
30217;0;293;0;0;4,3;7,9;63,9;36,1;3,5;21,2;38,9;29,3;7,1;0;0;18,8;48,7;32,6;0;0;0;0;0;29,4;28,7;42;16;0;77,8;6,2;0;6,72;6,24;6,52;7,22
30221;0;264;57;0;0;8,7;82,4;17,6;3,9;21,9;40,9;26,9;6,5;5,1;4,4;24,7;39,3;22,4;4,1;0;8,4;34,8;16,4;0;0;40,4;16,1;24,8;49,3;0;9,9;6,04;5,49;6,06;6,53
30243;0;360;0;3;3,5;11,8;47,6;52,4;0;14,7;36,8;42,7;5,8;0;0;13,8;46,3;39,9;0;0;0;0;22,2;8,3;32,1;37,4;19,9;0;76,7;0;3,4;6,61;6,3;6,45;7
30258;0;870;0;0;0;6,4;86,1;13,9;0;11,6;38,9;40,7;8,9;0;0;15,7;57,2;23,6;3,4;0;1,4;46;21;0;18,7;12,9;9,3;51,7;34,9;0;4;5,42;4,74;5,23;6,09
30284;0;402;0;3,9;3,1;7;78,9;21,1;0;13,6;45,4;37,1;3,9;0;0;14,6;54,7;30,7;0;0;14;0;40;5,2;8,8;31,9;12,1;19,7;53,6;0;14,6;5,9;5,34;6,08;6,66
30294;0;145;0;7,5;0;14,3;15,3;;0;10,6;45,1;44,4;0;0;0;11,5;46,9;41,5;0;0;0;0;0;0;40,1;59,9;24,1;0;;0;0;6,43;6,17;6,48;6,69
30334;0;600;0;0;0;5;96,9;3,1;1,9;12,5;31,6;33,7;20,4;0;3,9;17,1;50,4;24,6;1,8;2,3;0;47,8;13,7;12,5;11,1;15;6,7;57,8;28,1;7,4;0;5,7;4,89;5,35;6,26
30341;0;1029;0;1,1;0;7,1;96;4;2,7;7,7;32,8;39,6;17,2;0;1,3;10,3;54,3;31,7;2,4;0;0;49,8;37,9;5;5,2;2,1;1,9;48;50,2;0;0;5,8;5,13;5,64;6,31
30350;0;345;0;3,8;0;17,5;93,7;6,3;6,2;22;30,7;32,5;8,7;7,8;3,4;17,6;48,5;18,5;4,2;0;15,4;24,9;59,7;0;0;0;3,6;50,3;36,3;9,8;0;5,36;4,66;5,28;5,92
30351;0;722;46;0;0;9,1;91,3;8,7;2,6;26,3;42,8;26,3;1,9;1,5;1,9;29,6;51,5;15,5;0;0;2,9;5,7;10,5;13,9;9,1;57,8;22;3,9;54,4;18;1,8;7,62;6,69;7,22;8,47
31022;0;760;22;1,7;0;7,5;77,9;22,1;0;26;41,4;28,1;4,5;0;1,4;29;41,1;26,1;2,3;0;1,5;0;9;26,1;19,4;44;19,9;3,1;66,9;6,4;3,7;7,24;6,63;7,23;7,69
31033;0;461;53;3;3,3;8,2;57,7;42,3;0;9,7;37;46;7,2;0;0;24,3;37,8;35,4;2,5;0;0;24,1;0;2,3;24,3;49,4;11,8;22,7;61,8;0;3,6;6,11;5,76;6,23;6,54
31044;0;1227;106;1,2;0;8,9;84,2;15,8;1,2;19,6;35,3;32,6;11,3;0,9;1,1;19,6;51,6;24,5;2,3;0;0;30,3;0;6,7;25,8;37,2;15,8;30;41,1;11,4;1,7;6,72;5,39;6,78;7,47
31056;0;793;26;2,1;1,4;9,3;88;12;1,4;17,6;42,7;28,4;10;0;1,8;20,8;54,7;22,7;0;0;0;17,8;5,2;0;20,5;56,6;19,4;17,6;53;10;0;6,74;6,08;6,81;7,34
31069;0;2457;11;5,6;4,7;9;96,3;3,7;7,3;23,3;36,2;27;6,3;4,8;2,8;24,1;49,8;17,1;1,4;0;0;19,7;24,5;19,5;24,8;11,6;10,3;28,2;55;6,5;0;6,95;5,84;6,99;7,74
31113;0;1514;16;2,3;1,4;8,5;94;6;4,1;22,6;48,5;21,4;3,4;2,3;1,2;23,9;52,5;15,9;3,1;1,2;1,5;1,3;14,4;28,2;23,4;31,2;20,5;4,1;69;6,3;0;6,99;6,51;6,97;7,36
31116;0;795;0;1,7;1,4;9,1;76,3;23,7;2,8;23;38,4;29,8;6;1,4;1,4;29,6;47,4;20,3;0;0;0;12,8;3,3;22,3;15,5;46,2;21;8,2;56,8;10,7;3,3;7,03;6,36;6,97;7,58
31149;0;4453;102;0,6;0,3;7,6;90;10;3,3;19,1;45,6;23;8,9;0,3;2,7;18,1;56,8;19,1;2,6;0,2;0;41,5;19,2;9,3;20,5;9,7;5,8;48,7;40,8;3,4;1,1;5,95;4,93;5,92;6,95
31157;0;1681;102;2;0,8;8;87;13;1,4;17,8;46,5;27,7;6,7;0;2;19,7;53,2;23,2;1,9;0;0;23,3;8,2;8,8;18,7;41;21,4;20,7;54,2;2,9;0,8;6,65;5,98;6,73;7,27
31169;0;534;0;0;0;8,9;82,1;17,9;0;25,8;37,5;28,1;8,6;0;2;26,7;49,1;20;2,2;0;0;11,8;5,1;16;36,1;31;18,9;14,8;55,2;3,9;7,3;6,91;6,33;6,87;7,43
31187;0;777;27;1,8;0;6,3;47,8;52,2;1,4;17,2;41,4;34,1;6;0;1,4;18,9;51,2;26,6;1,8;0;1,4;1,4;0;13,5;52,4;31,3;20;0;76,9;3,1;0;6,47;6,1;6,36;6,7
31203;0;572;0;0;0;7,9;83,1;16,9;2,6;27,7;43,1;19,7;6,9;2,6;0;31,1;43,5;19,2;3,5;0;0;0;3,9;22;42,5;31,6;13,6;0;83;3,4;0;7,02;6,65;6,94;7,31
31232;0;449;0;2,5;0;7,4;54,2;45,8;3,5;14,3;40,8;34,6;6,8;0;2,7;19,9;43,2;28,7;5,4;0;2,7;6,3;7,9;7;36,1;40;19,6;11,6;63,8;5;0;6,11;5,73;6,27;6,55
31282;0;672;0;0;1,7;6,3;77,8;22,2;1,6;19,6;41,7;30,9;6,2;0;0;26,1;49,3;24,6;0;0;0;0;8,6;24;32,2;35,2;24,1;0;71,1;4,8;0;7;6,5;7,01;7,44
31291;0;641;16;3;3,1;10,2;73,4;26,6;0;17,5;46,8;30,2;5,4;0;1,7;21,2;55,4;21,7;0;0;1,7;12,3;4,9;12,4;37,6;31,1;13,6;9,2;54,5;22,7;0;6,91;6,29;6,94;7,43
31395;0;2573;181;10,2;8,6;8,8;86,8;13,2;2,8;13,2;31,2;42,5;10,3;0,5;2,4;18,2;53,8;21,6;2,9;0,7;1,1;38,7;8,6;3,4;33,2;14,9;7,8;40,3;39,8;7,8;4,3;6,47;5,29;6,63;7,34
31417;0;439;65;0;0;11,1;66,4;33,6;0;20,4;46,6;27,1;6;0;0;22,2;55;19,9;2,9;0;0;12,9;0;13,3;27,1;46,7;23,8;0;65,9;4,7;5,6;6,99;6,5;6,88;7,34
31424;0;1522;0;0,9;0,7;9,4;72,8;27,2;1,2;25,6;41,4;26,1;5,7;0;1,1;29,3;45,9;20,9;2,8;0;0;2,7;5,1;14;38,3;39,8;15,2;0;75,9;8,9;0;7,22;6,76;7,13;7,59
31433;0;698;23;2,7;2,8;3,7;30,8;69,2;1,6;12,9;36,3;39,1;10,2;0;0;10,4;47,9;38,8;2,9;0;0;7,7;24,2;47,4;10,3;10,3;8,4;6,9;74,5;10,2;0;6,97;6,34;7,13;7,54
31446;0;1609;27;0,8;0,8;9,3;96,3;3,7;10,6;20,9;37,7;21,6;9,2;7,6;3,1;21,9;43,1;21;3,3;0;0;9,6;19,9;13,2;37,8;19,5;13,5;9,6;52,5;20,3;4,1;7,4;6,64;7,26;8,01
31451;0;438;39;3,5;3;7;53,7;46,3;0;16,6;29,7;40,7;13;0;0;16,5;49,3;34,2;0;0;2,5;32;0;6,4;32;27;11;26,8;59;0;3,3;5,99;5,46;6,08;6,41
31467;0;644;13;3,2;1,7;13;66,6;33,4;2,2;25,6;39;29,2;4;0;3,6;26,4;41,4;19,8;6,9;1,9;0;15,7;19,6;9;1,7;54;23,4;11,1;65,5;0;0;6,62;5,97;6,66;7,24
31483;0;573;0;0;0;7,4;49,2;50,8;2,5;9,3;36,7;38,2;13,3;2,3;0;11,5;53,4;29,9;3;0;3,1;9,4;23,5;11,7;52,3;0;8;19,2;67,5;2,1;3,1;6;5,5;6,25;6,36
31488;0;812;0;0;1,3;11,3;78,7;21,3;2,3;31;43,2;20;3,5;0;4,9;29,6;46,7;17;1,7;0;0;0;0;30,9;34,9;34,2;19,9;0;61,4;18,7;0;7,67;6,98;7,57;8,3
31499;0;584;28;2,3;0;10,1;52,3;47,7;0;18,9;36,5;39,1;5,5;0;2,8;24,1;41,4;31,7;0;0;0;19,8;1,9;2,5;28,8;47;17;16;64,2;2,8;0;6,32;5,87;6,32;6,74
31506;0;1207;47;1;0,9;8;82,9;17,1;3;27,2;38,9;23,4;7,5;2,2;3,1;29,7;42,2;21,3;1,7;0;0;0;4,9;16,4;14,3;64,4;22,3;0;69;5,9;2,8;7,19;6,65;7,12;7,68
31526;0;449;0;0;0;8,5;75,6;24,4;0;22;38,7;29,4;9,9;0;0;21,5;41,1;33,6;3,8;0;0;0;0;5,3;42,2;52,4;19,4;0;75,6;5;0;6,95;6,65;6,84;7,17
31547;0;598;58;2;0;9,8;59,9;40,1;1,8;24,5;39,9;28,1;5,7;0;1,9;32,5;35,9;27,9;1,9;0;1,9;3,4;3,5;4,9;13,1;73,2;25,6;0;69,2;5,2;0;7,02;6,47;6,93;7,39
31555;0;52531;1686;2,5;1,3;9,8;95,7;4,3;19,5;20,6;32,9;20,5;6,5;16,7;4,7;27,2;35,4;14;1,5;0,6;2,8;30;8,6;12,8;22,7;23,1;9,5;31,7;35,8;18,2;4,9;7,05;5,81;6,85;7,58
31557;0;2317;0;1,8;0;8,7;88,2;11,8;4,5;29;41;19,5;6;2,5;3,8;29,2;44,6;16,7;2,7;0,5;0;5,2;18,5;12;19,3;45,1;18,6;6,3;64,9;9,6;0,5;7,15;6,54;7,07;7,61
31561;0;640;63;1,7;0;8,4;87,8;12,2;2;34,5;46,8;14,9;1,7;1,7;3,3;35,6;41,4;14,5;1,7;1,9;0;0;0;7,4;14,3;78,3;24,9;0;60,5;14,7;0;7,58;6,74;7,44;7,96
31588;0;919;97;1,6;0;9;78,6;21,4;1,2;26,9;40,3;27,1;4,5;0;3,9;27,8;46;20,5;1,7;0;1,2;2;0;14,4;19,6;62,9;25;0;67,9;7,1;0;7,19;6,68;7,09;7,67
32013;0;2071;18;1,3;0;9,5;86,2;13,8;6,7;18,1;35,6;31,8;7,8;4,2;3,6;21,5;53;16,7;0,5;0,5;3,2;51,2;9;10,1;16,9;9,6;21,1;49,8;27,4;1,8;0;5,5;4,7;5,28;6,14
32107;0;381;0;0;0;3,3;33,5;66,5;0;14,5;33;41,1;11,4;4,2;0;17,5;48,6;29,8;0;0;4,5;48,2;19,1;13,1;15,2;0;20,9;51,5;24,7;2,8;0;5,12;4,46;5,07;5,67
32132;0;260;0;0;4,1;8,4;73,1;26,9;5,5;16,1;41,3;37;0;3,9;0;18;52,3;21,6;0;4,2;0;18,1;26,5;11,2;20,1;24,1;26,2;36,5;37,3;0;0;5,46;4,25;5,68;6,48
32160;0;412;0;0;0;9,2;55;45;4;16,6;36,2;35,5;7,7;3,9;0;16,1;47,5;28,2;4,3;0;0;15,3;2,5;7,9;25;49,3;22,8;14,8;56,7;5,7;0;5,96;5,52;6,06;6,24
33003;0;1572;0;0,8;0;7;66,9;33,1;0;20,5;39,4;32,2;7,9;0;0;22,5;51,1;23,9;2,6;0;0;14,4;4,7;6,6;33,6;40,7;18,1;2,3;67,8;0;11,7;6,71;6,27;6,67;7,15
33005;0;305;27;0;0;7,1;52,9;47,1;3,4;20,2;39,9;32,5;4;0;3,4;20,1;47,9;25,3;3,4;0;0;10,9;13,5;9,2;23,1;43,2;10,5;15,6;60,9;12,9;0;6,49;5,92;6,43;6,96
33009;0;994;157;1,1;0;5,6;93,3;6,7;4,1;28,8;43;21,6;2,6;1,1;3,9;34,1;46,7;14,1;0;0;0;14,4;5,9;11,4;24,6;43,7;11,3;13,9;64,3;10,5;0;6,76;6,15;6,5;6,93
33013;0;899;0;1,3;0;6,9;61,4;38,6;1,2;18,8;42,6;32;5,4;0;1,2;20,2;46,2;29,1;3,3;0;0;0;0;3,9;78;18,1;13,4;0;64;22,7;0;7,06;6,46;6,8;7,26
33032;0;1102;0;1,2;0;6,6;66,3;33,7;0;17,6;37,8;33,7;10,9;0;0;16,1;54,1;26,5;3,3;0;0;41;2,9;15,9;29,2;10,9;7,1;36,7;44,7;11,4;0;6,48;5,44;6,53;7,1
33039;0;4077;16;1,7;0,4;7,3;89,8;10,2;1,7;24,1;42;27,1;5;1,2;0,5;26,3;51,2;18,6;1,8;0,4;0,3;32;20,4;7;17,4;22,8;6,6;34,6;44,1;12,4;2,3;6,87;5,76;6,66;7,56
33051;0;410;0;2,6;0;4,6;39,9;60,1;0;13,1;50;33,9;3;0;0;15,1;63;19,3;2,7;0;0;0;20,4;20,7;44,1;14,8;12,4;11,7;66,1;9,8;0;6,32;5,8;6,2;6,96
33056;0;2069;0;9;4,7;6,1;86,5;13,5;6,2;28,5;36,7;24,2;4,4;9,4;3,3;22,6;45,9;17,2;1,5;0;0,6;16,8;26,3;21;11,3;24;10,7;27;59,5;2,2;0,7;6,73;5,91;6,81;7,33
33063;0;23080;510;1,2;0,3;7,1;93,7;6,3;11,5;21,3;37;23,9;6,3;8,1;4,2;24,6;42,2;17,6;2,5;0,7;6;32,7;8,3;14,1;15,3;23,5;7,5;33,5;41,3;15,2;2,6;6,89;5,87;6,82;7,56
33069;0;2224;0;0,8;0;6,3;96,9;3,1;4,2;21,8;44;25,4;4,6;0,7;3;22,3;56,6;16;1,3;0;0,5;25,2;41,7;9,7;7,3;15,6;4,9;37,3;46,4;11,4;0;6,91;5,9;6,85;7,44
33075;0;2118;28;2,6;0;6,3;86,5;13,5;3,6;26,6;48,3;19;2,5;0,5;2,3;27,5;54,4;14,2;1,1;0;0;3,3;25,2;14,8;23,8;33;19,7;2,9;71,3;4,5;1,7;7,11;6,65;7,04;7,55
33090;0;495;0;0;0;8,6;74,1;25,9;0;28,7;45,6;23,4;2,3;0;0;21,8;53,5;24,7;0;0;0;0;26,4;0;22,5;51,1;19,9;0;76,7;3,4;0;6,44;6,1;6,6;6,95
33096;0;800;13;1,4;0;4,9;83,9;16,1;0;24,2;42,5;31,5;1,9;0;1,4;25;45,9;27,8;0;0;0;1,4;42,8;4,2;14,3;37,4;9,7;14,8;69,6;5,9;0;6,97;6,42;6,88;7,18
33119;0;4131;25;1,2;0,3;6;94,5;5,5;2,7;13,4;36,3;35,7;11,9;0;4,2;15,6;58,4;17,8;3,2;0,8;0;68,2;4,8;2,5;13,5;11,1;3,9;71,5;18,8;4,1;1,7;5,92;5,08;5,6;6,58
33122;0;1163;113;1;0;5,4;26,8;73,2;1,5;24,2;40,8;29,6;4;0;1,1;24,2;42,3;30,8;1,6;0;0;0;15,4;12,7;34,8;37,1;17,3;4,4;75,4;2,9;0;6,76;6,36;6,81;7,06
33138;0;438;34;3;0;5,6;51,6;48,4;2,5;19,2;40,6;35,2;2,5;0;0;28,4;45,3;26,3;0;0;5;22;20,7;15,9;13,8;22,6;10,7;29,9;55,5;3,9;0;5,81;4,77;5,8;6,58
33162;0;2830;53;0;0;5,8;88,2;11,8;0,6;20,2;42,8;32;4,5;0,4;1,1;21,8;56,9;18,4;1,3;0;0;22;24,1;11;22,9;20;9,2;36,3;52;2;0,5;6,52;5,66;6,58;7,2
33167;0;3005;0;1,2;0;5,3;86,3;13,7;2,4;15,3;40,7;33,4;8,2;0;3,8;15,1;48,1;28,9;3,6;0,5;0;43,5;21;3,4;29,3;2,8;2;55,2;30,7;11,8;0,4;6,28;5,31;5,88;6,97
33192;0;2710;23;0,9;0;8,1;88,5;11,5;19,6;15,6;35,2;24,1;5,5;14,3;6,4;17,8;42,3;17,9;1,4;0;0;46,2;9,7;11,7;19,6;12,7;8,1;34,8;40,8;15,6;0,7;7,18;6,06;7,2;7,88
33199;0;1193;36;1;0;6,5;74,5;25,5;3,8;32,3;41,6;20,5;1,8;1,6;3,9;31,7;42,2;19,1;1,6;0;1,7;0;2,6;9,8;28,8;57,2;23,1;2,9;63,8;9,3;0,9;6,49;6,02;6,39;6,76
33200;0;1155;0;0;0;5,8;74,2;25,8;1,4;24,5;38;32,7;3,4;0;2,8;25,3;45,7;24,9;1,3;0;0;30,4;5;10,3;32,3;22;9,1;30,4;52,5;7,1;0,9;6,36;5,25;6,53;7,03
33227;0;599;0;2,1;0;6,4;83,7;16,3;4,4;16,6;42,6;30,3;6,1;0;2,9;19,2;58;18;2;0;0;26,4;37;14,2;7,9;14,5;6,3;54,5;32,8;0;6,5;5,85;5,12;5,76;6,35
33236;0;279;0;0;0;0;29,5;70,5;0;21,7;31,8;40,9;5,6;0;0;21;39,9;39,1;0;0;0;23,5;0;17,3;40,8;18,4;13,5;14,6;56,2;11,7;3,9;6,47;6,04;6,3;6,79
33238;0;722;11;0;0;7,8;62,2;37,8;2,4;22,8;38;32,1;4,7;1,9;1,5;24,8;48,4;23,5;0;0;0;6;21,1;10,5;25,8;36,6;13;6,1;71;6;3,9;7,12;6,58;6,88;7,53
33243;0;2255;135;0,6;0;6;80,1;19,9;5,7;17,8;39,6;30,1;6,7;2,5;3,8;17,9;52,2;21,7;2;0;1,6;29,1;16,1;25,1;20,5;7,6;6,6;34,4;52,2;1,5;5,2;6,02;5,29;6,13;6,72
33249;0;5051;84;1,3;0;7,1;93,1;6,9;0,9;16,4;43,8;32,6;6,2;0,2;1,2;19,5;58,4;18,7;1,8;0,3;0;61,5;1,2;0,5;21,1;15,7;0,6;61,8;28;6,8;2,8;6,53;5,53;6,41;7,35
33273;0;465;34;0;0;8,6;62,8;37,2;4;24,8;44,2;21,4;5,5;0;3,6;24,9;52,6;18,8;0;0;0;0;15,5;6,5;33,3;44,8;14,6;0;73,5;11,9;0;6,59;6;6,41;6,81
33281;0;7592;59;0,6;0;6,6;88,5;11,5;9;19,7;39,6;26,5;5,2;5,4;2,9;24,8;45,2;19,6;1,6;0,4;1;20,1;20,2;17,6;18,5;22,5;10,8;22,9;57,4;8,3;0,6;6,82;6,17;6,81;7,34
33284;0;405;0;3,4;0;6,3;55,4;44,6;0;25,8;40,1;31,3;2,8;0;0;26,8;42,4;27,3;3,4;0;0;0;11,2;2,7;16;70,1;27,7;4,6;64;3,6;0;6,34;5,83;6,27;6,82
33312;0;904;38;1,4;1,7;9,6;70,9;29,1;1,9;26,7;42,3;27,3;1,9;0;1,2;27,1;48,5;23,3;0;0;0;0;0;2,5;31;66,5;24,2;0;71;4,8;0;7,08;6,67;7;7,4
33314;0;268;0;0;0;4,3;67,9;32,1;0;9,4;17,3;64,3;9;0;0;9,2;69,4;17,3;4,1;0;0;69,8;9,5;9,5;11,2;0;0;71,1;24,6;4,3;0;5,36;4,75;4,91;5,97
33318;0;7571;11;1;0,2;6,9;90,2;9,8;29,7;15,6;22,7;23,8;8,2;28,5;3,4;16,6;32,8;16,7;2;0;1,9;39,7;3,2;12,3;23,5;19,3;2,4;43,3;21,5;32,2;0,6;6,62;5,89;6,44;7,18
33322;0;260;0;0;0;0;19,7;80,3;13;9,1;34,1;37;6,9;0;9,7;12,3;41;36,9;0;0;0;0;0;0;72,7;27,3;18,3;0;81,7;0;0;6,6;6,43;6,57;6,75
33366;0;674;21;2,1;0;11;61,3;38,7;0;19;46,3;31,8;2,8;1,6;2,1;17,8;54,1;24,4;0;0;0;4,2;15,2;15,3;25,9;39,4;18,2;8,1;70,3;3,4;0;6,08;5,62;6,11;6,49
33422;0;715;0;0;0;7,8;40,4;59,6;2,1;24,5;38,5;29,9;5;0;1,9;23,2;41,8;30,5;2,6;0;0;0;0;3,9;42,7;53,4;24,1;0;67,3;6,4;2,3;6,91;6,47;6,74;7,01
33433;0;718;53;1,7;0;6,4;41,7;58,3;0;23,4;43,5;29,4;3,7;0;0;26,1;43,3;28,6;2;0;0;0;14,5;5,1;20,8;59,6;25,8;0;74,2;0;0;6,65;6,28;6,71;6,91
33449;0;2616;15;1,7;0,4;7,1;64,9;35,1;2,2;21,1;39,9;31,3;5,5;1;1,1;21,8;48,3;25,2;2,5;0;0,4;9,8;2,7;16,5;46,1;24,4;11,4;9,9;73,2;5;0,5;6,94;6,53;6,85;7,26
33519;0;619;14;1,8;0;8,6;45,6;54,4;0;20,9;42,2;33,1;3,8;0;0;19,8;48,5;29,5;2,1;0;0;0;0;6;61;33;17,3;0;72,5;7,9;2,2;6,97;6,58;6,78;7,16
33522;0;5171;93;1,1;0;8;96,6;3,4;28,2;16,9;27,2;19,6;8;20;10,1;16,7;36,5;13,1;3,3;0,3;2,2;41,4;14,3;16,1;14,8;11,1;4,5;40,5;27,8;23,2;4;6,91;5,46;6,58;7,48
33529;0;2087;0;1;0;9,4;77,4;22,6;1,1;22,1;42,8;29,7;4,4;0;2,6;22,4;55,5;18,5;1;0;0;33,6;1,5;11,4;22,9;30,6;10,6;31,2;46,7;8,8;2,7;6,36;5,62;6,22;6,78
33550;0;4721;108;1,8;0,3;6,8;94;6;3,6;31;39,1;23,2;3,1;2,2;2,2;31,9;49,3;14,2;0,3;0;0;19,9;6,2;7,2;16,7;50;17,6;20,5;57,1;4,5;0,3;6,81;6,27;6,97;7,46
34003;0;1396;93;1,2;0;6,4;89,9;10,1;1,4;22,7;43,8;28,8;3,4;0;1,4;24,2;53,7;19,1;1,5;0;1,1;6,4;19;18,1;8,7;46,6;21,2;8,1;68,5;2,2;0;6,42;5,94;6,49;6,84
34022;0;439;78;0;0;6,3;84,7;15,3;3,8;31,7;42,8;21,6;0;4;3,1;31,4;46;13;2,5;0;0;0;0;23,5;32,8;43,7;22,3;0;71,3;6,4;0;6,91;6,4;6,83;7,28
34023;0;428;0;0;0;3,6;55,7;44,3;3,6;20,4;41,6;28;6,4;0;0;21;45;34;0;0;0;0;20,4;32,6;22,1;24,9;19,7;0;77,4;2,9;0;6,66;6,33;6,66;6,95
34028;0;157;0;0;0;8,6;77,2;22,8;0;11,7;36,4;43,5;8,4;0;0;9,2;63,1;27,7;0;0;10,1;0;68,5;7,4;14,1;0;17,2;43,8;39,1;0;0;5,6;4,88;5,38;6,21
34031;0;230;0;0;0;6,3;89,6;10,4;0;28,1;39,4;32,5;0;0;0;29;44,6;26,3;0;0;0;0;7,1;4,9;17,3;70,7;32,1;0;67,9;0;0;6,5;6,14;6,62;6,82
34032;0;7645;327;3,7;1,4;7,9;92,4;7,6;2,1;19,6;42,5;28,3;7,5;0,8;2,9;26,2;47,9;19,1;2,8;0,4;5,7;37;11,7;5,2;19,5;20,9;11,1;35,9;44,6;7,5;0,9;5,93;5,11;5,85;6,67
34057;0;2201;60;0,9;0,5;7,8;96,4;3,6;10,2;29,4;39,7;18,3;2,4;7,4;5,1;30,5;41,2;14,4;1,5;0;0;0;3,4;11;23,9;61,7;23,1;0;62;12,6;2,4;7,51;6,8;7,39;7,78
34058;0;344;0;0;0;4,6;73,9;26,1;5;24,9;40,4;23,4;6,4;0;7,9;27,2;41,7;18,5;4,6;0;3,2;0;4,6;13,2;30,2;48,9;17,8;3,4;74,7;4,1;0;6,62;5,99;6,59;6,98
34077;0;377;31;3,4;0;5,3;75,8;24,2;0;32,2;35,1;25,5;7,2;0;0;33,2;43,6;20,3;2,9;0;0;0;5;22,9;27,4;44,7;21,9;0;78,1;0;0;6,94;6,48;6,84;7,4
34079;0;810;0;0;2;7,4;82,8;17,2;1,6;13,2;37,2;40,4;7,6;0;3,2;17,8;56;20,5;2,6;0;1,9;27,7;20,8;8;20,5;21,1;12,1;30,9;55,7;1,3;0;6,12;5,17;6,31;6,8
34088;0;290;31;4,9;0;9,2;96,1;3,9;0;28;40,8;27;4,3;0;0;28,5;42,3;29,2;0;0;4,2;0;4,2;0;15,6;76;26,3;0;73,7;0;0;6,71;6,43;6,66;7,02
34090;0;482;11;0;0;8,9;92,1;7,9;8,9;27,2;42,9;18,8;2,3;2,6;6,1;23;55;13,3;0;0;0;17,8;0;6,5;31;44,7;23,6;16,9;54,8;4,7;0;6,85;6,19;7,11;7,6
34095;0;253;45;6,1;0;5,3;87,3;12,7;0;38;48,7;9,1;4,2;0;0;39,1;49,4;11,5;0;0;0;0;4;0;29,9;66,1;27,3;0;72,7;0;0;6,81;6,39;6,87;7,12
34108;0;1908;12;0,7;0;3,8;91,3;8,7;0,6;17,2;41,8;30,9;9,5;0;1,1;24,6;53,4;19,2;1,7;0;2,3;41,2;21,3;6,5;7,3;21,5;9;51;37,9;2,2;0;5,79;4,85;5,52;6,61
34116;0;473;0;0;0;5;76,1;23,9;0;25,1;41,3;28,4;5,3;0;2,3;28,8;42,9;23,7;2,3;0;0;0;0;13,5;50,4;36;23,1;0;66,9;10;0;7,41;6,59;7,14;7,73
34120;0;462;0;0;0;5,3;89,2;10,8;2,7;31;45,2;18,3;2,9;2,3;3,6;30,6;45,8;17,7;0;0;0;0;0;43,6;25;31,4;14,7;0;75,4;9,9;0;7,6;6,99;7,44;8
34123;0;1023;31;1,4;0;5,4;92,8;7,2;10,2;26,7;42,9;18,6;1,5;9,6;1,5;27,2;46,7;13,6;1,4;0;0;0;0;7,2;25,8;67;21,2;0;57,9;17,8;3,1;7,48;6,94;7,35;7,66
34129;0;875;13;0;0;3,6;86,7;13,3;7;30,2;34,5;22,9;5,4;7,5;3,2;28;37,7;22,3;1,4;0;0;0;15,3;24,3;8,5;51,8;17,9;0;76,4;1,3;4,4;7,16;6,58;7,01;7,36
34142;0;551;53;0;0;3;77,1;22,9;2,2;6,4;33,2;40,7;17,5;0;0;13,9;42;34,9;7,3;2;0;22,1;44,8;0;22,6;10,5;12,9;34,5;52,6;0;0;5,45;4,81;5,35;6,09
34145;0;1696;0;0;0;4,2;78,6;21,4;1,7;19,2;40,5;30,2;8,4;0;1,6;21,1;55,6;19,7;2;0;2,1;21;19,3;27,9;13,6;16,1;11,1;29,1;56,5;3,2;0;6,31;5,68;6,3;6,93
34150;0;373;34;2,9;0;6,5;66,8;33,2;0;28,8;41,3;26,7;3,2;0;5,1;32,7;47,3;12,2;2,8;0;3,9;0;0;20,1;14,2;61,8;24,2;0;72,3;3,6;0;6,5;6,14;6,35;6,88
34151;0;243;0;0;0;5;77;23;0;18,5;47;34,5;0;0;0;22,2;63;14,8;0;0;0;0;14,2;22,5;31,2;32;13,6;15,3;60;11,1;0;6,63;5,96;6,68;6,97
34154;0;603;17;2;0;7,9;79,4;20,6;19,6;20;31,1;27,4;1,9;20;3,7;17,9;36,5;21,8;0;0;0;0;0;19,8;33,4;46,8;18,5;0;57,4;24,1;0;7,24;6,1;6,67;7,19
34157;0;639;27;1,7;0;4,8;80,1;19,9;0;17,5;31,9;43,3;7,3;0;1,8;29,3;43,7;23,5;1,7;0;0;28,4;9,9;18,8;7,5;35,4;15,6;37,1;45,4;1,9;0;5,92;4,91;6,06;6,78
34172;0;31761;341;1,1;0,4;6,7;97;3;14,1;18;37,1;23,7;7,2;10,9;3,7;20,1;45,4;16,6;3,1;0,2;1,2;23,2;16,2;17,6;24,2;17,6;9,7;27,6;48,1;12,5;2,1;6,69;5,63;6,71;7,43
34192;0;339;0;0;0;3,9;100;0;0;25,3;51,7;22,9;0;3,3;0;25,8;51,5;15,8;3,6;0;0;7,7;6,5;21,5;61,1;3,2;16,9;12,3;39,2;31,6;0;7,11;5,92;6,74;8,96
34198;0;170;0;0;0;7,2;74,7;25,3;0;36;39,6;17,1;7,3;0;0;36,9;43,2;19,9;0;0;0;0;0;14,5;29,5;56,1;23,5;0;76,5;0;0;6,67;6,08;6,61;7,19
34199;0;819;0;1,4;0;10,8;75,5;24,5;5,5;28,9;33,3;25,3;7,1;1,4;5,4;27,6;39,3;19,9;5,1;1,3;0;5,5;22,5;15,2;27,8;29;11,2;18,7;53,5;12,6;3,9;6,29;5,63;6,2;6,83
34202;0;553;0;0;2;6,7;82,1;17,9;0;33,1;37,7;20,8;8,4;0;0;33,2;42,3;22,4;2,1;0;0;0;0;18,3;21,9;59,9;16,9;0;65,4;17,8;0;7,14;6,38;6,98;7,35
34213;0;94;15;;;;;;;;;;10,8;;;;;;;12;;;;;;;;;;;;6,16;5,94;6,29;6,41
34217;0;264;37;0;0;5,3;89,8;10,2;0;22,2;43,6;29,3;4,9;0;0;19;50,4;26,4;4,3;0;0;0;18,7;0;19,9;61,4;22,3;0;68,2;9,5;0;6,72;6,03;6,6;6,95
34247;0;96;0;;;;;;;21,5;;12,1;;22,7;;19,3;;10,9;;;;;;;;;;;;19,1;;7,59;6,86;7,23;7,74
34255;0;210;0;0;0;5,1;43,2;56,8;0;26,1;29;37,7;7,2;0;0;20,8;33;46,2;0;0;0;0;0;0;52,8;47,2;22,3;0;61,6;16,1;0;6,82;5,97;6,44;7,49
34259;0;174;0;0;0;0;51,9;48,1;0;22,5;34,7;34,7;8,1;0;0;24;49,7;26,3;0;0;0;9,6;0;12,6;48,5;29,3;29,2;0;70,8;0;0;6,68;6,2;6,67;7,07
34270;0;875;0;0;0;11;85,8;14,2;0;33,1;37,8;26,6;2,6;0;1,3;32,7;47;17,6;1,4;0;0;0;0;12,8;5,3;81,9;26;0;68,8;5,2;0;7,19;6,64;7,17;7,51
34299;0;366;0;3;0;4,7;80,6;19,4;0;23,5;47,7;28,8;0;0;0;25,3;55;19,6;0;0;0;0;0;8,8;9,1;82,1;26,7;0;73,3;0;0;6,62;6,1;6,58;7,15
34301;0;4349;121;2;0,8;6,1;94,8;5,2;2,9;21,1;41,1;27,6;7,3;0,8;4,5;25,3;40,4;25,4;3,6;0;2,5;35,8;10;21,2;18,5;11,9;9,7;42,5;45,1;2,1;0,5;5,49;4,42;5,5;6,53
34309;0;61;0;;;;;;;;;;;;;;;;;;;;;;;;;;;;;6,95;6;6,51;8,5
34327;0;369;0;0;3,7;5,1;95;5;0;28,6;48,8;19,7;2,9;0;3;25,9;53,2;17,8;0;0;0;0;15,4;13,8;14,4;56,4;20,9;0;76,2;2,9;0;6,99;6,61;7,05;7,32
34332;0;208;0;0;0;6,1;77,3;22,7;0;23,2;46,9;24,2;5,7;0;0;29,6;58,7;11,6;0;0;8,2;0;0;11,5;24,2;56;22,7;0;72;5,3;0;6,43;5,98;6,59;6,83
34337;0;578;0;0;0;0;92,2;7,8;2,1;26,6;41,6;23,8;6;1,9;0;27,5;50,3;17,3;3,1;0;0;1,8;14,5;20,5;22,7;40,5;17,2;0;82,8;0;0;6,61;6,15;6,68;7,07
34344;0;236;11;0;0;0;100;0;0;22,9;50,2;26,8;0;0;0;16;59,1;24,9;0;0;0;19,7;41,4;29,1;0;9,8;5,8;38,1;56,2;0;0;5,99;5,29;6,1;6,56
35001;0;512;14;7,2;3,9;8,5;94,6;5,4;0;29,3;38,2;25,6;6,9;0;2,1;30,4;48,4;16,9;2,3;0;0;5,8;19,4;26,9;29,9;18;14,9;15,9;59,5;6;3,7;6,16;5,42;6,02;6,75
35012;0;239;24;0;0;9,6;71,9;28,1;0;24,7;43,4;27,5;4,4;0;0;31,2;54,5;14,2;0;0;0;4,5;22,7;20,6;10,1;42,1;17,9;12,7;65,3;4,1;0;6,04;5,7;6,12;6,48
35024;0;768;0;1,6;1,6;8,7;94,2;5,8;0;28,9;41;24,1;6;0;1,6;30,5;52,3;13,7;2;0;1,5;0;6,1;14;39,7;38,6;18,1;2,1;71,6;8,3;0;6,1;5,51;5,9;6,53
35047;0;1406;20;0,9;0;12;98,2;1,8;13,4;26,9;36,1;18;5,6;9,6;4,3;27,8;39,1;16,8;2,5;0;0;6,8;10,5;22,9;35,3;24,5;11,9;6,7;63,6;6,2;11,5;6,63;5,73;6,35;6,94
35049;0;316;0;0;0;10,7;82;18;0;27,7;38;29,5;4,8;0;4,1;27,4;43,5;21,8;3,2;0;0;15,2;21,3;16,8;10,8;35,9;16;14,8;65,8;3,4;0;5,89;5,21;6,01;6,34
35051;0;1973;174;2,8;0,7;18;93,1;6,9;29,8;23,2;28,2;15,3;3,5;28,4;2,4;22,6;31,4;13,5;1,6;0;0,7;4,7;10,8;18,7;38,1;27;11,2;13,6;38,5;18,1;18,6;7,4;5,82;6,46;7,2
35055;0;1087;12;1,9;0;7,5;96,1;3,9;0;29;44,1;21,3;5,6;0;2,8;28,9;50,9;16,2;1,3;0;0;3,1;18,5;9,4;60,2;8,9;7,5;3,8;78,1;9,6;1,1;6,53;5,92;6,39;6,98
35066;0;828;29;1,4;0;7,7;94,9;5,1;2,1;29,2;39,7;20,7;8,3;0;2,5;27,7;49;18,6;2,1;0;0;3,7;15,4;8,8;35,8;36,2;20,3;4,9;71,8;3;0;6,3;5,78;6,24;6,68
35069;0;267;0;0;0;4,5;63,2;36,8;0;27,4;41;26,3;5,3;0;0;26,5;46,9;26,5;0;0;0;0;0;36,1;28,6;35,3;19,9;0;80,1;0;0;6,24;5,83;6,26;6,7
35093;0;1138;0;1,5;0;9,5;76;24;3,8;27,9;39,6;24,5;4,2;0;3,8;30,7;53,8;11,7;0;0;4,6;23,9;39,5;6,6;10,3;15;4,4;42,4;44,9;8,3;0;6,03;5,19;5,91;6,52
35115;0;2948;0;1,6;0;9,4;91,1;8,9;3,2;21,6;41,3;27;6,9;0,8;2,8;31;53,6;10,4;1,5;0;7,8;62;15;4,6;8,7;1,9;6,2;59,6;27,4;4;2,7;5,15;4,64;4,95;5,62
35126;0;518;0;0;0;11,3;74,7;25,3;0;29,8;41,3;21,7;7,2;0;2,2;35;42,8;20;0;0;0;0;20;16,6;27,2;36,2;23,1;4,7;72,3;0;0;6,04;5,62;6,08;6,51
35136;0;222;0;5,9;0;4,9;66;34;5;22,9;41,7;23,9;6,4;0;0;27,5;47,2;20,5;4,8;0;5,7;0;27,8;18,2;29,7;18,7;14,7;4,7;75,9;0;4,7;6,02;5,76;6,04;6,46
35152;0;586;36;1,9;0;7;70,5;29,5;0;28,7;40,1;23,3;7,9;0;0;27,3;45,3;25,4;2,1;0;0;0;23,2;16;10,6;50,3;17,6;10,1;61,4;6,7;4,3;6,32;5,68;6,21;6,8
35173;0;383;0;0;0;12,4;78;22;0;31,5;38,6;25,2;4,7;0;0;34,3;44,8;20,9;0;0;3,1;0;14,8;10,6;8,6;62,9;21,2;0;73,8;5;0;6,32;5,75;6,31;6,72
35188;0;358;32;3,8;0;11,2;87;13;0;29,8;40,8;24,7;4,8;0;0;27,8;45,8;26,4;0;0;0;16,2;24,5;11,2;22,7;25,4;12,9;23,2;63,9;0;0;5,78;5,35;5,82;6,29
35196;0;577;0;2,2;2,1;5,5;92,2;7,8;0;32,9;38,1;25,6;3,4;0;1,9;33,9;47,5;14,8;1,9;0;2,1;27,8;0;20,1;23,2;26,7;14,8;22,6;58,1;1,9;2,6;5,84;5,18;5,71;6,34
35206;0;723;31;1,7;0;10,3;97,8;2,2;1,9;30,7;42;21,1;4,3;0;1,7;32,1;49,9;14,8;1,6;0;0;0;12,2;23,2;37,5;27,1;16,2;3,5;69,8;10,5;0;6,2;5,53;6,03;6,54
35210;0;643;0;0;2;9,8;92,9;7,1;2,5;35;37,9;20,7;3,9;0;3,6;37,4;42,1;16,9;0;0;0;5,9;20,7;12,9;38;22,4;14,3;13,7;68,7;1,7;1,7;5,98;5,39;5,92;6,41
35236;0;705;0;0;0;4,7;83,8;16,2;8,9;26,6;36,3;21,8;6,4;2,4;9,1;28,4;42,2;16,1;1,7;0;3,9;51,9;19,9;7,9;5;11,4;7;58,6;28,2;1,6;4,7;5,68;5,1;5,6;6,3
35238;0;31215;675;2,3;0,8;8,7;98,2;1,8;13,5;24,5;32,3;21,7;8;9,9;4,8;30,9;38,7;12,9;2,5;0,3;1,9;51,3;9,7;13,3;12,3;11,5;5,2;52,6;32,2;7,6;2,4;6,19;5,3;5,95;6,73
35240;0;891;0;1,6;0;7,6;84,8;15,2;6,4;29,5;33,5;23,3;7,3;0;5,7;28,7;43,2;18,2;2,9;1,2;1,3;13,5;21,7;19,6;17,8;25,9;11,4;15,3;53,8;16,4;3,1;6,19;5,3;6,05;6,94
35278;0;511;0;0;0;6,1;93,7;6,3;0;34,7;34,5;21,2;9,7;0;2,4;35,4;44,2;13,7;4,4;0;2,2;4,6;19,4;12,1;21,2;40,6;15,4;17,1;54,5;13;0;6,43;5,65;6,25;6,96
35281;0;1524;92;2,5;0,8;8,2;99;1;1,8;27,5;38,4;25,7;6,6;2,6;3,5;27,5;42,9;20,8;2,7;0;0;7,8;2,5;22,3;46,5;20,9;10,6;7,9;54;23,7;3,7;6,94;6,05;6,67;7,76
35288;0;6941;152;3,4;2,2;8,2;94,7;5,3;5,4;24,7;33,5;28;8,5;2,3;2,4;25,3;44;21,5;4,3;0,2;0,4;35,1;29,2;15,3;6,9;13,2;4,6;44,8;43,7;6,5;0,5;5,68;4,82;5,41;6,21
35334;0;598;23;0;0;8,9;96,1;3,9;2;31,3;39,8;23,1;3,8;0;2,3;30,4;50,8;16,4;0;0;0;0;3,7;23;32,5;40,7;16,3;0;76,3;7,4;0;6,16;5,58;6,04;6,5
35352;0;580;35;5,1;0;8,3;91,5;8,5;0;39,9;38,3;18,8;2,9;0;0;35,9;51,7;12,4;0;0;0;2,4;10,2;21,3;26,7;39,4;15,2;0;73,9;10,9;0;6,38;5,61;6,12;6,71
35360;0;1594;20;2;0,9;8,7;78;22;8,3;23,6;36,5;22,8;8,7;1,1;7;21,8;44,7;22,1;3,2;0;2,4;30,3;27,4;10;10;19,9;8,2;37,9;51,1;2,1;0,7;5,81;5,13;5,78;6,42
36044;0;7722;41;1,7;0,4;11,5;82,6;17,4;4,8;18,4;42,2;27,8;6,7;1,4;4;27,8;48,2;15,7;2,6;0,3;0,9;50,7;14,9;21,4;8,7;3,5;4,1;59;30;2,9;3,9;5,64;4,96;5,53;6,18
36063;0;709;0;0;0;11,1;73,8;26,2;6,7;20,2;42,1;23,7;7,2;1,8;2,7;26,8;47,5;18,7;2,5;0;0;53,2;17,7;21,1;6,1;1,9;0;67,8;25,8;1,5;4,9;5,64;4,94;5,57;6,11
36088;0;1908;0;4,7;3,1;18,4;75,4;24,6;13,3;17,5;40,1;23,6;5,5;3,3;9,4;24,1;44,9;14,3;3,4;0,6;1,8;42,1;12,5;24,5;14,7;4,4;4,5;47,5;42;0,9;5,2;5,58;4,94;5,5;6,06
36159;0;245;0;0;0;9;18,2;81,8;0;19,9;41,2;28,3;10,6;0;0;18,1;49,2;28,2;4,4;0;0;0;0;7,8;48;44,3;16,8;0;78,2;5;0;6,28;6;6,12;6,41
37003;0;1610;0;2,6;1,1;9,7;77,3;22,7;4;20,8;38,9;27,7;8,6;1,1;2,9;25,9;49,7;18,2;2,3;0;1,2;73,2;5,9;4,5;6,6;8,7;2,5;73,9;18,7;4,9;0;5,33;4,55;5,06;5,76
37018;0;578;34;1,9;0;10,3;73;27;0;23,7;49,5;23,2;3,6;0;0;26,1;53,9;15,2;2,8;2;0;23,3;36,7;11,7;11,5;16,8;2,8;23,7;57,4;13,4;2,8;6,6;5,58;6,44;7,47
37050;0;1434;83;1,4;0;9;93,1;6,9;5,9;29,8;36,5;23,6;4,2;1,2;4,5;30,3;44,6;18,6;0,8;0;0;15,1;17,3;24,3;18;25,3;11,6;13,6;64,3;8,1;2,4;6,52;5,74;6,6;7,21
37109;0;559;12;0;0;11,9;66,7;33,3;3,7;26,7;40,2;24;5,4;0;3,1;29,2;44,8;20,9;2;0;1,9;3;11,1;29,2;26,2;28,5;21,2;2,7;63,8;9,8;2,5;6,78;6,1;6,72;7,39
37122;0;4421;30;2,4;0,9;7,8;93;7;2,7;18,7;39,6;30,6;8,3;0,3;1,6;22,7;56,8;16,8;1,6;0,2;0;59,3;17;11,1;7,5;5,1;2,8;67,6;26,1;2,5;1;5,57;4,58;5,26;6,5
37156;0;919;0;3,1;2,1;9;72,3;27,7;2,9;21,6;40,1;27;8,4;1,2;1,3;27,4;45,5;20,2;4,5;0;1,3;21,7;31,6;15,9;10;19,5;7,7;23,9;56,2;10,9;1,3;6,62;5,75;6,9;7,46
37195;0;1482;0;2,2;0,8;8,2;91,8;8,2;7,8;24,8;40,6;21,8;5,1;0;7,7;28,6;41,4;20,9;1,4;0;0,7;21,8;37,5;26,8;8,9;4,4;3;45,6;47,5;3,1;0,8;5,81;4,68;5,62;6,72
37208;0;977;0;1,4;1,1;8,6;97,2;2,8;4,7;29,1;38,4;23;4,7;0;3,7;33,8;35,4;26;1,1;0;1,3;22,4;33,8;16,9;18,1;7,5;5,8;48,2;28,7;17,3;0;5,76;4,35;5,24;7
37214;0;1593;125;4,5;0,7;8;98,8;1,2;1,5;30,9;43,8;17,4;6,5;0,7;3,5;34,5;47,7;12,3;0,7;0,7;0;43,5;8,7;12,9;4,1;30,8;8,6;50,7;28,4;12,2;0;5,99;4,91;5,49;6,96
37233;0;3335;30;3,6;1,8;9,3;88,2;11,8;3,6;20,7;37,6;31,2;6,9;0;2,5;26,5;41,3;23,8;4,7;1,2;4,3;60,2;15,5;2,8;10,4;6,9;2,4;70,2;19,7;3,3;4,4;5,3;4,25;4,96;6,15
37261;0;21007;11;1,4;0,5;9,6;95,6;4,4;17,3;23,4;31,7;20,8;6,9;8,7;8,8;31,8;38,1;10,7;1,8;0,1;2,3;54,9;15,5;14,4;6,5;6,5;4,3;63,5;25,7;5,5;1;5,94;4,95;5,71;6,86
37266;0;374;16;0;0;10,5;58,8;41,2;3,2;24,1;40,4;26,5;5,9;0;2,8;27,6;45;21,7;2,8;0;0;3,2;13,5;18,1;33,9;31,3;13,6;3,1;83,2;0;0;6,37;6;6,38;6,81
38053;0;4150;0;2,4;1;9,1;91,7;8,3;3,7;21,1;40,8;24,9;9,6;0,8;3,8;31,5;38,4;21;4;0,5;0,6;37,7;24;11,1;14,3;12,4;6,2;49,6;38,7;3,2;2,3;6,79;6;6,74;7,42
38085;0;752;0;4,5;1,9;6,7;100;0;1,6;19,3;35,9;31,5;11,8;0;1,4;28;45,2;20,3;5,1;0;0;56,1;43,9;0;0;0;1,5;42,8;55,8;0;0;6,16;5,56;6,24;6,61
38111;0;474;0;2,3;2,3;8,8;86;14;3,4;25,6;37,4;24,9;8,7;0;2,8;30;46,7;16,2;4,3;0;16,3;2,9;29,9;0;23,8;27;18;0;71,7;10,4;0;6,9;6,44;6,9;7,33
38140;0;807;37;1,4;0;5,5;92;8;2,9;25,9;38,4;26,8;6,1;0;3;24,1;41,3;25,9;4,3;1,4;0;16,5;20,3;21,8;20;21,4;9,3;16,8;64,8;7,7;1,3;6,97;6;7,04;7,59
38150;0;627;17;0;2,4;9,5;96,5;3,5;3,4;28,9;42;19,9;5,7;1,7;2,4;42,2;32;15,9;4,1;1,7;0;25,9;33,9;15,9;14;10,4;8,3;21;70,7;0;0;7,36;6,85;7,31;7,8
38151;0;6500;13;2,4;1,2;8,4;100;0;2,8;20,4;38,8;29,3;8,8;0,6;1,9;31,2;44,7;18,7;2,5;0,4;4,4;52;12,3;8;14,8;8,6;3,6;51,9;39,1;4,2;1,2;6,48;5,53;6,24;7,32
38158;0;1128;51;2,1;0;8,1;98,8;1,2;3,4;23,7;37,2;28,5;7,1;0;4,4;29,2;43,9;18,6;2,9;1;0;9,2;12;41,5;13,2;24,1;14;1;77,5;4,9;2,7;7,46;6,84;7,32;7,81
38169;0;2500;0;2,8;1,3;6,8;95;5;7,3;15,6;37,5;31,7;8;3,2;3,6;23;46,9;20,4;2,4;0,4;0,4;35;18,4;14,5;19,6;12,1;8,3;31,3;55,3;3,5;1,5;6,72;6,12;6,58;7,24
38179;0;744;0;2;1,5;19;100;0;34,1;17,9;28,3;17,9;1,8;33;2,9;17,6;32,8;11,5;2,1;0;1,9;1,5;19,6;40,5;13;23,7;11,7;1,9;77,3;9,2;0;7,83;6,8;7,27;7,73
38185;0;17639;153;2,3;0,9;8,4;98,9;1,1;8,8;21,6;34,4;26,4;8,7;3,9;4,6;26,7;39,5;19,8;4,4;1,1;7,8;39,2;15,8;7,4;19,5;10,3;6,8;42;42,1;5,9;3,2;6,61;5,69;6,54;7,33
38193;0;2733;25;2,8;0,7;7,6;65,6;34,4;2,8;16,1;30,5;35,4;15,2;0;2,3;14,6;33;42,6;7,2;0,4;0;0;31,4;59,9;3,6;5,1;1,4;0;93,1;3,7;1,8;6,96;6,39;6,93;7,39
38229;0;1392;13;0,8;0;6,2;92,1;7,9;8,5;20,6;34,2;25,7;11;4,2;5,7;25;37,7;21,8;4,6;0,9;0,8;5,1;44,1;11,1;14;24,9;11,8;14;62,5;11;0,8;7,02;6,37;6,9;7,43
38239;0;619;18;5;2,1;9;98,2;1,8;9,2;13,2;38,4;32,1;6,9;0;5,9;18,8;48,6;24,2;2,5;0;0;40,3;18;26,2;1,9;13,6;7,3;38;50,1;1,8;2,9;6,41;5,7;6,4;6,92
38269;0;757;0;2,1;1,7;8;62,1;37,9;4,5;20,7;36,2;28;10,7;1,4;8,6;23,1;41,4;24,1;1,4;0;40,6;33,2;21,3;5;0;0;7,2;28,4;61,5;1,4;1,5;6,66;5,9;6,63;7,25
38298;0;613;0;4,1;0;8,9;91,4;8,6;3,6;16,6;47;24,4;8,4;0;2,1;42,6;36,6;18,7;0;0;2,2;71;0;12,6;0;14,1;8,7;64,4;26,9;0;0;6,15;5,4;6,08;6,9
38314;0;615;0;0;0;6,7;95,5;4,5;9,5;17,2;35,8;28,5;9,1;1,8;4,7;18,3;48,4;25,1;1,8;0;0;45,6;30,4;0;9,2;14,9;4,4;65,4;24,9;3,3;1,9;5,69;4,86;5,74;6,28
38317;0;1432;14;1,2;0;10;91,7;8,3;4,7;15,8;34,9;34,1;10,5;1,4;2,9;16,8;55,9;20,6;2,4;0;3,3;49,7;14,6;14;9,2;9,2;4,3;40,1;53,5;1,2;1;6,5;5,7;6,51;7,14
38318;0;985;0;1,9;0;6,1;97;3;3,8;16,5;36,4;31,9;11,4;0;3,2;21;56,5;17,2;2;0;3,2;87,5;0;0;1,4;7,9;1,3;85,5;5,7;4,5;3,1;5,08;4,49;4,69;5,16
38337;0;606;0;3,6;0;11;94;6;3,4;17;43,6;28,2;7,7;4,9;0;28,8;47,1;19,3;0;0;0;33,9;18,9;11,4;16,1;19,7;9,1;44,2;35,1;7,8;3,8;6,39;5,43;6,44;7,13
38344;0;731;0;3;1,7;14;86,5;13,5;4,5;23,7;39,1;27;5,8;0;1,9;28,1;45,9;22,6;1,5;0;5,8;35,5;24,6;3,7;8,7;21,6;11,5;33,4;53,3;1,8;0;6,26;5,82;6,29;6,84
38382;0;1615;36;2;0;7,6;91,9;8,1;3,7;23,1;42;24,3;6,8;1,9;3;27,4;40,9;20,6;5,5;0,7;0;11,9;28,3;6;14,1;39,6;16,9;7,3;69,2;5,8;0,7;7,18;6,5;7,11;7,55
38397;0;352;0;0;0;5,8;96,7;3,3;0;31,7;43,5;21,3;3,4;0;0;29,9;47,2;22,9;0;0;4,4;0;7;16,4;38,7;33,4;21;0;71,7;7,3;0;7,33;6,79;7,19;7,65
38416;0;805;21;3,6;1,9;12,3;100;0;3,2;22,6;44;22,9;7,3;1,4;1,4;32,9;50,6;12,4;1,4;0;0;42,2;11,2;27,8;11,3;7,5;6,3;31,7;60,7;0;1,4;6,09;5,45;6,19;6,64
38421;0;4399;36;2,5;1,3;8,2;98,4;1,6;20,6;12,7;36;25;5,7;14,1;6,9;28;36,4;12;2,1;0,5;1,1;34,4;13,6;18,8;20,4;11,8;5,4;16,3;67,3;8,2;2,8;7,19;6,61;7,11;7,58
38423;0;622;11;3,1;0;14,9;94,6;5,4;2,3;14,7;40,9;31,4;10,8;0;3,3;30,7;46,7;17,5;1,8;0;20,1;18,9;12,4;29,4;11;8,2;13,7;29,5;51,6;1,7;3,5;6,73;6,04;6,71;7,43
38425;0;637;40;2,1;0;10,4;66,3;33,7;2,3;11,6;44;35,2;6,9;1,7;1,7;21,6;44,8;28,4;1,7;0;4,8;19;24,1;9,8;9,4;32,8;13,7;25,4;61;0;0;6,03;5,33;6,06;6,58
38449;0;563;0;2;0;8,6;75;25;0;9,6;34,5;40,3;15,6;0;0;11,2;51,1;33,9;3,8;0;0;25,2;45,6;20,8;8,4;0;1,9;61,4;32,2;1,9;2,7;5,88;4,95;5,6;6,75
38474;0;844;28;1,6;1,3;9,2;98,5;1,5;3,4;23,5;44,3;25;3,8;1,5;1,6;25,1;53,2;17,1;1,5;0;2,5;8,7;14,8;6,4;26;41,7;20,5;7,6;50,8;5;16,1;7,58;6,43;7,12;7,67
38485;0;646;32;2,6;1,7;8,9;95,6;4,4;6,7;29,1;41,3;18,4;4,5;3,6;2,2;38,5;37,9;14,8;3,1;0;0;15;31,5;0;18;35,5;23,3;8,9;61,3;6,6;0;7,41;6,81;7,3;7,82
38486;0;522;63;2,5;0;5,8;93,8;6,2;0;26,8;45,5;24,7;3,1;0;2;26,7;52,2;19,1;0;0;0;0;15,8;5,2;23;56;19,4;0;70,6;3,7;6,4;7,45;6,76;7,19;7,61
38509;0;1213;0;1;1;8,5;95,1;4,9;2,9;13,8;43,6;33,8;5,9;0;2,6;24,4;55,7;14,5;2,8;0;0;67,2;9,6;7,3;15;0,9;2,2;75,5;15,3;7,1;0;5,97;5,23;5,77;6,48
38516;0;491;0;8,6;5,4;13,4;100;0;31,9;14,8;20,5;26,6;6,1;24,1;6,2;18,5;44,2;7,1;0;0;0;42,7;4,9;24,2;25,5;2,7;5,5;41,1;43;5,1;5,3;7,66;6,93;7,37;8,16
38517;0;619;0;7;1,8;10,8;89,4;10,6;3,3;19,9;33,9;33,8;9,1;0;2,9;25,2;46,9;23,1;0;1,9;1,8;41,3;15,7;19,6;6,8;14,7;8,4;43,3;46,5;1,8;0;6,4;5,51;6,56;7,03
38524;0;558;32;2,7;2;11,3;85,4;14,6;0;27;40,3;28,4;4,3;0;1,9;30,5;44;19,4;4,2;0;0;12;2,7;18,9;45,3;21,1;17,3;9,6;67,9;3;2,1;7,16;6,56;7,14;7,57
38537;0;710;0;1,7;0;9,5;90,7;9,3;3,2;25,1;34,1;27,6;10,1;1,9;5;27,8;34,6;25,7;4,9;0;0;48;15,2;4,1;13,5;19,2;6,8;41;37,9;6,9;7,5;6,86;5,95;6,55;7,51
38544;0;4511;0;2;0,3;7;93,6;6,4;4,2;15,5;37,7;33,4;9,2;0,9;4,3;25,6;40,3;24,6;3,7;0,6;5,9;37,1;36,5;17,1;2,3;1,1;1,9;58,7;38,1;0,6;0,8;5,29;4,37;5,29;6,09
38545;0;480;19;0;0;6,7;64,7;35,3;6,4;20,2;28,9;31,2;13,3;0;2,9;25,7;33,6;26,8;11,1;0;7,7;10,4;29,6;16,6;2,6;33,2;15,1;25,8;56,5;2,7;0;6,72;6,22;6,85;7,12
38547;0;558;0;2,1;0;7,7;85,2;14,8;3,9;22;36,8;30,8;6,5;2,1;0;22,4;43,9;26,3;5,3;0;1,9;13,9;42,8;17,2;12,8;11,4;6,7;28,2;63,2;1,9;0;6,9;6,25;6,76;7,37
38553;0;3899;0;1,7;0,5;8,7;79,8;20,2;6;17,1;31,3;31,8;13,8;0,3;5,4;16,8;34,8;35,6;6,8;0,3;0;12,9;61,6;21,9;2,5;1,1;0,3;27,4;68,5;3,5;0,3;6,48;5,81;6,5;7,13
38562;0;719;0;0;0;7,5;97,1;2,9;5,9;17,9;46,1;26,3;3,9;1,6;2;39,9;40,3;12,5;2;1,6;14;40,4;22,5;15,4;2,5;5,2;8,7;50;39,3;0;2;6,29;5,52;6,18;7,17
38563;0;2631;30;3,4;1,1;9,2;98,5;1,5;5,8;17,7;39,2;31;6,3;1,5;4;28,8;49,8;13;2,6;0,4;0,8;55,2;17,8;3,5;8,6;14,1;5,1;61,3;30,6;3;0;6,18;5,49;6,04;6,73
38565;0;850;40;8,5;5,9;20;95,9;4,1;1,6;16,1;41,4;35,1;5,9;0;3;17,8;62,1;15,8;0;1,3;1,3;54,6;2,9;8,8;2,3;30,1;9,9;50,8;33,6;5,7;0;6,85;6,02;6,76;7,38
39097;0;972;12;2,9;2,9;7,1;95,8;4,2;4;18,6;41,2;29,7;6,6;2,6;4;24,1;57;11,1;0;1,2;1,2;65,1;26,6;3;1,1;2,8;3;88,8;7;1,2;0;4,55;4,19;4,42;4,74
39198;0;3301;15;0,4;0;9,6;92,8;7,2;3,4;15,5;40;34,8;6,3;1,1;5,5;26,1;54,7;11,1;1,1;0,5;3,8;69;15,1;4,6;5;2,5;9,8;68;21,5;0,3;0,4;5,31;4,61;5,2;6,05
39300;0;2948;41;4,6;2,7;7,1;96,5;3,5;1,9;19,1;40,6;31,2;7,2;0,5;2,2;29,6;53,2;11,8;2,4;0,4;4,3;63,7;13,1;10,7;6,6;1,6;1,9;70;27,1;0,4;0,6;4,98;4,3;4,79;5,59
39368;0;669;15;13,2;10,3;11,3;100;0;3,1;14,1;42,7;32,8;7,3;1,9;1,8;42,5;45;8,8;0;0;5,9;65,5;16,3;5,8;2,7;3,8;2,5;80,3;13,5;3,7;0;5,29;4,63;5,11;5,89
39478;0;1362;0;14,9;13,1;6;98,9;1,1;6,2;17;36,1;30,2;10,6;0,9;7,6;18,5;48,5;20,7;3;0,8;1;60,1;21;8,4;9,4;0;4,9;71,8;20,2;0,8;2,3;5,19;4,66;5;5,64
40001;0;357;0;3,7;0;10;80,1;19,9;16;14,3;33,9;26,3;9,5;10,3;4,3;14,9;44,8;25,5;0;0;14,7;36;26,7;10,9;3,3;8,4;3,1;47,3;49,6;0;0;5,04;4,38;4,77;5,75
40046;0;516;0;2,1;0;6,8;73,2;26,8;2,1;15,1;37,1;37,9;7,8;0;0;17,1;60,7;19,8;2,4;0;0;69,3;0;2,3;10,9;17,5;5,3;71,8;16,6;6,3;0;5,2;4,54;4,84;5,61
40065;0;663;42;0;0;5,2;79,3;20,7;2,4;29,9;35,6;27,6;4,4;0;4,3;30,2;44,5;18,6;2,4;0;0;13,6;17;7,1;38,7;23,6;12,9;17,6;55,1;14,4;0;6,01;5,35;6,08;6,77
40088;0;2506;123;2,3;1;7,8;76,8;23,2;7,6;22,5;40,8;22,4;6,8;3,7;4,2;23,9;42,3;23;2,9;0;3;40,2;22,7;10,6;4;19,6;7,9;40,8;51,3;0;0;5,62;4,83;5,56;6,38
40184;0;346;0;0;0;10,5;65,4;34,6;0;16,4;44,2;39,5;0;0;0;14,7;56,6;25,6;3,2;0;3,9;24,6;0;11,3;16,3;43,9;15,3;21,6;54,8;8,2;0;6,2;5,72;6,12;6,49
40192;0;2282;128;3,1;2,4;9,2;62,6;37,4;8,9;18,9;36,3;28,7;7,3;7,6;2,4;22;44,9;21,9;1,2;0;0;19,2;13;17,1;22;28,7;11,2;22,2;58,6;8;0;5,76;5,28;5,76;6,35
40279;0;1166;57;1;0;6,5;87,3;12,7;0,9;27,8;40,8;27,8;2,7;0;1,3;26,8;48,7;23,2;0;0;0;9,9;14,8;14,5;32;28,8;14,8;17,5;64,1;3,6;0;5,96;5,52;6,08;6,51
40281;0;708;0;1,6;0;8,7;70,5;29,5;1,5;15,3;34,3;40,7;8,1;0;1,5;16,6;40,8;39,4;1,8;0;0;43,7;8,9;5,9;10,1;31,4;11,3;44,5;44,2;0;0;5,28;4,55;5,37;6,12
40284;0;487;11;0;0;4,9;51,8;48,2;2,2;22,9;38,2;32,7;3,9;0;0;22,5;45,3;30;0;2,2;0;12,9;21,3;9,4;26,8;29,5;8,9;21,8;63,7;3,4;2,2;5,99;5,08;6,22;6,74
40310;0;257;58;0;0;5,7;71,7;28,3;0;28,3;50,2;21,5;0;0;0;34,2;53,7;12,1;0;0;0;4,4;0;5,6;25;64,9;25,4;4,3;70,3;0;0;6,06;5,46;6,24;6,62
40312;0;977;13;1,2;0;3,9;80,1;19,9;0;16,6;40,9;35,9;6,7;0;1,2;16,1;45,7;34,4;2,5;0;0;16,8;26,4;18,3;26,5;11,9;5,9;28,8;59;6,2;0;6,4;5,29;6,43;7,25
41018;0;8429;0;1,5;0,9;7,2;87,1;12,9;5,8;14,1;34,6;35,3;10,1;2,1;3,4;19,4;48,3;22;3,8;1;0,2;60,5;18;5,5;10,3;5,5;1,1;72,5;21,9;3;1,4;5,06;4,36;4,91;5,8
41136;0;598;0;0;0;7,7;77,5;22,5;7,3;12,3;45,3;27,6;7,6;0;3,3;20,4;56,2;17,8;2,2;0;0;37,6;32,3;6,4;16,8;6,9;4,7;63;32,3;0;0;5,16;4,52;4,9;6,05
41194;0;1681;47;3,1;0;10,9;73,3;26,7;5,8;17,5;37,4;31,8;7,5;0,8;3,4;30,6;38,8;23,6;1,7;1;0,7;46,8;13,7;16,1;11,6;11,2;7,5;55,6;35,6;0;1,3;5,43;4,73;5,34;6,15
41269;0;2608;0;4,2;3;7,9;92,9;7,1;2;14;41,9;34,1;7,8;0,5;1,6;21,4;57,9;16,4;1,8;0,5;0;60,5;20,2;12,8;4,1;2,4;1,8;71,2;26,3;0,7;0;4,96;4,23;4,76;5,66
41295;0;475;14;7;0;5,7;53,1;46,9;0;17,5;38,1;32,3;12,1;0;0;16,4;36,9;34,6;9,9;2,3;0;0;22,5;12,4;34;31,1;6,9;0;87,9;5,2;0;6,36;5,99;6,3;6,62
42005;0;1004;0;2,3;1,4;9,4;96,8;3,2;2,7;19,1;41,7;29,6;7;0;2,3;19,3;53,3;19,1;6,1;0;0;88,1;0;3,3;0;8,6;4,7;85,9;9,3;0;0;5,32;4,85;5,1;5,57
42044;0;2231;0;5,8;3,7;6,8;91,2;8,8;1,4;18,6;38,7;32,6;8,6;0;1,6;23,7;45,3;24,3;4,3;0,8;9,7;55,4;11,6;6,5;13,7;3,1;5,1;64,5;25,4;1,4;3,6;5,32;4,81;5,16;5,75
42071;0;765;0;1,5;0;7,1;93,5;6,5;0;15;41,3;32,5;11,1;0;1,4;24,2;45,8;19,9;8,7;0;1,4;45,5;15,3;14,7;13,6;9,5;7,3;46;44,8;1,9;0;5,43;4,74;5,35;6,05
42094;0;686;30;3,4;2,8;8,4;95,5;4,5;6,3;22,8;39,2;24,6;7,1;0;6,1;26;49,3;17;1,6;0;1,8;58,7;16,3;6,5;4,6;12;7,6;69,1;21,6;0;1,6;5,18;4,37;4,94;5,83
42095;0;3168;0;16,3;13,4;10,1;94,8;5,2;5,1;22,3;40,2;24,8;7,6;1,6;6,6;38,9;31,6;17,5;2,8;1,1;2,5;70,8;10,7;2,3;7,2;6,6;4,5;77,3;14,4;2,1;1,8;5,79;5,16;5,56;6,27
42127;0;793;0;3,9;1,5;8,5;83,4;16,6;3,9;14,4;40,9;34,7;6,2;0;4;23,3;53,7;15,5;3,4;0;0;69;9,4;2,8;8,4;10,5;2,7;70,1;27,2;0;0;5,2;4,71;5,24;5,62
42147;0;1495;26;2,4;2;12,9;90,4;9,6;2,6;17,7;41,1;32,2;6,3;0,9;2,4;27,9;40,8;25,9;2,1;0;6,9;36,7;25,8;4;13,7;12,8;7,3;43,3;47,8;0,7;0,8;5,37;4,6;5,15;5,95
42183;0;1341;11;5,1;2,8;10,8;95,6;4,4;3,7;22,8;35,8;29,8;7,9;0;5,2;31,6;38,8;20,2;2,7;1,4;9,3;55,3;21,1;3,6;3,2;7,6;9;55,6;32,4;2;0,9;5,21;4,44;5,12;5,92
42184;0;803;0;0;0;7,7;67,7;32,3;1,4;16,9;35,3;39,2;7,3;0;1,4;16,3;39,8;35,2;7,3;0;2,3;0;22,9;22,3;26,2;26,4;14,1;0;74,8;7,2;3,9;6,09;5,69;6,1;6,51
42186;0;2007;0;3,9;2;8,9;97,2;2,8;3,3;17,3;41,6;29,3;8,5;0,6;2,7;24,8;48,7;20,6;2,5;0;7,3;59,6;14,2;6,2;6,3;6,4;2,3;2;95,2;0;0,6;5,58;5,08;5,58;6,1
42187;0;4308;0;4,7;3,4;9;94,6;5,4;6,5;26;34,2;26,1;7,1;2,9;4,1;32,8;43,5;14,6;2,1;0;3,5;56,2;18,8;10,5;6,5;4,4;3,3;68,3;24,5;2,9;1;5,45;4,93;5,39;5,95
42189;0;1099;0;2,3;1,6;10,2;88,2;11,8;2,8;20,1;38,2;34,3;4,6;0;2,7;25,5;45,8;24,9;1,1;0;21,3;50;12,9;1,1;10,5;4,3;9,5;54,4;23,3;0;12,8;5,49;4,69;5,32;6,22
42207;0;5873;11;5;3,9;8,4;98,8;1,2;3,9;22,4;42;26,5;5,3;0,6;3,3;33,4;48,1;12,8;1,6;0,3;7,4;65,6;17,8;5,4;1,9;1,7;2,3;78,8;18,3;0,4;0,2;5,48;4,92;5,47;5,97
42218;0;19532;76;4,1;2,5;8,5;97,9;2,1;6,1;22,8;37,4;27,1;6,6;2,2;4,5;31,2;40,7;17,3;3,6;0,5;12,1;50,2;17,9;9,8;7,1;2,9;6,2;52,3;31,1;4,3;6,1;5,68;4,92;5,55;6,33
42222;0;216;0;0;0;12;59,6;40,4;0;13,8;39,6;31,8;14,7;0;0;26,1;36,1;29,6;8,3;0;0;16,9;42,3;20,2;0;20,7;11;41,9;42,4;0;4,7;5,48;4,88;5,51;5,98
42223;0;558;48;2,2;2;9,1;98,1;1,9;0;20,9;47,1;29,3;2,7;0;1,9;21,2;53,7;18,7;2,1;2,4;10,7;19;12,1;8;26,8;23,4;15,6;18,8;55,4;7,5;2,7;6,26;5,52;6,3;6,81
42237;0;542;0;0;0;10,2;96,3;3,7;2,1;25;38;25,9;9;0;3,6;24,8;44,3;22,8;4,5;0;2,1;19,7;49,2;12,7;14,1;2,1;6,2;45,3;43;2,1;3,4;5,67;4,94;5,71;6,44
42275;0;511;0;2,2;2,2;6,3;77,1;22,9;5,9;14,2;33,8;39,3;6,9;0;5,7;13,7;49,7;24,1;4,7;2,2;0;43,4;28,4;13,4;8,9;5,9;6,6;42,3;45,6;0;5,5;6,18;5,21;5,83;7,18
42279;0;525;18;0;2,3;12,7;75,8;24,2;2,5;15,7;39,5;38,1;4,3;0;0;15,7;47,8;31,3;5,2;0;3,6;21,4;6,2;9,8;36,6;22,5;18,9;19,1;57;2;2,9;6,19;5,24;6,26;6,91
42302;0;525;0;2,2;2,3;6;85,7;14,3;0;19,1;37,6;34,7;8,6;0;0;17,5;52,8;26,4;3,4;0;0;44,6;0;8,2;29,9;17,3;11,5;43;45,5;0;0;6,13;5,51;6,05;6,61
42305;0;581;0;1,9;0;9,4;95,1;4,9;1,9;23,2;38,8;31,1;5;0;1,8;27,4;43;25,9;2;0;1,9;30,1;13,5;12,7;26,2;15,7;7,8;35,3;52,4;4,6;0;6,24;5,51;6,22;6,85
42316;0;1063;0;13,5;11,5;7,9;95,7;4,3;4;16,6;41,4;27,8;10,3;0;2,2;24,8;46,3;20,3;5,4;1,1;5;34,5;29,3;13,6;10,7;6,9;6,2;36;56,8;1;0;5,42;4,78;5,3;6,04
42323;0;372;59;0;0;8;88,7;11,3;0;23,8;43,3;32,9;0;0;0;26,2;48,9;21,9;3;0;0;25;9,4;9,4;15,1;41,2;15,4;27,2;54,6;0;2,9;6,3;5,96;6,33;6,68
42330;0;313;0;0;0;6,3;96,6;3,4;3,4;26,2;44,2;19,5;6,7;0;3,4;25,7;45,5;21,9;3,4;0;8,6;4,3;17;11,4;51,9;6,8;20,5;9,7;65,6;4,2;0;6,29;5,82;6,34;6,71
43040;0;526;0;2,5;0;10,3;79,8;20,2;3,5;20,6;28,5;33,1;14,3;0;3,3;23,5;45,9;27,3;0;0;2;56;6,3;12,6;16,1;6,9;9,7;47;43,3;0;0;5,57;4,94;5,36;6,14
43137;0;437;0;4;2,8;10,8;78,1;21,9;7,9;20,9;36,9;27,8;6,5;3;5,2;25,1;35,4;27,4;4;0;0;38,1;21,2;11,2;4,8;24,8;10,8;34,7;46,5;8;0;6,02;5,03;5,9;6,72
43157;0;1992;11;4,2;3;13,9;92,2;7,8;16,9;20,2;33,7;23,9;5,2;14,8;3,2;28,5;38;12,8;2,9;0;2,5;48,4;21,5;7,9;12,7;7,1;8,3;47,9;39,2;3,7;0,9;5,99;5,15;5,75;6,32
43224;0;201;12;7,1;0;6,6;66,5;33,5;0;27,9;40,4;26;5,8;0;5,3;31,9;52,7;10,1;0;0;0;29,7;25,5;38,5;0;6,2;0;45,8;54,2;0;0;5,45;4,99;5,39;5,95
43268;0;490;59;8,4;2,5;15,3;84,6;15,4;10,3;31,6;39,6;15;3,6;3,6;11,1;30,4;34,5;20,4;0;0;0;29,4;19,6;2,9;26,6;21,5;15,8;26,9;52,7;4,6;0;5,98;5,29;5,76;6,4
44003;0;1139;13;1,1;0;7,8;85,4;14,6;10,5;30,1;33,9;20,4;5;0;10;32,8;42,4;11,7;2,1;1;1,6;53,7;5,7;6,8;6,7;25,5;9,8;58,8;29,1;1,3;1;5,83;5,05;5,66;6,49
44009;0;411;0;3;0;4,5;63,2;36,8;5,6;28,6;34,2;26,3;5,3;2,9;4,3;27,4;43,1;22,4;0;0;2,8;0;20,3;11,9;30,1;34,8;18,8;14;60,2;6,9;0;6,92;6,16;6,88;7,48
44018;0;495;0;0;0;7,4;81,4;18,6;2,3;37,6;36,1;21;3,1;0;3;35,6;45,3;13,9;2,2;0;0;0;2,5;15,9;36,1;45,5;25,5;0;69,3;5,3;0;6,95;6,38;6,81;7,38
44020;0;1766;34;1,2;0,7;6,8;79,8;20,2;1,3;28,7;37,4;26,4;6,1;0;2,2;27,3;45;24,2;1,3;0;0;7,8;38,8;16,5;15,2;21,7;12,5;23,8;57,3;5,7;0,7;6,69;5,83;6,7;7,35
44026;0;1602;26;1,9;0,7;15,2;89,8;10,2;31,3;23,3;27,8;15,4;2,1;27,4;3;24,5;31,9;12,5;0,7;0;0;2,5;20,1;24,1;23,2;30,2;12,4;5,8;49,7;15,6;16,6;8,06;6,75;7,28;7,87
44029;0;138;0;0;0;9,4;57,9;42,1;7,8;27;37,6;27,7;0;0;7,4;25,7;48;18,9;0;0;0;7,5;30;8,8;16,9;36,9;16,7;20,3;63;0;0;6,22;5,61;6,26;6,7
44035;0;1205;34;0;0;8,6;87,4;12,6;3,2;30,1;40,5;23;3,2;1,1;3;30,2;49,6;15,2;0,9;0;0;1;16,4;17,4;33,1;32,1;19,3;0;75,7;5;0;7,3;6,69;7,31;7,71
44036;0;1036;13;3,4;0;10,9;88,3;11,7;6,6;21,9;40;24,7;6,9;0;4,8;28,3;54,8;12,2;0;0;0;63,5;19;2,7;8,3;6,5;2,5;77,3;17,9;2,3;0;5,38;4,91;5,14;5,79
44041;0;176;0;0;0;0;43,4;56,6;6,6;34,8;32,6;17,1;8,8;7,3;6,2;35,4;34,8;16,3;0;0;0;0;7,9;40,6;7,9;43,6;14,2;0;72,7;13,1;0;6,63;6,36;6,64;6,88
44043;0;281;0;0;0;5,7;55,6;44,4;4,7;24,7;46,2;24,4;0;0;3,8;27,2;53,7;15,3;0;0;4;4,3;22,4;14,4;24,2;30,7;17,2;27,9;50,7;4,1;0;6,12;5,42;6,1;6,76
44047;0;1805;31;1;0,7;6,5;67,5;32,5;3,1;27,1;39,2;24,7;5,9;0,6;2,1;28,1;49,8;16,1;2,6;0,6;0,7;4,4;46,8;4,1;14,6;29,5;15,8;19,7;63,5;1;0;6,74;6,02;6,85;7,41
44052;0;493;26;2,6;2,8;10,4;64;36;2,3;24,8;39,9;27,9;5;0;2,5;31,4;48,1;17,9;0;0;0;20,9;11,9;5,6;29,9;31,6;15,3;31;53,8;0;0;6,45;5,63;6,42;7,15
44055;0;847;57;1,7;0;6,3;87,9;12,1;0;31,2;43,2;22,1;3,5;0;4,1;36,9;44,3;13,1;1,6;0;0;29,2;13,2;1,4;9,7;46,5;15,8;35;47,6;1,6;0;6,64;5,49;6,73;7,42
44067;0;81;0;;;;;;;;;;;;;;;;;;;;;;;;;;;;;6,47;6,12;6,38;6,73
44069;0;843;53;1,9;1,4;9,8;86,5;13,5;2,2;26,1;46,9;22;2,8;0;1,3;28,8;53,6;16,3;0;0;0;13,2;21,5;15,7;15,7;34;15,9;20,6;60,8;1,3;1,3;6,58;5,92;6,68;7,16
44087;0;252;17;0;0;5,8;60,7;39,3;4,3;28,5;40,7;26,5;0;0;7;23,8;55,7;13,5;0;0;0;17,2;20,7;14,7;7,8;39,7;15,4;27;51,7;6;0;6,05;5,41;6,06;6,56
44101;0;468;0;0;0;5,6;71,9;28,1;0;28,5;39;28,3;4,3;0;0;30,5;56;11,1;2,4;0;0;28,7;31,7;14,7;2,4;22,5;11,2;28,1;60,7;0;0;6,9;6,37;6,76;7,39
44103;0;705;12;0;0;8,2;54,3;45,7;1,5;20,3;42,3;29,7;6,2;0;1,5;22,1;51,2;23,6;1,5;0;0;13,1;45,3;16,7;23;1,8;3,6;40,9;53,8;1,7;0;6,11;5,46;6,19;6,74
44109;0;40443;559;1,4;0,6;6,7;96;4;12,1;23,2;36,6;22;6,1;8,2;5,3;29,7;41,2;13,8;1,6;0,1;3,2;45,4;14,8;6,8;12,6;17,4;5,4;47,5;34,1;11,7;1,3;6,3;5,24;6,03;7,09
44110;0;355;55;0;0;11,4;70,3;29,7;0;26,4;49,1;20;4,5;0;0;26,6;54,4;18,9;0;0;0;0;13;12,2;12,5;62,2;19,9;12,1;62,2;5,8;0;6,33;5,9;6,29;6,84
44114;0;2419;43;1,3;0,5;9,6;91,1;8,9;13,1;27,9;33,1;17,2;8,7;8,9;5,3;27,1;43,5;12,9;2,4;0;0;39,7;18,3;2,1;15,8;24;9,1;41,9;35,3;13;0,7;6,96;5,88;6,63;7,48
44129;0;320;67;3,8;0;5,3;85,2;14,8;3,6;23,2;37,2;26,8;9,2;0;3,7;24,2;53,4;18,7;0;0;0;35,2;12,5;18,2;3,6;30,4;17,8;37,2;45;0;0;6;5,31;6,02;6,61
44131;0;360;0;0;3;4,5;62,7;37,3;3;27;40,7;25,9;3,5;0;0;30,6;48,2;21,2;0;0;0;4,2;19,3;7,1;28,3;41;21;4,3;74,7;0;0;6,28;5,57;6,28;6,82
44132;0;623;36;2,4;0;4,6;89,4;10,6;2,1;37,7;41,9;16,4;1,9;0;3;37,5;47,4;9,7;0;2,2;0;0;24,2;10,7;14,8;50,2;22,6;20,6;55,1;1,7;0;6,79;6,05;6,88;7,39
44135;0;377;0;12,3;6,7;7,6;91,2;8,8;6,9;36,4;38;18,6;0;0;5,1;40,9;39,6;14,4;0;0;0;21,3;31,6;13,3;11,1;22,7;10,6;16;66;7,5;0;7,13;6,17;7,2;7,91
44143;0;4274;19;2,3;1,1;8;89;11;7,1;23,9;36,7;26;6,3;4,2;3,1;29,2;44,9;16,8;1,8;0;0;25,7;15,3;16,6;14,3;28,1;10,5;28,2;50,9;9,4;0,9;7,06;6,22;6,83;7,45
44154;0;334;0;3,3;0;9,3;81,6;18,4;5,1;31,4;42,2;18;3,3;0;0;38,4;41,1;20,5;0;0;0;14,6;29;13,4;25,4;17,6;11,1;31,4;57,5;0;0;6,2;5,13;6,31;6,97
44158;0;286;0;0;0;6,6;55,1;44,9;0;15,5;32,4;32;20,1;0;0;17,4;45,9;18,7;8,5;9,5;0;16,2;40,2;8,9;3,8;30,9;7,9;24,8;57,9;9,4;0;5,94;5,35;6,03;6,55
44162;0;5413;83;2;0,7;6,4;91,4;8,6;4,8;25,4;36,7;24,7;8,4;1,2;3;26,4;45,1;21,8;2,3;0,2;0;42,1;20,9;8,5;13,2;15,3;5,4;44,3;46,9;3;0,3;6,4;5,41;6,39;7,26
44166;0;411;21;2,9;0;10,9;56,5;43,5;0;25,9;45,2;26,1;2,8;0;0;28,4;51,9;19,8;0;0;0;0;20,7;2,7;29,7;46,9;20,8;0;73,3;3,2;2,7;7,04;6,51;6,9;7,42
44169;0;172;0;0;0;8,8;71,6;28,4;0;31,5;46,7;14,7;7,1;0;0;32,6;55,6;11,8;0;0;0;15,1;7,2;27,1;0;50,6;13,7;21,9;64,4;0;0;6,29;5,86;6,48;6,77
44172;0;1132;0;1;0;6;85,4;14,6;1,1;29;40,5;22,5;6,9;0;0;30,7;46,6;22,8;0;0;0;9,4;13,8;9,9;38,2;28,8;18,1;17,2;63,7;1,1;0;6,77;5,98;6,94;7,52
44184;0;9867;158;1;0,2;9,9;91;9;2,9;22,3;41,8;27,1;5,9;1,3;1,8;26,1;54,2;14,5;2;0;0,1;59,8;4,3;5,8;17;13;6,5;58,5;31,3;3;0,6;6;5,32;5,85;6,73
44188;0;220;35;0;0;8,2;34,7;65,3;0;25,6;44,7;29,8;0;0;0;22,4;42;35,6;0;0;0;0;60,7;0;25,1;14,2;14,7;18,8;66,5;0;0;6,13;5,71;6,19;6,51
44190;0;2145;95;1,4;0,6;9;92;8;6,3;33,6;38,2;18,8;3,1;3,8;2,9;36,1;42;14,1;1,1;0;0;7,2;23,7;7,2;25,1;36,9;16,2;7,2;64,7;11,9;0;7,16;6,52;7,06;7,56
44194;0;509;0;2,2;0;6,5;52,9;47,1;2,5;31,3;36,8;25,4;4;0;4,4;29,6;42,5;23,6;0;0;0;0;26,1;11,8;31,3;30,7;19,1;6;70,7;4,2;0;6,98;6,31;7,01;7,49
44198;0;684;122;0;0;10,1;85,3;14,7;2,6;36,7;34,8;21,4;4,4;0;3,8;37,4;44,2;14,5;0;0;0;0;5;8,3;26,9;59,8;23,5;0;73,2;3,2;0;7,11;6,56;7,13;7,5
44201;0;164;0;0;0;7,3;62,6;37,4;0;29,7;44,3;25,9;0;0;0;29,4;55,6;15;0;0;0;0;23,6;6,8;31,1;38,5;25,3;0;74,7;0;0;6,44;6,13;6,37;6,86
44204;0;665;0;1,8;0;9,8;65,1;34,9;3,6;30,3;37,2;24;4,8;1,9;4,2;29,8;44,9;19,2;0;0;0;0;9,9;13,2;45,6;31,3;20,5;0;68,3;9,5;1,6;7,2;6,53;7,13;7,62
44209;0;301;0;0;0;8,2;68,3;31,7;0;29,4;45,6;20,2;4,9;0;0;29,1;56,7;14,2;0;0;0;0;19,9;0;16,6;63,5;23,7;0;71,2;5;0;6,67;6,22;6,61;6,95
44210;0;830;58;2,3;0;9,2;79,4;20,6;0;29,8;41,4;23,3;5,4;0;0;29,3;50,9;17,4;2,4;0;0;7,2;12,6;4,2;38,7;37,3;18,7;13,5;66,2;1,6;0;6,58;6,06;6,6;7,26
44212;0;349;0;0;0;9,6;56,1;43,9;7,3;28,8;40,4;23,5;0;0;4,6;30,6;46,1;14,9;3,8;0;0;3,6;49,2;0;14,7;32,5;13,4;27,2;56,3;3,1;0;6,13;5,38;6,24;6,8
44215;0;1023;15;0;0;6,7;86,9;13,1;1,6;35;38;23,7;1,8;0;1,6;35,5;50,5;12,4;0;0;0;18,3;5,7;4,2;38,3;33,6;16,1;18,2;59,9;5,8;0;7,06;6,27;7,05;7,57
44217;0;81;0;12,2;;;;;;;;;;;;;;;;;;;;;;;;;;;;6,33;6,01;6,33;6,64
45004;0;1028;0;3,9;1,2;8,4;42,6;57,4;7,1;14,9;32,7;36,2;9,1;1,1;4,2;17,8;37,5;35,6;3,9;0;0;12,5;19,3;21,8;19,2;27,3;12,7;16,7;62,7;5,1;2,8;6,24;5,92;6,26;6,51
45068;0;2188;71;2,1;0,6;7,4;74,6;25,4;1,6;20,4;42,6;28,2;7,2;0;1,9;17,3;47,3;26,8;6,2;0,6;0,6;26,5;38,8;16,3;10,7;7;7,5;52,8;33,9;4,7;1,1;5,31;4,49;5,17;6,17
45075;0;741;14;2,1;0;6;73,1;26,9;18;12,7;30,1;33;6,2;14,4;4,2;16,7;39,1;21,6;4;0;0;23,8;15,6;15,3;28;17,3;4,7;35,1;45,5;10,1;4,6;6,54;5,58;6,37;7,42
45089;0;479;81;0;0;7,3;44,2;55,8;0;23,8;38,1;33,9;4,2;0;2,6;25,7;39,9;29,5;2,2;0;0;3,1;11,5;13,5;26,2;45,7;17,4;2,3;62,1;12,8;5,5;7,09;6,45;6,95;7,52
45147;0;2918;11;2,1;0,5;7;85,8;14,2;1,4;13,8;44,7;31,8;8,3;0;1,1;20;56,9;18,9;3,1;0;0;29;35;30,2;3,9;1,9;0,9;61,6;31,9;1,1;4,6;6,19;5,43;6,16;6,66
45155;0;1685;51;5;4,9;8,5;82,3;17,7;3,7;18,9;38,8;30,2;8,3;1;4,4;23,8;51,9;16;2,9;0;5,4;54,1;22;4,4;8,4;5,8;2,5;71,9;19,5;1,1;5,1;5,46;4,92;5,32;6,11
45169;0;527;20;2,1;0;9,4;69,1;30,9;4,7;22,1;38,2;32,5;2,5;0;5;24;44,8;26,3;0;0;0;0;2,1;27,7;20,8;49,4;15;0;79,8;5,1;0;7,2;6,49;7,04;7,62
45208;0;3245;0;4,9;2,7;8,1;92,9;7,1;8,4;25,9;39,1;21,4;5,1;2,3;7,8;39,8;40,2;8,5;1,3;0;1,3;56,7;8,1;25,1;6,5;2,3;5,2;66,3;22,7;3,5;2,2;5,69;5,1;5,45;6,33
45232;0;1329;11;2,7;0;18,8;86,3;13,7;32,3;20,8;21;20,5;5,4;25,6;7,1;19,1;24,1;19,2;4,9;0;0;23,7;6,7;35,8;23,4;10,4;6,1;0;38,2;45,1;10,6;7,66;6,07;6,97;8,34
45234;0;14776;58;3;1,6;7,8;92,8;7,2;8,4;20,2;40,6;24,7;6,2;5,5;5,2;27,6;46,9;13,2;1,4;0,2;1,6;49,3;13,9;22,4;9,5;3,3;3,2;52,4;35,6;4;4,9;6,39;5,62;6,28;7,06
45252;0;1539;0;1,1;0;9;91,5;8,5;6,6;14,1;52,3;25,8;1,1;0,7;6,7;18,8;61,2;11,1;1,4;0;3,7;75,2;17,7;1,5;0;1,9;2,3;85,9;11,8;0;0;5,27;4,79;5,12;5,64
45274;0;418;15;0;0;11,5;29,3;70,7;0;17;20,6;53,4;9;0;2,6;15,4;27,5;50,5;4;0;0;0;13,9;36,6;25,4;24,1;8,1;0;80,5;11,4;0;6,88;6,32;6,74;7,39
45284;0;2460;46;1,2;0,5;7,4;90,8;9,2;4,1;21,5;38,8;29,7;5,9;2;1,7;27,9;48,5;18,9;0,9;0;2;9,6;34,1;24,7;9,3;20,3;7;15,6;58,2;10;9,1;6,99;6,35;7;7,49
45285;0;2202;39;1,2;0,9;7,6;77,1;22,9;1,6;15,8;35,8;36,8;9,9;0;1,3;24,8;44,4;27,2;2,4;0;0;33,1;23,9;21,5;12,8;8,7;4,2;48,2;41;2;4,5;6,19;5,24;6,17;7,02
45286;0;380;22;0;0;7,4;66,2;33,8;2,9;21,8;40,9;29,4;5;0;2,7;23,6;42,4;24,1;7,2;0;0;0;5,5;15,1;24,7;54,8;22,7;0;68,2;6,3;2,8;7,04;6,48;6,91;7,4
45298;0;491;0;0;2,2;8,6;63,3;36,7;0;25,7;32,1;29,8;12,4;0;5,5;25,7;37,2;29,4;2,2;0;0;0;44,7;0;19,2;36,1;14,7;0;71,5;13,8;0;7,23;6,69;7,23;7,63
45302;0;1919;96;0,9;0;8,8;79,9;20,1;3,5;21,6;43,1;26;5,9;0;3;23;53,8;18,4;1,8;0;0;1,2;38,6;23,8;7,4;29,1;9,9;8,4;71,6;3,4;6,8;7,23;6,68;7,09;7,62
46042;0;2142;11;6,1;4;10,7;87,2;12,8;9;22,6;36,4;26,7;5,2;6,6;6,4;22,7;45,8;17,6;0,9;0;1,5;45,3;5,7;21,3;11,3;14,8;17,4;31,7;48,6;1,8;0,6;5,98;5,09;6,07;6,71
46102;0;724;0;4,2;2;18;80,9;19,1;24,3;17,4;25,4;27;5,9;23,6;4,5;19,2;37,8;14,8;0;0;0;27,3;15,1;27,8;16,5;13,3;4,1;31,6;54,5;1,7;8,1;6,24;5,25;6,06;6,83
47001;0;4040;16;2;0,3;7,1;95;5;22;13,6;30,9;24,9;8,6;19,3;3,1;15,4;42,4;17,3;2,5;0;1;34,1;14,9;33;15,3;1,7;4,6;35,1;57,2;0,7;2,5;5,71;5,16;5,53;6,25
47032;0;469;0;3,2;0;7,5;49,7;50,3;2,2;16;46,4;26,6;8,8;0;2,3;12,9;54,8;27,7;2,3;0;0;0;7,8;25,5;23,6;43,1;21,1;0;76,6;2,3;0;6,14;5,88;6,19;6,46
47106;0;131;0;0;0;9,2;74,8;25,2;;24,2;20,8;42,5;12,5;0;0;24,6;37,3;29,9;8,2;0;25,4;50;0;14,5;10,1;0;23;49,6;27,3;0;0;4,5;3,77;4,22;5,04
47157;0;1025;15;0;1,4;8,3;82,7;17,3;2,1;14,4;49,3;24,5;9,7;0;3,1;12,3;56,2;26,8;1,6;0;2,4;40,6;30,9;6;13,6;6,4;5,4;56,4;34,7;3,5;0;5,19;4,35;4,6;6,05
47195;0;99;0;;;12;;;;;;;;;;;;;12;;10,9;;;10;;;;;;;;5,74;5,3;5,98;6,18
47201;0;753;0;1,9;0;9,4;63,8;36,2;6,5;10,8;34,9;38,2;9,6;6,5;1,5;8,3;44,8;35;1,7;2,3;3,1;24,9;2,5;11,6;27,1;30,8;19,7;25,2;47,7;7,4;0;5,74;4,66;5,95;6,39
47252;0;195;0;0;0;5,9;34,3;65,7;5,5;16,9;40,3;30,8;6,5;0;5,4;19,5;42,4;27,3;0;5,4;0;33,9;11,1;9;33,9;12,2;15,4;24,1;60,5;0;0;5,17;4,31;5,4;5,86
47310;0;279;0;0;0;4,2;73,1;26,9;10;17,5;32,9;26,8;12,9;0;9,7;16,4;56,3;17,5;0;0;0;6,9;67,6;4,6;16,2;4,6;3,9;19,9;76,2;0;0;5,45;4,57;5,55;5,95
47323;0;937;0;0;0;7,9;60,3;39,7;0;19,2;36,8;28,1;16;1,2;1,6;16,3;52,7;25,5;2,7;0;2,5;40,6;9,9;15,4;25,6;6;14,2;46;37,3;1,4;1,1;5,12;4,36;4,87;5,93
48092;0;269;0;5,4;4,2;9,9;100;0;8,4;13,3;24,3;38,8;15,2;5,7;6,8;23,1;41,3;23,1;0;0;8,3;43,8;9,8;18,1;14,9;5,1;4,1;40,7;55,2;0;0;5,69;5,02;5,53;6,21
48095;0;1411;22;3;1;14,8;94,6;5,4;18,2;16,3;30;26,4;9,1;12,3;8;28,5;33,4;16;1,8;0;4,5;47;7,4;27,1;2,9;11,1;7,2;45,8;39,6;1;6,4;5,9;5,02;5,54;6,31
48140;0;249;0;4,4;4,5;12,4;84,5;15,5;0;20,9;35,4;38,4;5,3;0;4,7;24,7;58,8;11,8;0;0;0;54,3;13,8;15;11,4;5,5;4,5;56,6;33,5;5,4;0;5,45;4,83;5,17;6,01
49007;0;25894;92;1,1;0,3;7,5;94,1;5,9;13,6;19;33,9;23,9;9,5;8;5,1;26,4;39,4;17,9;3,1;0,3;0,6;44,6;20,8;12;14,8;7,3;5,2;56;30,4;7,4;0,9;6;5,23;5,75;6,63
49015;0;1418;0;1,5;1;6,9;87,4;12,6;3,1;24,2;35,1;30,4;7,2;0;3;24,4;46,2;22,8;2,8;0,8;0;22,5;9,7;2,7;36,6;28,6;13,9;24,3;51,6;10,2;0;6,59;5,8;6,67;7,49
49018;0;638;32;2,5;0;6,4;26,9;73,1;2,5;13;36,1;38,9;9,5;0;2,5;13,2;43;37,5;3,8;0;0;18,4;28,6;20;15,6;17,5;7,3;29,4;61,5;1,8;0;5,6;5,21;5,69;6,12
49021;0;437;0;2,9;0;4,1;32,7;67,3;4,4;19;32,2;30,7;13,7;3,1;6,4;14,6;42,4;33,6;0;0;0;30,9;34,4;22,3;8,8;3,5;3,7;56,3;28;9,6;2,4;5,54;4,64;5,46;6,33
49023;0;1004;17;1,3;1,5;11,8;11,8;88,2;1,6;13,8;46,2;30,2;8,2;0;1,1;13,9;56,5;24,3;4,2;0;8,6;15,9;23,9;15,5;19,7;16,4;8,5;32,1;57,4;2;0;5,54;4,96;5,66;6,14
49035;0;392;0;0;0;14,1;46,3;53,7;0;21,7;30,6;35,9;11,8;0;2,8;24,2;38,4;30,2;4,4;0;0;13,6;10,9;10,9;50,7;13,8;15,9;10,6;62,7;10,8;0;6,6;5,97;6,56;7,15
49050;0;340;0;0;0;5;27,6;72,4;3,2;10,8;48,7;31,8;5,5;0;0;10,2;53,1;31,1;5,6;0;0;3,6;25,1;26;34,1;11,2;11,4;8,1;76,2;4,2;0;5,9;5,6;5,86;6,44
49063;0;310;11;4,1;0;7,7;55,9;44,1;3,4;8,6;42,3;35,8;9,9;3,4;0;19,3;45,4;28,5;3,4;0;0;44,6;7,7;16,3;9,3;22,1;10,1;43,8;40,7;5,4;0;5,43;4,63;5,58;6,05
49069;0;457;0;2,4;0;14,3;3,9;96,1;0;15,2;52,8;29,4;2,6;0;2,4;13,8;55;25,9;2,9;0;0;7,2;20,7;33,9;23,3;15;12,8;9,2;75,2;2,8;0;5,92;5,57;5,92;6,22
49092;0;1113;0;1,6;0;9,9;37,1;62,9;4,6;17,1;45,7;25,4;7,3;0;1,6;17,9;52,5;26,9;1,2;0;5,1;13,7;30,3;15,3;17,8;17,8;9,3;29,1;57;4,5;0;5,69;5,09;5,75;6,23
49099;0;5075;0;0,6;0;8,2;83,3;16,7;5,8;19,1;39,5;27,9;7,7;1;5,1;20,7;51,7;19,1;2,2;0,3;0;58,8;22,4;10,9;6,3;1,5;1,7;61,4;30,3;6,1;0,5;5,33;4,76;5,2;5,81
49125;0;662;0;3;0;5,4;31,7;68,3;2;16,2;38;32,7;11,2;0;1,8;16,1;51,8;28,4;1,8;0;8,8;17,3;28,8;16,6;13,1;15,4;9,1;32;58,9;0;0;5,87;5,14;5,96;6,54
49180;0;609;0;3,1;0;7,7;26,2;73,8;7,2;14,2;35,2;28,3;15,1;0;5,2;17,5;49,8;23,8;3,6;0;6,8;40,4;22,2;12,2;16,6;1,8;5,3;48,1;46,6;0;0;5,4;4,68;5,33;6,1
49214;0;899;18;2,9;1,2;7,1;70,3;29,7;4,5;19,7;37,6;27,7;10,6;1,3;0;32,4;37;25,8;1,4;2;1,2;43,7;13,5;8,9;19,9;12,7;10,2;44,7;42,1;3;0;5,84;5,12;5,83;6,54
49215;0;388;0;2,7;3,2;5,8;60,5;39,5;7;9,5;34,8;29,4;19,4;0;7,6;16;44,7;31,7;0;0;0;50,3;22,6;15,2;5,4;6,5;3,6;62,5;29,8;0;4,1;4,95;4,18;4,76;5,76
49218;0;560;0;13,1;9,7;10,3;19,9;80,1;4,3;21,9;45,8;24;4;2,3;2,3;22,6;52,3;20,6;0;0;0;15,2;34,5;24,7;18,3;7,3;4,9;26,4;64,3;4,3;0;5,65;5,27;5,75;6,19
49223;0;572;0;0;0;15,8;65,7;34,3;0;23,3;42,4;27,4;6,9;0;0;22,3;45,4;30;2,3;0;1,9;0;11,3;11,3;34,5;40,9;22;0;73,5;2,6;1,9;6,8;6,22;6,7;7,31
49244;0;812;0;1,4;0;8,6;19,6;80,4;2,1;16,1;43,5;30,1;8,1;0;2,6;14,5;53,2;27,9;1,9;0;6,2;9,3;29,1;29,1;17,4;8,9;7,6;20,4;68,4;3,7;0;5,84;5,33;5,92;6,4
49246;0;1565;0;1,6;0;7,8;83,7;16,3;3,4;20,2;43,6;25,9;6,9;2,3;1,1;25,1;52,7;17;1,7;0;1,6;45;10,1;4,8;21,2;17,2;9,9;53,1;31;4,2;1,8;5,99;4,97;5,64;7,02
49267;0;1598;44;1,9;0,8;6,9;82,2;17,8;7,7;20,5;37,4;27;7,4;2,7;3;22,2;45,8;23,2;2,4;0,7;0,8;41,5;24,1;9,4;15;9,2;7;59,4;26;6,2;1,4;6,07;5,08;5,9;6,78
49301;0;922;0;1,3;0;7,6;34,2;65,8;5,3;20,7;40,7;25,6;7,7;0;5,6;22,8;48;20,3;3,4;0;6,2;29,2;11,6;22,8;19,4;10,8;7;36,1;52,3;4,5;0;5,39;4,76;5,5;6,09
49307;0;532;11;0;0;3,9;25,2;74,8;0;15,5;41,3;33,6;9,6;2,4;0;13,5;50,4;30;3,8;0;0;4,1;35,5;22,7;19,6;18;8,8;27,2;58,7;5,3;0;5,79;5,18;5,89;6,35
49328;0;3464;63;3,6;1,6;12,5;76,9;23,1;3,7;20,6;38,8;28;8,9;0,7;5,4;24,7;43,7;21,8;3,3;0,3;3,7;49,2;27,6;2,8;8,9;7,8;6,9;62,7;26,6;1,2;2,7;5,47;4,9;5,3;5,89
49331;0;1300;0;2,5;1,2;9,2;46,9;53,1;2,6;15,8;38,4;29,9;13,4;0,9;3,1;18;47,5;24,8;4,9;0,8;5,7;24;23,2;15,9;24,2;7,1;6,4;37,8;50;5,8;0;5,58;4,89;5,64;6,2
49353;0;2677;0;1,4;0;6,1;84,9;15,1;2,5;22,1;41,1;24,6;9,6;1;3,9;25,9;47,4;16,9;4,4;0,4;4,7;30,2;12,3;5,7;18,2;28,9;12,9;38,9;44,7;2,7;0,9;6,15;5,02;6,29;7,27
49373;0;418;0;0;0;15,3;18,8;81,2;2,7;10,7;47,7;29,8;9,1;0;0;14,1;58,3;27,7;0;0;0;15,5;38,1;24,6;9,1;12,8;6,7;20,2;59,8;13,3;0;5,95;5,3;5,92;6,52
50025;0;1505;17;1,9;1,2;7,8;81,2;18,8;4,4;18,1;34,8;36,9;5,9;0,7;5;24,4;57,3;12,5;0;0;0;69,6;18,5;5,6;2,7;3,6;3,5;86,4;10,1;0;0;4,61;4,16;4,49;4,98
50041;0;741;0;0;0;10,8;29,9;70,1;8;5;20,9;44,3;21,8;0;8,1;3,2;33,8;46;8,9;0;0;28;46,7;9,5;13,7;2;0;28,2;71,8;0;0;5,43;4,51;5,76;6,22
50099;0;1174;0;2,1;1;7,8;44,9;55,1;3;10,3;36,2;40,4;10,2;2,7;4;12,1;54,9;24,5;1,9;0;0;41,3;37,9;16,4;2,2;2,2;3,2;53,9;41,9;0;1;5,05;4,44;4,85;5,67
50129;0;15409;0;2,5;1,5;10,1;82,4;17,6;5,1;16,5;36,9;30,4;11,1;3,1;3,5;21,2;45,1;23,2;3,8;0,2;2,2;49,4;35,9;4,2;5,2;3,1;1,7;59;35,9;2,2;1,1;5,26;4,53;5,18;5,92
50147;0;1563;0;2,8;0,7;9,7;72;28;2,2;10,5;42,6;35,4;9,2;1,5;2;13,4;62,7;18,2;2,3;0;3,8;53,1;30,7;8,8;1,3;2,3;2,7;68,7;27,2;1,5;0;4,71;4,09;4,47;5,26
50218;0;1443;0;1,9;0,8;4,9;88,5;11,5;1,7;17,6;42,8;32,9;5,1;0;1,3;22,6;43,6;32,6;0;0;2,5;51,9;20,9;10,9;9,4;4,4;2,4;70,6;25;1,2;0,8;4,8;4,13;4,72;5,28
50502;0;4111;0;2,8;0,7;8,5;77,9;22,1;7,6;16,9;33,2;34,1;8,2;3;8,7;24,2;47,3;16,3;0,5;0;0,9;69,7;17,2;2,7;8,9;0,6;0;86,1;13,6;0,3;0;4,39;3,82;4,25;4,88
50615;0;898;0;1,5;0;7,8;55,2;44,8;0;17,9;33,4;38;10,7;0;1,3;26,1;39,2;30,2;1,6;1,5;0;34,8;57,3;4,6;3,3;0;0;65,9;34,1;0;0;4,97;4,1;4,57;5,88
51055;0;765;35;3,5;0;9;55,9;44,1;0;8,4;31,9;33,6;26,1;0;0;11;32;39,9;14,9;2,1;0;24;10,7;1,8;45,4;18,1;5;30,3;32,7;21,4;10,7;7,11;5,98;6,97;8,22
51108;0;9652;11;0,6;0,3;11,7;92,5;7,5;4,6;20,7;36,2;28,1;10,4;2,6;3;30,7;37,6;19,5;5,4;1,3;2;63,5;10,8;9,9;11,8;2,1;2,8;65,9;21,9;4;5,4;5,39;4,7;5,19;5,91
51172;0;778;64;1,5;0;8,6;81,2;18,8;2,1;16,9;36,9;28,3;15,8;1,4;1,4;15,7;49;24,4;5,7;2,4;0;4,1;30,4;19,7;14,3;31,5;8,1;26,6;38;7,1;20,3;7,22;6,24;6,78;8,24
51230;0;3830;23;1,3;0,3;9,7;89,4;10,6;3,7;21,1;39,1;26,8;9,3;0;2,4;26,1;50,6;16,3;3,3;1,2;4,9;61,3;13,6;4,4;7,8;8;3,6;66;23,7;2;4,7;5,51;4,91;5,4;6,04
51242;0;287;0;0;0;3,9;4,7;95,3;0;0;13,7;29,5;56,8;0;0;0;11,2;37,1;51,8;0;0;0;15,7;23,5;36,5;24,2;19;0;73,7;3,8;3,5;5,71;5,36;5,66;6,07
51250;0;936;0;1,4;0;5,9;43,7;56,3;0;17,2;29,1;26,6;27,2;0;0;18,2;37,9;33,8;9;1,2;0;39,2;29,2;5,8;8,6;17,1;11,3;44,1;41,7;2,9;0;5,63;5,09;5,67;6,18
51454;0;40289;251;4,2;2,3;9;89,7;10,3;8,6;16,5;35,5;27;12,5;6,1;2,3;20,5;38,7;23,4;7,3;1,8;2,2;52,1;17,7;9,4;11,5;7,1;3,7;59,7;24,1;6,8;5,7;6,07;5,18;5,86;6,78
51506;0;1246;0;0;0;10,5;94;6;0,9;8,9;29;48,3;13;0;0,9;8,4;49,2;34,7;6,8;0;0;87;0;1,4;9,7;1,9;1,9;87,4;9,8;0;0,9;4,88;4,14;4,89;5,35
51507;0;457;0;2,9;4,4;13,3;78,3;21,7;2,5;7;35,1;38,8;16,6;0;2,9;11,6;41,6;37,6;6,3;0;0;75,5;3,8;3;11,4;6,3;6,3;77,9;15,8;0;0;5,09;4,59;4,99;5,57
51535;0;561;0;4,1;2,6;10,8;65,9;34,1;7,3;19,3;27,2;30,6;15,6;0;7,7;22,3;41,6;19,1;7,5;1,9;0;31,7;47,9;8,3;10,1;2;4,4;58,7;36,9;0;0;5,29;4,69;5,18;5,85
51573;0;1795;79;1;0;11,2;67,6;32,4;1,5;10,7;27,8;25,2;34,8;0;0,7;14,2;32,8;32;16,4;3,9;0;37,4;17,2;7,8;19,3;18,3;4,5;37,4;31,6;13,9;12,6;6,84;5,88;6,67;7,61
51649;0;3093;0;3,8;2,1;10,2;81,3;18,7;4;18;28,5;32;17,5;0,6;4,2;23,1;42,4;20,9;7,1;1,6;0,8;65,8;3,3;11,9;9,3;9;3,5;65,6;23,9;0,5;6,4;5,27;4,53;5,34;5,97
52121;0;4490;0;9,6;7,6;9,9;86;14;9,6;24,9;35,5;23,2;6,8;2,8;7,9;33,1;39,2;13,7;2,8;0,6;3,5;55,9;25,3;4,7;9,5;1;3;71,1;24,6;0,7;0,6;5,37;4,83;5,23;5,82
52269;0;1705;16;3,7;2,5;9,7;85,8;14,2;5,8;14,8;39,2;29,8;10,5;1,3;5,2;27,3;48,3;16,6;1,3;0;1,5;89,7;2,1;2,7;0;4;2,5;77,8;18,3;0,8;0,7;5,05;4,46;4,92;5,48
52448;0;4485;62;6,5;4,6;11,7;89,4;10,6;5,5;22,9;33,6;26,7;11,3;2,9;4,8;30;34,3;22,7;4,4;0,8;1;65;4;8,2;16,2;5,7;2,6;59,5;28,4;3;6,6;5,76;5,17;5,66;6,26
53054;0;320;0;0;0;9,8;53,4;46,6;0;13,9;45,5;33,9;6,8;0;0;17,7;48,9;29,2;4,3;0;0;0;3,9;14,7;47,3;34,1;17,7;0;78,5;3,8;0;6,17;5,64;6,19;6,45
53062;0;1175;0;1,5;0;11,2;70,9;29,1;5,5;21,1;38,8;27;7,5;1,7;2,7;22,6;46,9;24,1;2,1;0;3,1;31,3;31,4;13,4;13,5;7,2;2,4;49,2;43,6;0;4,7;5,34;4,56;5,29;6,06
53084;0;195;0;5,8;0;15;37,4;62,6;0;14,2;48,4;27,9;9,5;0;0;14,8;62,8;22,4;0;0;0;28,3;32,2;6,1;20;13,3;6,6;48,4;45,1;0;0;5,43;4,72;5,45;6,2
53096;0;304;0;0;0;9,9;24,1;75,9;3,6;5,6;30,7;49;11,1;0;3,8;3,8;58;34,4;0;0;12,4;30,5;29,8;3,5;20,3;3,5;3,6;38,1;58,3;0;0;4,97;4,33;5,02;5,59
53097;0;558;14;3,7;0;12,8;77,7;22,3;5,9;22,2;35,3;28,1;8,5;2;2,3;26,1;50,4;19,2;0;0;0;49,1;18,3;12,2;13,3;7;5,3;63,7;28,7;2,3;0;4,97;4,44;4,79;5,43
53130;0;7196;25;3,3;1,3;11,1;95,2;4,8;7,9;17,4;37,8;28,5;8,4;4,9;3,5;25,6;49,5;14,7;1,5;0,3;1,7;57,5;19,1;11,7;4,7;5,3;2,5;69,7;21;4,2;2,6;5,57;4,76;5,4;6,19
53147;0;1326;0;3,4;1,2;11,3;83,4;16,6;7;19,3;36,8;30,6;6,3;1,5;4,4;19,6;48,2;24,9;1,4;0;0;32,1;41,1;13,7;7,2;5,9;2,7;59,1;33,8;0,8;3,5;5,36;4,6;5;6,05
53201;0;575;0;2,3;0;11,4;77,9;22,1;3,4;18;40,4;30,2;8,1;0;3;17,8;50,4;24,7;4,1;0;0;0;51,9;17,1;18,4;12,5;4,3;2,7;91,1;2;0;5,64;5,07;5,7;6,12
54115;0;910;0;1,7;0;7,4;95,6;4,4;1,6;20,4;40,8;28;9,3;1,2;1,3;24,3;51,8;19,4;2;0;0;37,4;29,6;3,5;24,6;5;5,2;50,7;42,3;1,7;0;6,01;5,3;5,86;6,63
54159;0;740;0;1,6;0;8,3;84,3;15,7;0;16,7;40,7;29,4;13,2;0;1,5;22,8;41,5;27,3;5,3;1,6;1,4;51,8;9,8;7,2;26,1;3,7;4,6;62,5;32,9;0;0;5,76;5,06;5,62;6,3
54184;0;1133;40;2,3;0;7,3;96;4;2,5;17,1;43,8;31;5,6;0;2;25,2;53,4;17;2,5;0;0;54,4;0;0;30,9;14,7;5,7;53,1;35,5;3,5;2,2;6,22;5,36;6;6,97
54215;0;655;0;3,9;0;9,6;97,7;2,3;1,8;14,8;45;28,7;9,8;0;1,8;23,3;50,1;22,9;2;0;0;26,6;54,9;0;13;5,6;3,8;41,1;55,1;0;0;5,81;4,86;5,64;6,67
54257;0;503;0;0;0;7;87,3;12,7;2,4;15,5;34,8;33,6;13,7;0;0;13,7;39,4;41,9;5;0;0;63,2;25,9;0;10,9;0;0;90,7;9,3;0;0;5,35;4,93;5,11;5,48
54263;0;325;65;13,4;0;5,3;65,9;34,1;0;12;44,8;31,2;12;0;0;19,1;47,8;28,1;5;0;4,4;30,8;14,3;0;15,6;34,9;16,4;17,3;50,3;0;16;5,75;4,83;5,71;6,48
54273;0;696;0;0;0;8,2;58,6;41,4;1,6;19,3;31,3;36,1;11,7;0;1,8;26,5;41,4;23,3;7;0;43,4;12,6;11,3;6,8;19,6;6,2;6,3;36,7;51,7;2,7;2,4;5,69;5,01;5,62;6,26
54274;0;1618;23;1,2;0;8,6;97,7;2,3;9,8;22,9;28,3;28;10,9;4,3;6,6;29;44;12,7;3,4;0;0,7;76,6;2,6;1,1;12,7;6,4;0;64,7;31,4;0;3,9;5,89;5,31;5,71;6,31
54304;0;1987;0;1,8;0;7,9;98,8;1,2;16;12,5;37,4;28,1;6;12,8;3,6;33,2;36,1;13,1;1,3;0;0,8;83,9;6;6,7;2;0,7;0,6;83;7,9;8,4;0;5,77;5,19;5,63;6
54318;0;272;0;0;0;6,2;56,3;43,7;0;13,9;31,4;28,6;26,1;0;0;5,3;37;44,7;13;0;0;18,2;4,4;4;56,4;17,1;10,3;4,4;85,3;0;0;6,1;5,82;6,17;6,49
54323;0;3099;0;1,4;0,5;7,1;90,7;9,3;14,1;15,4;35,3;29,7;5,5;10,7;4,3;27,7;41,8;13,4;1,7;0,4;18,9;50,4;8,1;7,5;7,4;7,6;3,9;63,8;30,5;0,7;1,1;5,74;5,05;5,61;6,19
54328;0;457;0;2,5;2,5;7,2;76,4;23,6;2,8;21;27,3;37,5;11,3;0;2,7;18;31,2;41,7;6,4;0;0;3,5;52,5;21,5;13;9,5;5,6;53,4;41;0;0;6,02;5;5,96;7,01
54329;0;2202;11;4,1;2,9;9,4;92,5;7,5;4,1;17;34;33,8;11,1;1,4;2,1;20,4;52,2;18,3;5,1;0,6;2,9;56,2;26,6;6,2;4,4;3,8;2,5;63,8;31,5;1,4;0,8;5,32;4,86;5,22;5,81
54339;0;843;52;3,9;3,1;7,6;92,8;7,2;5,2;17,1;36,1;34,5;7,1;0;0;25;37,2;32,9;3,5;1,4;1,8;35,8;19,5;4,2;10;28,7;11,2;36,4;50,5;1,9;0;6,11;5,33;5,9;6,77
54357;0;1892;14;0,6;0;6,9;96,9;3,1;2,2;11,7;34,3;40,6;11,1;0;1,5;14;55,1;22,3;7,2;0;0;65,7;10,1;4,6;10,7;8,9;2,8;66,1;30,4;0;0,7;5,8;5,04;5,61;6,55
54382;0;1506;41;1,7;1,2;4,3;60,3;39,7;1;18,7;28,5;34,4;17,3;0;1,6;25,7;33,5;32,5;5,2;1,5;1,2;74,5;6,1;0;6,5;11,7;4,3;72,3;20,8;0;2,6;5,59;4,97;5,47;6
54395;0;10850;150;2,5;1,4;9,2;95,8;4,2;20,5;22,5;29,7;19,9;7,3;12;9,3;26,2;33,4;15,2;3,2;0,6;7,8;27,8;18,9;22,1;16,4;7;5,1;27,6;51,9;11,5;3,8;6,85;6,03;6,72;7,38
54430;0;319;0;0;0;7,1;82,6;17,4;4,7;17,3;41,8;22,3;13,8;3,2;3,2;19,7;54,5;16,2;3,2;0;16,6;44,1;9,6;12,5;3,8;13,4;4,7;62,3;33;0;0;5,9;5,07;5,79;6,81
54431;0;1134;0;1,9;0;20,4;92,3;7,7;3,4;12,3;33,4;36,3;14,6;1;3,1;16,3;47;27,5;4,2;1;1,1;55,2;18,8;11,4;7,7;5,8;5;51,3;35,1;2,8;5,8;5,32;4,55;5,13;5,89
54482;0;1131;0;1;0;8;96,1;3,9;3,6;19,3;36,6;30,4;10,1;0;3;24,8;50,9;16,4;4,9;0;1,1;38,5;0;17;15,5;28;2,9;37,8;49,4;8;1,9;6,53;5,62;6,5;7,2
54526;0;764;24;2,2;0;7,1;78,8;21,2;5,2;12,7;22,6;44,6;14,8;0;3,7;17,4;53,3;17,7;6,4;1,4;0;49,9;6,9;3,4;25,1;14,6;1,5;51,6;38,9;4,6;3,4;5,94;4,99;5,69;6,71
54528;0;2022;0;3,9;1,4;9,4;90,6;9,4;4,3;12,6;33,9;33,1;16,1;0;4,4;17,6;45;21,2;11,8;0;5,6;60,7;21,9;3,4;5,5;2,8;2,6;73,7;23,1;0;0,5;5,32;4,7;5,08;5,82
54547;0;4934;0;1,4;0,4;7,5;99,2;0,8;12,6;16,8;38,5;25,6;6,6;6,3;5,8;18,1;52,8;14,9;1,8;0,2;2,6;77;5;9;2,6;3,8;1,3;75,6;13,5;8,9;0,8;5,79;5,17;5,51;6,17
54578;0;1226;0;1,3;0;7,9;95,2;4,8;20,9;13,3;39,5;19;7,3;17,4;2,3;15,1;48,6;13,6;3;0;4,8;14,5;27,6;2,7;29,5;20,9;3,8;19,3;60;16,9;0;6,34;5,55;6,58;6,97
54580;0;916;0;3,1;1,8;6,1;92,9;7,1;4,1;18,6;49,1;23,7;4,5;1,5;3,7;42,8;36,5;13,8;1,6;0;1,3;50,3;2,7;10,8;10,9;23,9;7,9;48,6;38,9;2;2,6;6,03;5,43;5,95;6,71
55029;0;2410;0;2,1;0;11,5;96,2;3,8;8,9;23,6;32,6;27,9;7;4,9;5,5;36;42,3;9,8;1,6;0;1,9;73;15,2;4,5;4,4;1;5,4;79,8;12,9;1,4;0,5;5,44;4,83;5,34;5,92
55545;0;2273;11;1,9;0,7;10,5;85,3;14,7;4,1;15,7;32,7;34;13,5;1,6;4,3;24,1;43,1;18,6;7,6;0,7;1,9;53,1;22,7;11,6;3,4;7,3;3,8;66,4;28,7;0,7;0,5;5,48;4,99;5,29;5,86
56003;0;224;12;0;0;4,9;77,2;22,8;0;25,8;41,6;18,9;13,7;0;0;24,2;50,7;19,7;5,4;0;0;0;10,6;10,6;47,7;31;14,7;4,7;80,6;0;0;6,3;5,92;6,28;6,64
56007;0;1638;0;1,4;0,7;6,2;89,7;10,3;3,4;26,9;36,9;26,6;6,2;0,7;2,5;29,7;48,1;17,8;1,3;0;0;21,1;22,6;6,8;28,2;21,3;13,1;27,6;57,9;1,4;0;5,93;5,21;6,08;6,49
56034;0;96;0;;;;;;;;;;;;;;;;;;;12,4;;;;;11,1;;;;;5,35;4,56;5,53;6
56036;0;297;0;0;0;7,5;100;0;0;33,4;29,4;28,4;8,8;0;0;34,1;51,2;14,6;0;0;0;44,7;0;23,3;4,1;27,8;11,2;43;45,8;0;0;5,65;4,83;5,33;6,61
56075;0;82;0;;;;;;;;;;;;;;;;;;;;;;;;12,6;;;;;5,71;5,3;6;6,13
56078;0;524;32;0;0;6;79,3;20,7;4,1;24,9;38,7;22;10,3;0;3,8;31,9;42,4;21,9;0;0;0;14,5;15,1;0;29,5;40,9;18,2;21;49,3;9,4;2,1;6,18;5,77;6,1;6,65
56083;0;1769;0;2;0;8,4;90,1;9,9;4,9;25,6;38,5;25,6;5,4;1,6;3,7;28,5;49,1;15,8;1,3;0;6,6;33,4;12,6;9,7;19,9;17,8;13;40,5;46,5;0;0;5,64;4,83;5,63;6,38
56090;0;327;24;0;0;4;75,5;24,5;6,6;23,6;39,6;26,9;3,3;0;3,6;38,4;44,9;13,1;0;0;0;7,9;38,5;11,4;30,3;12;19,6;18;57,7;4,7;0;6,06;5,62;5,97;6,48
56098;0;2762;12;1,2;0;5,6;91,7;8,3;5,2;18,3;37,2;29,2;10,1;0,9;4,2;22,2;51;20,1;1,2;0,5;0,8;47,4;30,4;8;6,8;6,6;7;56,3;35,8;0,9;0;5,6;4,81;5,43;6,38
56101;0;223;16;0;0;8,9;59,6;40,4;5;31,7;38,5;19,9;5;0;0;33,8;47,8;18,4;0;0;0;0;35,2;14;22,3;28,5;13,6;10,9;75,6;0;0;6,03;5,7;6,04;6,45
56107;0;306;0;6,3;4,5;0;83,1;16,9;4,4;27,8;38,8;20,9;8,1;0;5,2;30,9;51,4;12,5;0;0;0;28,9;12,6;5;14,6;38,9;21,1;29,6;45,2;4,1;0;6,05;5,06;6,16;6,76
56121;0;8863;40;3,1;1,6;7,6;96,1;3,9;12,6;23,5;34;23,2;6,7;9,4;5,7;28,1;41,3;14,1;1,4;0,1;4,8;47,1;17,5;17,6;8,1;4,9;4,7;55,3;35,7;2,4;2;5,87;5,13;5,6;6,35
56162;0;847;18;6,3;6,9;5,4;88,1;11,9;1,7;30,8;42,8;19,3;5,4;0;1,6;31,9;48,7;15,7;2,1;0;0;21,5;17,5;8,2;23,4;29,4;19,7;33,5;38,5;8,4;0;6,43;5,55;6,49;7,16
56165;0;339;0;0;0;6,7;54,9;45,1;8,8;23,7;31,9;28,2;7,3;0;3,4;24;34,5;26,5;8,3;3,4;0;5;42,1;30,3;11,2;11,5;11,8;4,8;83,4;0;0;5,71;4,96;5,94;6,28
56177;0;72;0;;;;;;;;;;;;;;;;;;;;;;;;;;;;;5;4,42;4,8;5,71
56178;0;851;0;3,9;1,6;6,3;79,5;20,5;9,7;19,9;32,7;29,2;8,5;7,5;3,2;22,2;47,2;19,9;0;0;2,4;35,7;22,8;5,8;27,9;5,4;11;40,3;38,1;4,5;6,1;5,38;4,63;5,14;5,82
56184;0;181;0;8,4;9,2;10,7;74,7;25,3;9,8;25,7;35;23,5;6;12,2;0;23,3;55,2;9,3;0;0;0;0;10,2;34,4;46,2;9,1;10,2;0;89,8;0;0;6,31;5,88;6,26;6,55
56185;0;516;32;2,6;3,2;5,1;74,8;25,2;7,2;24,1;38,9;18,1;11,7;0;5,8;24,7;44,7;20;4,9;0;0;8,1;27,5;15,2;6;43,1;18,5;20,9;52,4;4,5;3,7;6,22;5,38;6,25;6,86
56186;0;299;26;0;0;5,9;87,7;12,3;0;27,7;43,2;25,3;3,7;0;0;22,8;55,1;18,4;3,7;0;0;26,4;21,7;19,4;18,5;14;5,3;27,6;63,1;4;0;5,98;5,28;5,86;6,4
56206;0;854;0;1,3;0;8,6;79;21;3,1;24,5;42,3;24;6,1;0;3;25,7;48,7;19,5;3,1;0;0;0;2,1;21,4;42,7;33,8;16,3;0;77,9;5,9;0;6,57;6,22;6,55;6,88
56240;0;243;11;0;0;5,2;60,2;39,8;0;31;38,5;25,1;5,4;0;4,2;37,2;34,5;24,1;0;0;0;0;0;17,7;21,8;60,5;16,9;0;74,5;8,6;0;6,5;5,8;6,21;6,74
56243;0;693;66;0;0;6,2;73,3;26,7;0;28,9;46,3;21,7;3,1;0;0;27,1;52,9;16,3;3,7;0;0;0;12,4;14;32,7;40,9;15,8;0;80,5;3,7;0;6,52;6,23;6,45;6,77
56251;0;421;0;0;0;6,4;81,1;18,9;2,8;34,6;36,7;23,3;2,6;0;0;36;45,3;16,1;2,6;0;0;0;3,3;14,1;42,6;40;16,4;0;76,8;6,8;0;6,45;6,05;6,35;6,73
56260;0;6414;26;0,7;0,3;7,4;97,6;2,4;6,7;21,1;32,9;28,7;10,6;4,6;2,7;24,1;49,2;18,5;0,8;0;0,2;40,9;21;13,6;16,5;7,9;4,8;50,3;40,4;4,3;0,2;5,52;4,42;5,2;6,45
57019;0;1452;94;0,8;0;5,2;70,1;29,9;2,9;14,9;42,3;32;7,9;0;2,1;16;50,3;24,3;6,4;0,8;29,5;32,4;16,5;4,1;7,2;10,4;5,2;72,1;17,3;2,2;3,2;5,77;4,83;5,77;6,86
57032;0;505;0;2,6;2,3;6,2;97,7;2,3;2,2;21,4;36,1;34,4;5,9;0;0;34,5;44,7;17,8;3;0;3,9;46,7;19,4;4,3;12;13,8;9,7;54;33,1;0;3,2;5,88;4,69;6,13;6,88
57058;0;2045;0;2,3;2,1;11,8;95;5;0;5,3;41,1;41,8;11,9;0;0;30,4;54,5;14,4;0,7;0;0;89,2;3,5;0;0;7,3;3,1;0;84,2;2,1;10,6;5,88;5,51;6,01;6,26
57089;0;241;0;13;5,4;10,1;44,6;55,4;0;0;19,8;43,3;36,9;0;0;6,3;21,1;62,4;10,1;0;4,4;10,3;66,7;18,7;0;0;6,2;51,2;42,5;0;0;4,78;4,43;4,6;4,88
57160;0;1948;21;7,7;6,6;9,2;79,2;20,8;1,9;8,2;30,4;35,8;23,7;0;1,8;13,2;44,7;31,7;6,9;1,5;2,8;59,9;26,4;6,8;2,9;1,1;0,9;53,8;36,8;3,7;4,8;5,21;4,15;4,83;6,2
57206;0;1687;0;1;0;7,2;92,1;7,9;2,4;12,3;39,4;32,5;13,3;0;1,7;22,8;51,1;21,9;2,5;0;1,5;63,5;3;1,7;23,4;6,9;6,1;63,5;27,8;0,9;1,7;6,05;5,4;5,95;6,84
57207;0;1473;0;2,6;1,6;8,1;96,1;3,9;0,7;4,5;35;50,4;9,3;0;0;9;77,8;11,6;0,8;0,7;0;88,7;11,3;0;0;0;0,7;6,5;82,1;0;10,7;5,73;5,28;5,8;6,18
57209;0;678;0;5,6;4,3;10,9;76,7;23,3;0;8,7;32,1;37,3;21,8;0;1,7;9,1;48;38,6;2,6;0;0;63;10,4;10,9;4,3;11,4;5,4;18,8;46,6;0;29,2;5,87;5,45;6;6,51
57221;0;1030;11;1,1;0;8,5;81,6;18,4;5,8;16,6;34,6;35,3;7,8;3,2;2,8;16,3;50,2;21,5;4,9;1,1;5;35,9;15,3;12,2;23,9;7,7;11,6;49,9;38,5;0;0;6,02;5,21;5,93;6,82
57227;0;2944;18;4,8;3,3;9,4;90,2;9,8;1,5;9,6;30,4;40,6;17,9;1,3;0,4;19,7;50,4;24;3,4;0,8;15;67,5;9,8;4,4;2,8;0,5;3,6;41;27,6;2,2;25,6;5,53;4,66;5,51;6,34
57240;0;2350;54;6,8;5,4;8,5;80,2;19,8;2,3;15,5;34,6;35,2;12,3;0;2,6;20,7;44;25,9;5,4;1,4;14,8;29,9;45,8;2,6;3,7;3,2;1,5;26,5;40;4,3;27,7;6,08;5,17;6,23;6,87
57269;0;895;0;0;0;8,2;79,1;20,9;1,2;10,4;27,9;46,7;13,8;0;0;44,8;38,9;14,2;2,1;0;0;48,2;1,4;5,2;31,9;13,3;6,1;47,4;39,1;4,1;3,3;6,5;6,13;6,33;6,66
57283;0;1081;0;1;0;5,6;54,2;45,8;1,5;16,2;21,2;39,2;21,9;1,2;1;20;38,8;17,7;19;2,3;63,7;13,6;2,4;2,7;9,1;8,6;5,5;73,3;19,6;1,7;0;6,61;6,09;6,74;7,12
57306;0;1123;0;1;1;8,4;83,9;16,1;5,6;19,4;33,7;30,8;10,4;1;9,6;18,4;43,7;20,9;6,4;0;10,4;48,5;16,5;2,7;15,8;5,9;9,6;55,7;32,4;0;2,3;6,02;5,18;6,19;6,84
57323;0;128;0;0;;8,3;;0;8,4;8,4;21,4;34,4;27,5;0;8,4;8,4;23,7;41,2;18,3;0;0;0;;32,3;0;0;7,2;34,2;58,6;0;0;5,59;4,61;5,75;6,18
57332;0;1226;25;1,7;1,8;12,7;76,1;23,9;0;3,6;38;46,3;12;0;0;17,7;67,9;11,5;2,8;0;0;94,8;5,2;0;0;0;0;10,6;56,5;0;32,9;6;5,4;5,92;6,48
57336;0;521;11;9,1;8,9;12,5;42,9;57,1;3,1;7,3;41,3;40,6;7,7;3;2,4;7,3;67,4;17,1;2,8;0;2,3;58,1;39,6;0;0;0;0;15;52,1;0;32,8;6,18;4,72;6,18;7,67
57433;0;1040;0;1,4;0;6,5;86,6;13,4;2,4;18,9;29,2;37,6;11,9;1,1;1,6;24,6;45,1;23,1;4,4;0;1,3;33,8;0;7,8;37;20,1;8,8;31,6;49,6;6,8;3,2;6,93;6,5;6,94;7,24
57443;0;470;0;0;0;6,7;88,2;11,8;0;20,6;38,3;30,7;10,4;0;2,4;22;45,8;29,8;0;0;2,4;28;15,8;0;14;39,8;16,9;36,2;47;0;0;5,82;4,6;6,27;6,94
57447;0;856;84;4,1;2,5;9,1;88,5;11,5;1,5;28;38,3;25,5;6,7;1,3;0;27;43,1;24,5;2,5;1,7;0;33,6;7,2;10,4;13;35,7;13;36,7;50,4;0;0;6,33;5,27;6,43;7,06
57463;0;17275;84;5,1;2,8;7,6;97,4;2,6;14,1;16,5;31,2;27,3;10,9;9,6;5,2;24,6;37;17,4;5,1;1,1;8,5;47,7;15,9;13,2;7,2;7,6;5;51,8;33,2;6,2;3,8;6,13;5,27;5,93;6,84
57474;0;507;57;29,4;16,5;5,3;89,1;10,9;6,9;25,8;29,1;26,2;12;2,2;5,7;30,7;37,8;21,4;2,2;0;2,2;18,5;0;9,9;19,8;49,6;18,8;17;43,3;20,8;0;6,6;5,91;6,59;7
57480;0;3396;80;2,3;0,6;7;98,9;1,1;4,7;22,3;35,7;28,4;8,8;1,5;3;29;44,2;19,1;2,8;0,5;4,6;49;19;13,7;3,9;9,9;8,2;47,5;41,3;0,9;2,1;5,92;5,16;5,91;6,76
57491;0;404;0;19,2;19,5;17,1;90,6;9,4;3,3;19,8;47,2;16,3;13,3;0;2,7;45,1;30,5;18;3,7;0;13,6;48,3;0;3,5;10,6;24;12;0;82,2;0;5,8;6,06;5,22;5,84;6,67
57591;0;881;0;0;0;11,8;100;0;0;17,9;36,8;36,1;9,2;1,3;3;18,9;57,1;18;1,6;0;3,1;70,7;2;0;10,6;13,6;7,7;53,2;22,4;2,4;14,3;5,95;5,08;5,41;6,79
57606;0;2480;39;9,4;7,4;11,3;89,1;10,9;4,7;10,3;38,2;34,6;12,3;3,1;1,9;19,2;49;21,6;4,2;1;6,4;66;13,6;7,4;5,8;0,7;2,6;32,3;34,5;5;25,5;5,8;4,91;5,9;6,53
57630;0;696;0;4,8;2;6,7;88,8;11,2;5,3;11,6;29,1;40,6;13,4;0;2,8;12,7;43,4;31;10,1;0;10;36,1;36,2;7,3;7,4;3;3,6;57,4;38,9;0;0;5,04;4,35;4,96;5,75
57631;0;1888;19;4,8;3,2;6,6;90,8;9,2;1,9;13,8;34,5;36,8;13;0;1,9;19,9;54,4;17,1;5,4;1,3;13,5;48,3;24,3;8,5;3,3;2,1;6,2;62;30,1;1,6;0;5,28;4,75;5,08;5,71
57660;0;2383;0;4;2,9;8,9;85,8;14,2;2,4;14,9;44;30,1;8,6;0,5;1,9;20;52,3;21,5;3,3;0,5;12;40,9;37,8;3,1;4,3;1,9;0,8;37,8;23,2;3;35,2;5,6;4,65;5,67;6,51
57663;0;754;0;3,7;2,5;6,7;93;7;8,1;8,5;33,6;36,3;13,5;4,7;3,8;10,8;60,9;19,7;0;0;0;68,7;8,1;1,7;14,3;7,2;4,2;66,6;25,8;1,4;2;5,31;4,48;4,89;6
57666;0;891;0;2,7;0;4,5;85,5;14,5;0;13,3;45,8;31,6;9,3;0;0;20,7;44,3;27,4;6;1,6;5,9;40;24,1;11,4;8,1;10,5;6,3;51,4;36,9;0;5,3;5,78;4,94;5,47;6,62
57672;0;5468;88;1,7;1,1;7,2;96,5;3,5;6,7;18,7;37,9;26,7;10,1;3,7;3,9;30,1;41,6;16,7;3,3;0,7;9;53,4;10,7;5,2;4,2;17,6;4,8;60,1;26,5;4,6;3,9;6,42;5,46;6,35;7,19
57751;0;3070;0;1,4;0,4;6,3;92,8;7,2;5;12,8;34,5;33,6;14,1;0,4;3,3;15,9;53,4;23,3;2,5;1,2;2;62,2;15,7;6,8;8;5,2;1,2;71,2;23,5;3,1;1;5,6;4,76;5,36;6,17
57757;0;1746;54;2;1,2;7,7;90,2;9,8;0;18,5;43,3;29,7;8,5;0;0,6;26,5;53,9;15,7;3,4;0;13,9;43,2;3,8;5;7,6;26,4;17,4;15,6;64,4;0,9;1,8;6,52;5,62;6,64;7,18
58059;0;416;0;5,7;2,8;10,2;87,6;12,4;4,8;18,4;40,7;26,9;9,2;3,2;0;26,2;51,7;15,8;3;0;5,4;54,1;23,3;3,2;8,4;5,7;5,5;74,8;19,7;0;0;4,92;3,87;5,09;5,78
58079;0;662;0;8,5;6,3;14,5;84,5;15,5;6,2;14,6;42,8;27,8;8,6;1,9;3,6;27,2;49,9;17,4;0;0;21,1;36,6;22,3;12,1;3,4;4,3;4,9;48;38,2;0;8,9;5,45;4,53;5,61;6,22
58086;0;972;28;15,7;14,1;9,3;88,3;11,7;8;22,2;38,5;24,8;6,3;1,4;5,1;23,7;54,9;13,8;1,1;0;3;51,7;27,7;7,3;7,3;3;6,3;59,9;32,2;0;1,5;5,35;4,56;5,24;5,97
58095;0;445;0;2,7;2,6;14,5;94,7;5,3;2,7;23;38,8;28;7,4;0;0;31,1;60,2;8,7;0;0;0;64;14,4;16;5,6;0;6,3;61,1;32,6;0;0;5,68;4,97;5,91;6,37
58117;0;615;20;2,6;2,6;11,1;85,3;14,7;2,8;28,5;41,5;22,6;4,6;0;8,5;35,5;46,5;7,7;1,7;0;2,4;63,9;7,2;9,9;8,3;8,2;9,5;42,2;48,4;0;0;5,37;4,73;5,3;6,08
58134;0;339;0;4,2;0;17,2;96,6;3,4;23,9;19,4;38,3;18,3;0;21,6;4,6;24,5;38,6;10,7;0;0;0;37,8;53,6;5,2;3,4;0;0;96,5;3,5;0;0;5,1;4,73;4,94;5,31
58194;0;5758;0;9,3;7,7;10,3;91;9;7,1;17,6;42,5;26,3;6,5;3,6;4,4;29,2;48,5;12,8;1,3;0,2;3,8;60;16,1;12,3;5,8;2;2,2;60,9;34,1;1,3;1,4;5,49;4,84;5,18;6,05
58303;0;1047;0;1,3;1,2;11,5;85,9;14,1;1,2;20,3;41,7;33,1;3,7;0;1;22,7;57,2;17,8;1,2;0;5,6;31,5;37,2;8,5;16;1,1;4,1;46,2;47,4;1,2;1;5,8;5,07;5,71;6,3
59008;0;1278;0;0,9;0;7,4;30,1;69,9;1,4;20,4;28,5;36;13,7;0;0;22;43,3;29,3;3,9;1,4;13,3;21,8;27,5;14,5;17,8;5;7,5;27,9;62,3;2,3;0;6,27;5,63;6,4;6,91
59009;0;13202;277;1;0,2;13,3;91,4;8,6;25;17,3;30,5;20,3;6,9;18,8;5,5;17,5;38,8;16,1;2,8;0,5;0,1;30,9;39,5;8,5;5,7;15,2;1,3;46,2;39,2;11,6;1,7;6,07;5,25;5,87;6,73
59011;0;728;0;1,8;0;7,1;69,9;30,1;7,6;26;35,5;24,3;6,7;6,1;3,7;28,5;35,2;24,9;1,7;0;0;30,6;36,8;9,8;4,6;18,1;5,8;55,5;34,1;3,2;1,5;5,9;5,1;5,74;6,64
59014;0;1799;0;0,9;1;7,1;53,8;46,2;3,8;17,4;38,1;30,7;10,1;0;3,4;28,1;45,1;18;3,8;1,5;20,8;33,3;22,1;1,9;19,8;2,2;7,5;47,8;41;3,7;0;6,27;5,77;6,18;6,8
59017;0;3507;72;0,7;0,4;6,8;70,6;29,4;3,3;22,8;34,3;30,3;9,3;1,4;3,1;19,1;48,2;25,3;2,6;0,4;8,6;11,5;35,3;8,4;9,9;26,2;9,3;28,2;53,5;7,1;1,8;6,15;5,34;6,09;6,74
59028;0;1220;0;5;1,9;6,9;22,7;77,3;2,5;10,2;42,7;30,7;13,9;0;1,9;18,7;51,8;20,3;7,2;0;31,2;16,4;31,4;8,8;7,8;4,4;4,5;17;72;6,5;0;6,35;5,75;6,4;6,91
59032;0;951;0;1,3;0;8,4;85,7;14,3;20,6;18,3;34,6;19,1;7,4;13,8;6,4;21,7;48,3;3,6;6,3;0;0;50,5;26,1;20,8;2,6;0;0;77,8;22,2;0;0;6,62;6,12;6,55;6,92
59033;0;1543;28;0,7;0;9,1;56,7;43,3;11;15,7;33,8;31,7;7,8;0;9,5;18,8;41,5;24,6;5,6;0;7,2;40,4;22,3;2,2;16,5;11,4;4,7;47,7;42,9;4;0,7;5,77;5,2;5,74;6,32
59036;0;662;0;8;5,1;6,7;90,2;9,8;4,4;22,3;20,1;38,3;14,9;0;4,1;26,8;47,6;19,7;1,8;0;0;67;24,3;2,7;6;0;1,8;71,7;24,2;2,3;0;5,52;4,97;5,38;6
59043;0;1278;0;1,2;0,9;8,5;39,7;60,3;1,3;17,3;26;41,7;13,6;0;1,3;24,4;40;31,9;2,4;0;13,6;26,2;28,4;10,3;9,2;12,3;5,1;40,8;47,9;3,5;2,7;5,32;4,79;5,45;6,18
59051;0;815;0;0;0;11,1;82,4;17,6;2,2;35,9;38,5;18,4;4,9;1,3;4,5;32,5;39,5;20,6;0;1,7;0;26,2;27,9;12,3;19,5;14,1;6,9;13,4;67,7;9,9;2;6,51;5,57;6,37;7,14
59052;0;459;0;0;0;4,8;11,1;88,9;2,4;15,9;33,9;35,7;12,2;0;2,2;16,9;37,6;37,1;3,7;2,4;18,6;0;22,9;10,9;25,1;22,5;8,1;21,7;67,8;2,3;0;6,24;5,42;6,6;6,92
59079;0;1243;0;2,7;1,2;7,5;48,1;51,9;2,4;25,9;37,1;20,8;13,8;0;2,2;25,1;44,4;23,1;4,1;1;3;41,8;21,2;0,9;25,5;7,6;0,9;45,6;44,2;6;3,3;6,56;6,15;6,39;6,74
59090;0;630;0;0;1,7;6,8;70;30;0;35,9;37,1;21,9;5,1;0;1,9;35;41,7;15,9;3,3;2,2;0;7,5;14,8;9,3;19,8;48,7;17,6;7,9;62,9;11,5;0;6,72;5,79;6,57;7,25
59094;0;747;12;1,6;0;6;29,4;70,6;4,8;18,2;19,9;39,6;17,4;0;3,5;20,4;35,7;36,9;3,6;0;7,2;27,8;16;6,2;30,9;11,8;9,8;27,8;59,5;1,5;1,5;5,96;5,26;6,08;6,62
59112;0;1536;0;0,9;0,8;6,9;31,5;68,5;2,1;24,5;33,3;34,4;5,7;0,7;2,5;30,2;39,1;25,6;0,8;1;35;23,3;18,2;4,2;15,8;3,6;4,2;28,8;61,3;5,7;0;6,45;5,88;6,51;7,04
59122;0;3060;15;1,8;1,5;8,5;71,8;28,2;3,6;18,4;39,1;27,8;11,1;2,2;1,5;26,9;48;19,3;1,7;0,4;6,5;50,5;9,1;17,6;12,4;4;5,4;47,9;42,2;3,7;0,8;5,64;4,98;5,49;6,31
59131;0;1217;20;0;0;10,3;74,8;25,2;2,7;22,6;38,1;24,4;12,3;0;1,1;22,5;42;26,8;6,8;0,9;2;19,9;50,8;9,8;7,8;9,8;5,3;21;71,4;2,3;0;5,94;5,32;5,81;6,42
59136;0;434;0;2,9;0;13,7;79,1;20,9;4;38,1;29,3;16;12,6;0;0;37,4;33,9;23,1;3,1;2,6;2,8;11,7;59,9;9,2;0;16,5;7,3;41,7;51,1;0;0;5,75;5,19;5,94;6,25
59139;0;1293;0;1;0,9;9,2;71;29;6,5;13,4;42,7;27,6;9,8;0;4,8;21,2;49,6;20,6;2,6;1,2;1,4;38,6;24,9;9;19,7;6,4;2,5;55,5;38,8;2,2;1;5,34;4,58;5,51;5,99
59143;0;882;28;1,4;0;6,1;57,3;42,7;1,5;23,8;38,7;31,3;4,7;0;1,5;23,9;40,5;27,6;6,5;0;3,9;7,1;30,3;7,4;23,2;28;9;32,2;51,1;7,6;0;6,11;5,39;6,23;6,91
59152;0;1452;0;1,1;0;8,1;50,2;49,8;2,2;21,8;27,8;37,5;10,8;0,8;3,3;27,6;46,3;15,8;6,2;0;1,4;44,7;20,2;4,2;9,4;20,1;5,5;57,9;30,1;1,9;4,5;6,26;5,75;6,24;6,74
59153;0;1918;0;1,9;0,9;9;32;68;1,7;14,6;31,3;41;11,3;0,6;0;23,4;58,1;16,9;1,1;0;33,8;45,6;16;2,2;2,4;0;2,3;43,6;48,4;5,1;0,6;6,31;5,51;6,29;7,06
59155;0;2912;0;0,5;0;7,1;67,2;32,8;2,2;14,2;36;38,8;8,8;0,5;2,2;23,5;53;18,5;2,4;0;13,5;39;28,3;8,1;6,2;5;4,3;53,5;36,8;0;5,4;5,96;5,28;6,03;6,66
59163;0;2373;48;1,6;0;7,8;85,3;14,7;18,4;26,5;34,7;14,5;5,9;14,2;3,9;30;33,7;14,6;2,6;0,9;4,5;34,5;21,2;9,9;21;8,9;5,2;35,4;42,1;2,3;15;6,47;5,72;6,43;7,03
59165;0;642;0;2,6;2,5;7,6;73,8;26,2;3,2;27,3;33,2;25,2;11,2;1,9;3;35,5;31,8;23;4,8;0;0;35,5;29,3;7,1;15,3;12,7;7,8;33,1;57,1;0;2;6,65;6,12;6,73;7,2
59170;0;883;0;5,9;4,5;12,1;30,5;69,5;0;18,8;32,8;40,3;8,1;0;1,2;18,4;42,9;34,1;3,4;0;40,8;10,1;16,1;5,9;20,3;6,7;7,2;8,4;78,2;6,2;0;6,42;5,79;6,53;6,9
59172;0;2703;59;1,7;1;5,4;33,1;66,9;0,8;19,9;30,7;37,2;11,5;0,4;2,5;18,9;46,5;27,9;3;0,8;37,2;12,5;14,6;6,7;17,7;11,2;10,7;26,7;54,9;7,6;0;6,17;5,6;6,27;6,7
59178;0;7226;77;2,8;1,7;9,5;62,5;37,5;4,9;21,5;34,6;29,1;9,9;2,4;3;25,8;42;20,7;5,2;0,9;17,5;32,6;23;13,2;8,3;5,5;5;36;50;7,2;1,8;6,52;5,83;6,41;7,09
59179;0;1670;0;0,9;0,7;8,2;58,1;41,9;8,8;17,2;35,6;26,9;11,6;0;9,2;15,9;41;29,2;4,7;0;5,6;47,8;22,5;0;23,3;0,8;2,2;57,8;37,2;0,8;2;5,94;5,36;6,18;6,64
59183;0;14095;21;0,7;0,2;7,1;87,6;12,4;4;17,7;35,6;32,5;10,2;0,3;3,2;24,2;48,4;19,6;3,3;1;4,8;47,2;21,2;9,8;11,4;5,5;5,4;52;38,2;1,9;2,6;5,97;5,33;5,9;6,54
59205;0;1358;0;1,4;1,3;8,2;16,5;83,5;0;13,6;21,6;61;3,8;0;1,5;15,3;57,7;22,1;1,5;1,8;65,5;4,2;12,5;2,6;7,9;7,3;5,1;32,3;55,9;5,9;0,8;6,37;5,71;6,46;6,93
59212;0;455;0;2,5;0;6,3;31,2;68,8;2,5;22,1;20,7;36,9;17,8;0;0;28,1;28,1;40,3;3,4;0;12,4;26,3;21,6;9,2;10,3;20,2;10;33,2;56,8;0;0;5,51;4,98;5,57;6,01
59220;0;1448;25;0,8;0;9,4;78,2;21,8;3,2;30,1;38,3;21,8;6,6;2,1;1,6;31,8;46,6;15,9;2,1;0;4,3;12,3;21,9;15;19,9;26,6;12,4;19,7;58;4,6;5,3;6,78;6,32;6,78;7,2
59225;0;684;0;0;0;8,8;54,1;45,9;8,3;15,8;31,1;31,1;13,7;0;3,6;25,5;44,9;21,2;4,7;0;0;45,2;35,2;2,3;7;10,2;2;44,6;48,1;5,2;0;6,01;5,53;6,02;6,47
59227;0;551;11;7,8;5,2;6,8;5,9;94,1;0;5,4;12,7;76,6;5,2;0;0;5,3;62,2;30,3;2,2;0;62,8;3,1;12,7;3,8;3,8;13,8;5,9;30,8;56,6;6,6;0;6,14;5,5;6,06;6,69
59230;0;455;0;0;2,8;11,4;43,9;56,1;2,5;23,5;21,3;32,8;19,9;0;2,8;24,4;41,8;21,6;6,4;3;2,4;31;41,8;16,1;2,4;6,4;2,3;31,9;53,9;11,8;0;5,78;4,89;5,99;6,5
59234;0;800;0;1,6;0;6;31,4;68,6;1,8;14,9;47,2;29;7;0;1,8;31,9;41,6;23;1,8;0;29,8;3,4;19,2;13,1;29,3;5,3;8,6;21,5;69,8;0;0;6,36;5,9;6,42;6,86
59239;0;330;84;0;0;14,6;77,7;22,3;0;28,8;48,2;17,7;5,4;0;0;30,7;48,7;20,7;0;0;0;0;29,6;10,4;5,7;54,4;19,5;0;76,2;4,2;0;6,51;6,09;6,54;6,88
59249;0;1853;0;0,7;0;9,7;68,7;31,3;5,2;15,3;33;26,2;20,3;0,6;6,1;28,2;36,3;21,1;7,6;0;0,9;59,1;27;1,8;8,9;2,3;1,5;62,7;26,3;0;9,5;5,33;4,96;5,2;5,69
59253;0;779;13;0;1,6;5,7;38,6;61,4;1,4;25,6;36,8;29,6;6,7;3,3;4,1;24,1;53,2;12,2;1,6;1,5;25,1;33;5,7;0;22,1;14,1;10,3;19;64,7;6;0;6,47;5,88;6,55;6,92
59268;0;384;0;3,4;2,8;6,3;27,4;72,6;0;28,2;33,6;30,3;7,9;0;0;29,7;40,1;30,2;0;0;0;2,8;50,6;14,8;17,1;14,6;7,2;16,2;76,7;0;0;6,2;5,92;6,13;6,73
59271;0;4916;14;0,6;0;7,1;74,7;25,3;2,5;13,5;32,9;35,2;15,9;0,2;2,1;13,1;46,8;27,9;7,6;2,4;0,3;39,2;25,9;8,2;19,8;6,6;3,7;45,7;45,4;4,8;0,4;5,87;5,11;5,89;6,48
59272;0;693;0;0;0;7,4;43,6;56,4;2;15,2;26,3;35,1;21,4;0;1,8;20,1;47,3;28,4;2,5;0;2,2;52;21,7;6,7;3,3;14;8,6;58,2;31;2,1;0;5,45;4,71;5,46;6,26
59273;0;1898;0;0;0;7;50,8;49,2;2,9;19,4;23,1;30,8;23,7;0,6;2;19,2;37,9;32,1;6,9;1,3;2,7;28,7;38,6;9,8;10,4;9,8;5,8;30;54,7;2,4;7,1;5,92;5,27;5,9;6,47
59276;0;1004;0;3,5;2,1;7,3;10,3;89,7;0;15,7;34;31;19,3;0;1,2;23,8;38,4;32;4,6;0;33,9;23,2;29,2;4,8;7,2;1,6;5,3;15,6;67,2;12;0;6,54;5,87;6,53;7,25
59279;0;2052;28;1,5;0,6;8,3;69,4;30,6;2,6;28,2;37,1;17,8;14,3;0;2,4;30,6;40,2;22,1;4;0,6;0,8;16,2;29,4;13;24;16,6;8,8;33,3;52,6;3,8;1,5;6,66;6,04;6,61;7,04
59286;0;1872;0;0,6;0;6;78,1;21,9;3,5;22,6;42,4;24,7;6,7;1,5;1,8;23,4;60,5;11,5;1,4;0;1,8;68,7;11,1;4;8,9;5,5;3,1;72,1;17,9;5,3;1,5;6,16;5,69;6,03;6,62
59291;0;2098;0;1,3;0,6;7,5;58,8;41,2;3,8;15,3;34,6;33,6;12,7;0,7;3,8;16,9;39,8;31,3;5,7;1,7;2;38,2;20,3;6,3;26,7;6,5;3,2;44,1;48,3;2,6;1,8;5,76;5,18;5,86;6,35
59295;0;1982;29;1,7;0,6;6,4;58,8;41,2;2,8;15,6;35,7;31,4;14,5;0,6;2,5;20,9;48;22,5;4,9;0,6;6,2;39,7;12,8;7,4;6,8;27,1;12;45,3;38,9;3,7;0;5,6;4,91;5,59;6,26
59299;0;2226;0;0,5;0;3,6;36,2;63,8;0;18,3;23,9;33,6;24,2;0;0,7;22,5;41,7;24,7;9,7;0,7;1,1;76,2;1,6;0,5;17,1;3,5;0,5;76,1;18,7;2,3;2,4;5,69;4,96;5,47;6,16
59317;0;555;14;2,4;0;3,4;52;48;2;13,4;38,7;40,1;5,7;0;2;22,3;32,6;43,1;0;0;6,5;14,1;34,6;8,8;16,3;19,7;9,9;19,3;64,6;4,3;1,9;6,25;5,65;6,2;6,84
59324;0;1752;30;0,9;0;9,2;63,8;36,2;6,2;17,1;33,6;28,4;14,7;1;4,4;20,6;39,3;30,6;3,3;0,8;1,7;44,5;19,4;3,4;17,6;13,4;6;59,7;30,4;2,9;1,1;5,63;4,86;5,7;6,28
59327;0;1467;18;4;2;6,7;16;84;0;26,2;40,2;26,3;7,3;0;1,5;27,9;49,7;16,1;2,9;1,7;17,1;39,7;21,5;2,4;10,2;9,1;8,1;5,9;76,6;8,5;0,9;6,26;5,52;6,39;6,94
59328;0;2008;45;1,7;0,8;6,3;82,1;17,9;3,5;25;36,3;28,7;6,5;1,8;3,4;39,7;40,1;11,6;3,5;0;4,4;44,6;8,5;7,4;29,8;5,5;5,5;46,6;34,1;10,1;3,7;6,75;5,94;6,51;7,12
59329;0;545;13;4,4;4;10,2;30,7;69,3;0;21,6;30,3;42,4;5,8;0;0;20,6;35,7;40,5;3,2;0;18,8;10,6;16,4;9,7;28,9;15,5;4,6;14,4;63,2;12,3;5,6;6,79;6,27;6,79;7,37
59339;0;668;0;0;0;5,6;46,2;53,8;0;36,7;32,7;25,9;4,8;0;0;34,9;46,1;17,4;1,6;0;1,6;33,8;8,4;12;30,9;13,3;4,5;35,8;57,9;0;1,9;6,53;5,79;6,56;7,02
59340;0;471;0;0;0;2,9;28,7;71,3;6,2;12,8;20,9;28,7;31,5;3,9;3,7;11,4;39,5;41,5;0;0;5,8;54,3;8,9;13,9;5,8;11,2;5,4;55,9;38,8;0;0;5,55;4,74;5,36;6,42
59343;0;913;0;1,2;0;9,2;72,9;27,1;1,3;34,4;38,8;20,7;4,8;0;1,3;34,1;43,7;18,5;1,2;1,2;2,9;4,6;15,5;12,1;19,5;45,5;12,1;14,1;69;4,9;0;6,7;6,06;6,75;7,24
59350;0;33202;302;1,2;0,3;7,8;92,1;7,9;10,5;25,3;35,5;20,5;8,1;5,4;7,2;30,6;39;13,6;3,3;0,8;5,8;33,1;22,9;13,7;13,2;11,4;5,6;39,7;43;4,3;7,4;6,39;5,51;6,22;7
59352;0;828;86;0;0;9,2;66,6;33,4;1,8;37,5;33,3;20,1;7,3;0;1,4;40,4;37,1;15,9;3,2;1,9;0;10,4;35,6;12,3;12,3;29,3;9,2;27,3;52,6;9,5;1,3;6,72;6,02;6,62;7,21
59359;0;681;0;0;0;3,9;29;71;0;19,7;26,4;31,9;21,9;0;0;16,3;40,7;35,9;5,6;1,6;1,9;20,2;26,3;19,2;20,1;12,3;14,2;17,4;66,8;0;1,6;6,03;5,44;6,21;6,61
59360;0;3976;0;3,3;2,4;7,1;94,3;5,7;11,5;28,8;30,8;23,5;5,4;10,3;1,5;30,4;43,3;13,9;0,7;0;1,1;52,5;4,6;4,3;21,7;15,7;4,7;47;34,1;13,7;0,5;6,29;5,51;6,15;6,88
59365;0;994;0;1,3;1,8;9,9;79,2;20,8;9,1;14,5;35,4;31,4;9,7;0;9,3;14,7;50,3;21,4;3,2;1,2;0;41,6;36,8;1,2;9,3;11,1;1,5;59,9;35,8;1,7;1,1;5,94;5,43;5,95;6,42
59367;0;1494;0;1,1;0;6,3;79,5;20,5;5,6;30,1;32,6;24,8;6,8;2,3;2,7;34,8;40,6;16,6;3,1;0;0,9;56,7;4,6;6,1;15,6;16,2;5,2;57,6;31,3;5,9;0;6,07;5,34;5,85;6,62
59368;0;2703;35;1,3;0;6,4;89,7;10,3;7,3;27,9;37,7;21,2;5,9;2;6;32;43;13,4;3,1;0,4;4,9;38,1;16;13,5;13,2;14,2;5,2;41,8;42,5;4,6;5,9;6,88;6,17;6,74;7,47
59378;0;3255;0;0,4;0;6,7;86,3;13,7;3,8;29;34,9;26,4;6;0,8;2,9;36,6;44,3;13;2,3;0;3,4;39,4;19,8;5,6;17,7;14,2;5,1;44,3;38;11;1,6;6,73;5,58;6,6;7,49
59383;0;1627;11;3,2;1,1;8;70,9;29,1;3;18,2;41,1;25,3;12,4;0,9;2,2;23,9;57,3;11,2;1,8;2,7;1,7;57;4,2;8,4;18,5;10,2;6,7;61,4;26,7;3,6;1,5;6,51;5,87;6,55;6,94
59386;0;1344;13;1,1;0;8,2;84;16;2;32,2;37,4;21,6;6,8;0;2,1;32,5;44,9;18,8;1,8;0;4;22;20,7;8,6;8,5;36,3;12,3;21,6;57,1;8,2;0,8;6,42;5,65;6,19;6,84
59392;0;4863;158;0,5;0,3;9,8;76,6;23,4;6,9;18,8;35,5;29;9,8;2,9;4,4;26,1;41,9;21,5;2,4;0,9;2;45,4;30,4;6,5;5,7;10;2,6;60,6;32,5;4;0,3;5,8;5,21;5,8;6,31
59400;0;792;91;0;0;6,9;23,9;76,1;1,4;17,7;33,6;26,3;21;0;0;18,1;48;27,6;4,2;2,2;6,3;23,2;23,4;5,3;18,4;23,4;10,8;30;55,2;1,4;2,6;5,49;4,83;5,54;6,12
59410;0;3296;118;1,3;0,6;6,5;94;6;1,1;18,7;40,2;29,6;10,4;0,4;1,4;19,6;58,4;16;3,4;0,9;0,6;83,6;1,2;1,7;5,5;7,4;2,2;84,3;10,4;1,3;1,8;5,95;5,24;5,74;6,39
59414;0;847;0;4,1;2,3;8,7;20,7;79,3;0;22,7;42,6;28;6,7;0;0;40,5;40;15,6;4;0;28,6;29;27,8;7,8;3;3,9;3,5;12,2;82,7;1,6;0;6,35;5,79;6,45;6,99
59421;0;813;56;0;0;8,8;60;40;2;24,1;36,1;34;3,8;0;1,8;23,6;42,5;29;1,7;1,3;4,6;26,9;10,4;3,4;35,3;19,3;9,8;25,2;59,4;3,3;2,2;6,43;5,51;6,45;7,02
59426;0;651;40;0;0;6,2;55,9;44,1;0;36,8;37,7;18,5;7,1;0;0;37,4;42,9;14,8;3,1;1,8;1,7;13,7;18,2;12,8;31,3;22,3;11,5;24;58,9;3,9;1,8;6,52;5,8;6,64;7,17
59431;0;811;49;1,4;0;8,3;62,5;37,5;0;23,1;40,1;26,7;10;0;5,3;27;45,7;18,9;3,2;0;2,3;61,7;7,9;2,1;10,3;15,7;5,3;68,4;20,2;3,7;2,3;5,42;4,81;5,19;5,79
59447;0;1222;0;4,8;4;7,8;18,7;81,3;1,1;22,2;33;39,2;4,7;0;6,4;25,3;49,9;14,1;1,7;2,6;37,8;29,1;15,1;1,4;11,8;4,8;4,3;21,1;68,3;6,3;0;6,48;5,86;6,51;7,04
59449;0;1121;87;1;0;5,9;62,9;37,1;1,2;25,4;39,4;23,8;10,2;1,3;1,8;22,2;47,5;24;3,1;0;0;6,3;24,1;12,7;25,6;31,4;13;11,3;65,7;7,3;2,6;6,32;5,93;6,25;6,7
59452;0;931;11;3,8;0;9,5;7;93;0;10,3;26,2;43,2;20,3;0;0;12,2;59,7;25,2;1,2;1,7;58,9;5,1;6,1;8,7;13,7;7,5;9;4,7;79,7;6,6;0;6,5;5,94;6,65;6,97
59456;0;1413;0;4,9;2,8;11,7;8;92;0;16,7;39,3;33,5;10,6;0;1,6;33,4;37,7;23,9;2,6;0,8;55;16,9;5,9;3,3;10,6;8,3;6,1;1,5;81,5;9,3;1,7;6,69;6,04;6,76;7,19
59457;0;657;11;0;1,9;6,2;75,4;24,6;5;31,7;37,2;21,3;4,9;0;1,9;32,5;43,4;16,3;4,2;1,6;2,2;15,2;29,2;17,8;14,9;20,7;7,7;14,5;68,5;7,6;1,7;7;6,22;6,87;7,9
59459;0;462;0;0;0;8,6;47,8;52,2;2,4;21,6;41,6;15,6;18,9;0;0;23;37,9;27;8,8;3,3;3,7;0;42,8;14;9,1;30,5;8,5;5,5;79,5;6,6;0;6,39;5,81;6,33;6,69
59482;0;513;0;2,4;0;3,7;45,3;54,7;2,5;27,5;28,2;16,3;25,5;0;2,3;30,1;26,6;24;17;0;5,8;6,5;29,6;20;17,3;20,9;11,2;18,9;64,3;3,2;2,4;6,45;5,86;6,52;6,93
59484;0;864;0;0;0;8,3;34,5;65,5;1,3;12,1;28,9;36,6;21,1;0;1,3;12,6;51;29,7;4,1;1,4;35;36,3;5,1;0;16,6;7,1;2,6;33,9;63,5;0;0;6,29;5,81;6,28;6,74
59491;0;2044;0;4,3;3,4;6,2;26,6;73,4;0,6;13,6;35,2;45,3;5,2;0;2,3;18,1;37,5;34,1;6,9;1,1;36,8;27,1;17;6,6;9,1;3,3;4,9;27;61,9;5,6;0,6;5,89;5,04;5,96;6,58
59507;0;2248;0;0,8;0;9,4;90,9;9,1;3,2;31,3;37,6;23,4;4,5;0;2,6;41,8;38,6;15,6;0,8;0,5;0,5;38,6;27;3,5;10,6;19,8;8,7;25,4;43,7;22,1;0;6,75;6,28;6,66;7,14
59508;0;1131;12;1,6;1;7;70,3;29,7;0;35,9;39,7;15,3;9,1;0;0;39,2;38,1;18;3,8;1;1,2;14,1;23,4;15;21,1;25,2;7,1;23,5;55,5;14;0;6,72;5,98;6,74;7,15
59509;0;812;0;0;0;7,6;12;88;0;15,5;45,4;30,7;8,4;0;1,3;25,2;46,3;25,9;1,3;0;13,8;28,7;13;17,8;14,7;12;7,8;12;68,9;9,1;2,2;6,66;6,17;6,64;7,17
59512;0;15322;48;1,1;0,4;6,9;84,6;15,4;9;26,1;38,7;19,2;6,9;3,1;6,9;35;34,1;16,3;3,5;1,1;8,2;45,3;21,5;7,1;10,2;7,7;4,8;48,4;38,4;4,4;4;6,22;5,53;6,13;6,83
59524;0;300;11;0;0;4,4;48,1;51,9;3,6;29,1;28,8;28,4;10,1;0;0;34,4;35,5;30,1;0;0;0;0;30,4;11,8;23,6;34,3;9,2;0;86,9;3,9;0;6,38;5,75;6,54;6,91
59526;0;1678;27;1,6;0;8,1;82,5;17,5;3,2;27,1;32,2;24,3;13,2;0;6;21,6;42,4;23,2;5,2;1,7;2,4;35,2;42,8;1,7;10,3;7,6;3,8;53,2;39,9;3,1;0;6,2;5,64;6,08;6,74
59527;0;1407;43;1;1;7;87,9;12,1;6;31,6;38,6;19,2;4,6;2;4,9;40,6;39,4;11,1;1,3;0,8;4,6;29,2;2,9;14,1;28,9;20,2;11,2;28,4;46,2;14,2;0;6,82;5,93;6,69;7,4
59544;0;1423;0;0,8;0;8,3;76,2;23,8;0,9;22;39,5;30,5;7;0;0;22,4;52,7;20,2;4,6;0;2,5;38,4;42,3;6;8,6;2,2;2,3;74,4;18,1;1,3;3,9;6,43;6,12;6,41;6,65
59553;0;240;0;0;0;6,8;35,6;64,4;0;24,1;29,3;33,6;12,9;0;0;24,7;39,7;27;8,6;0;0;0;10,7;15,6;36,2;37,4;16,5;0;65,4;18,1;0;6,54;5,67;6,47;7,12
59560;0;1784;35;0,7;0;6,3;74,3;25,7;4;30;33,1;25;8;1;2,1;30,4;39,1;22,7;4;0,7;0,8;16,6;31,3;12,4;19,1;19,8;10,4;36;47,7;4,1;1,7;6,07;5,16;6,02;6,79
59569;0;2197;0;2,2;0;6,4;47,5;52,5;1,2;24;33,7;32,7;8,4;0,5;1,6;34;37,8;20,4;5,1;0,6;11,3;45,5;14,2;6,9;12,4;9,7;5,5;27,5;58,2;7,1;1,8;6,49;5,82;6,48;7,08
59571;0;172;0;0;0;0;41,7;58,3;13,4;7,6;32,6;31,4;15,1;0;0;19,1;38,3;36,7;0;5,9;0;44,1;41,8;7,6;6,5;0;0;85,8;8,4;0;5,8;5,2;4,6;5,18;5,79
59574;0;1642;0;3,4;2,8;6,4;26,5;73,5;0;9,4;37,8;41,6;11,2;0;1,1;17,3;46,9;29,9;4,8;0;47,4;17,8;14,9;6,5;9,9;3,5;5,7;18,8;61;11,6;2,9;6,38;5,72;6,45;6,95
59586;0;322;0;0;0;6,2;74,9;25,1;0;45,5;32,7;17,2;4,7;0;0;42,4;36,4;13,5;4,6;3,2;0;9,8;11,7;6,7;13,3;58,4;16,3;9,2;60,2;14,2;0;6,59;5,86;6,49;7,18
59588;0;857;82;1,7;0;6,4;67,9;32,1;3,1;19,7;42;25,5;9,8;0;3,1;20,2;44;24,9;6,4;1,3;0;3;35,3;8;14,6;39,1;14,6;33,6;47,4;3,1;1,3;6,12;5,45;6,29;6,61
59599;0;12519;227;1,2;0,5;8,3;77,2;22,8;4,2;26,1;34,1;26,4;9,1;0,7;3,6;31,4;39;20,1;4,2;1,1;4,5;49,3;10,5;5,7;15,7;14,2;6,3;50,1;37,3;3,6;2,7;6,04;5,24;5,96;6,68
59603;0;603;0;0;1,8;6,3;40,6;59,4;1,9;27,2;40,3;24,1;6,5;0;5,4;20,4;47,9;23,7;2,5;0;8,2;15,2;32,9;19,5;16,7;7,5;11;16,2;69,6;3,3;0;6,6;6,09;6,73;7,04
59606;0;5868;68;1,8;0,9;8,9;74,4;25,6;12,7;24,1;33,2;22,3;7,6;6,4;7,3;28,4;37,3;17,3;2,6;0,6;9,4;33;8,6;20,4;18,5;10,1;4,4;34,8;51,3;6;3,5;6,32;5,5;6,2;6,85
59616;0;1421;0;0;0;4,9;18,5;81,5;1;19,7;30,6;41,9;6,8;0;2,6;27,9;49,6;15,9;3;1;28,6;36,1;9,2;7,1;11,6;7,3;3,7;43,9;48,8;3,6;0;6,24;5,4;6,22;6,89
59632;0;725;0;8,2;3,9;6;0;100;0;6,9;23,9;55,2;14;1,5;0;14,2;40,4;42,1;0;1,8;66;19;6,2;0;2;6,9;4,7;11,6;73,9;9,8;0;6,51;5,67;6,28;7,19
59636;0;1099;11;2,3;2,6;8,7;76,6;23,4;1,6;34,1;40,4;18,2;5,7;0;1,2;35,5;45,5;14,8;2;1,1;0;25,6;11,6;8,4;19,2;35,1;10,5;30,3;51;6,7;1,6;6,76;6,23;6,61;7,16
59646;0;1989;0;0,8;0;9,4;85,5;14,5;3,3;28,7;41,8;20,9;5,4;3,1;2,8;27,2;38,4;24,6;3,8;0;2,3;51,9;19,1;2,4;12,1;12,3;3,6;57,2;33;3,2;3;6,21;5,26;6,04;6,89
59648;0;1965;0;1,1;0,6;6,9;90,8;9,2;5,9;21;43,7;25,9;3,7;0;4,9;20,7;45,3;27;2,2;0;0;60,5;21,2;0;8,7;9,5;3,7;73,2;20,9;1,6;0,6;5,84;5,06;5,74;6,51
59650;0;5475;12;0,7;0,2;5,8;58,8;41,2;1,7;22,3;29,7;35,3;11,1;0;2,7;32,4;38,2;22,1;3,9;0,7;1,7;71,7;8;3,3;9,8;5,5;2,6;72,1;23,8;0,3;1,2;5,79;5,13;5,63;6,38
59653;0;668;0;0;0;11,6;59,2;40,8;1,8;27,1;36,7;26,1;8,2;0;0;31;44,3;19;3,7;1,9;3,6;17,3;52,3;6,1;9,4;11,2;5,3;54,5;38,2;2;0;5,77;4,97;5,45;6,6
59654;0;1231;0;1,2;0;7,2;16,5;83,5;0,9;16,9;26,2;43,3;12,7;0;0,9;20;32,3;40,7;5,3;0,9;33,7;18,9;6,3;25,3;9,9;5,9;10,6;2,9;85,5;1;0;6,59;6,08;6,72;7,3
59663;0;153;0;0;0;0;0;;0;9,5;24,6;54;11,9;0;0;7,5;36,6;44,7;11,2;0;0;10,5;23,7;21,1;32,9;11,8;10,2;8,3;72,6;0;8,9;5,74;5,41;5,87;6,12
60057;0;10016;120;2,8;2,1;7;90,3;9,7;9,5;17,7;34,9;28;9,9;4,3;5,6;27,7;43,9;15,6;2,6;0,2;1,2;52,2;14,2;14,8;11,6;6;2,4;48,9;37,1;10,5;1,1;6,1;5,12;5,95;6,85
60139;0;1297;0;0;0;5,1;73,3;26,7;4,8;14,2;33,1;33,4;14,5;0;4,3;15,3;40,9;32,4;7,1;0;13,1;21,3;20,6;20,2;11,8;13;3,9;31,3;46,8;14,8;3,1;6,65;5,46;6,53;7,16
60141;0;1229;0;1,3;1,1;8,2;94,4;5,6;3,4;20,8;41,2;25,3;9,3;1;2;39,6;44,7;11,7;0,9;0;2,3;55,3;29,9;3;0;9,5;2,4;65,8;23,5;3,3;5;6,45;5,46;6,28;7,06
60157;0;1603;0;1;0,7;9,9;93,2;6,8;4,6;28,6;36,8;24,9;5,1;0;3,7;34,3;49,4;11,4;1,3;0;0;37,1;19,6;28,4;1,6;13,4;3,4;43,2;47,5;2,9;3,1;6,26;5,47;6,25;6,79
60159;0;7011;59;3,3;2,7;7,1;97,6;2,4;11;17,2;33,3;28,6;10;5,6;5,2;28,7;44,8;13,7;1,8;0,2;0,2;62,5;17,6;3,7;13,2;2,9;1,1;64,5;21,4;10,2;2,8;5,82;4,94;5,47;6,48
60175;0;7456;0;0,8;0,2;6,2;97,9;2,1;4,6;16,6;39,4;30,4;9;2,1;2,9;21,2;47,2;23,2;3,2;0,2;1;55,9;26,1;7;6,7;3,3;1,7;66,5;29,1;2,5;0,2;5,74;4,84;5,53;6,62
60176;0;1496;22;1,4;1,7;7;89,7;10,3;5,4;18,1;39,7;30,8;5,9;0,9;3,4;27,4;48;17,8;2,4;0;0;51,4;27,5;4,8;4;12,2;3;54,3;36,5;6,2;0;5,76;4,9;5,4;6,37
60282;0;383;0;0;0;3,9;100;0;8,4;7,6;21,8;27,8;34,3;0;3,1;12,3;46,5;28,7;9,4;0;0;91,3;0;3;5,7;0;0;94,3;2,8;0;2,8;5,45;4,76;5,62;5,88
60346;0;335;22;0;0;10,5;78,8;21,2;0;12,4;42;36,4;9,2;4,4;0;20,1;50;25,4;0;0;0;25,9;61,4;0;3,8;8,9;0;33,9;58,6;3,8;3,8;6,41;5,38;5,89;6,76
60360;0;859;0;2,9;3,1;7,8;91,5;8,5;3,3;19;39;29,2;9,5;0;0;22,4;52,9;23,3;0;1,4;1,7;30,3;17,1;21,1;18,1;11,7;4,8;48,2;42,6;3;1,4;6,31;5,33;6,28;6,81
60382;0;902;77;3,1;2,2;5,7;80,6;19,4;3,7;23;36;26,1;11,3;0;2,8;27,4;41,1;19,1;8,1;1,5;0;9,9;13,7;26,8;26,8;23;3,7;14,1;52,5;27,1;2,7;6,88;5,9;6,78;7,54
60395;0;1648;0;2,3;1,8;5,6;84,3;15,7;4,3;23,8;34,4;26,9;10,6;0,8;3,6;23,1;46,9;23,2;2,4;0;0;36,2;33,6;11;10,5;8,7;2,9;43,8;48,2;3,5;1,5;5,99;5,13;5,57;6,62
60414;0;2236;0;1,9;0,9;6,6;92;8;4,4;14,9;35,9;28,8;16;3;1,4;25,4;43,6;21,2;4,7;0,7;2,3;73,7;2,6;8,7;8,6;4,1;1,9;76,5;12;6,3;3,2;5,2;3,95;4,88;6,02
60439;0;591;0;2;0;8,7;84,2;15,8;10,3;16,8;34;33,5;5,4;1,8;4,2;21,3;47,1;25,6;0;0;0;39,9;32,5;9,3;12,9;5,4;0;54,1;36,4;9,5;0;6,03;5,05;5,56;6,87
60463;0;3268;11;1;0,4;6,1;92;8;5,4;19,1;36,3;29,9;9,2;0,9;3,4;21,5;48,1;21,9;3,7;0,4;4,8;25,3;27,5;5,8;12,6;24;7,4;40,6;40,2;6,6;5,1;6,43;5,53;6,27;7
60471;0;2140;0;2,7;2,4;8,7;87,2;12,8;3,6;19,7;41,6;27,4;7,7;0,5;2,7;24,6;54,1;16;2,1;0;0;43,1;34,3;8,6;12,7;1,4;2,1;61,3;30,4;4,2;2;5,58;4,79;5,38;6,32
60509;0;1955;15;2,5;1;9,6;88;12;5,6;23,2;37,4;27,8;6,1;0,9;6,8;34;47,6;9,9;0,8;0;0;45,8;26,7;11,4;9,3;6,8;2,3;50,1;40,8;5,5;1,3;6,46;5,56;6,19;7,12
60612;0;1928;17;0,8;0,7;9,3;96,1;3,9;3,4;15,8;36,7;31,4;12,7;0,6;3,5;23,3;55;14,6;2,9;0;0,6;58,3;23;9,5;0,9;7,7;1,1;64,1;17,9;13,4;3,5;6,43;5,12;5,8;7,34
60684;0;809;0;1,7;1,5;4,3;91,1;8,9;4,3;15,1;28;42;10,6;0;2,1;21,3;44;31,3;1,3;0;0;51,9;14,1;22,9;11,1;0;1,6;56,2;37,1;5,1;0;5,98;4,94;5,7;7,05
61001;0;5387;11;3,5;1,7;13,3;87,7;12,3;6,7;22,3;37;26,4;7,6;2,9;5,1;33,1;43,5;13,9;1,5;0;4,8;57,9;23,6;2,7;4,9;6,1;1,3;75,1;18,9;2,7;2,1;5,42;4,75;5,18;5,93
61006;0;3108;0;3,8;2,2;12,8;79,2;20,8;4,9;16,9;36,5;30,7;11,1;2,4;3,2;27;44,3;20,8;1,9;0,5;1,9;68,8;16,1;8,9;3,5;0,7;1;74,8;22;1,2;1;5,23;4,59;5,2;5,76
61168;0;604;0;5,8;3,5;12,8;75,7;24,3;4,8;23,4;33;30,3;8,5;0;2,4;33,7;52;11,9;0;0;0;56,4;29,3;12,5;0;1,8;3,7;67,8;28,5;0;0;5,22;4,44;5;5,73
61169;0;2256;0;4,2;2,1;10,3;87,6;12,4;7,7;21,5;35;30,1;5,7;2,6;5,2;29,2;51,8;9,8;0,9;0,5;0,7;75,7;10,3;2,6;7,1;3,5;2,9;75,7;17,6;0;3,8;5,2;4,66;5,11;5,65
61214;0;1362;0;5,4;3;10;93,7;6,3;6;24,8;42,1;24,5;2,6;4,9;0,9;37;49,7;6,6;0,8;0;0,8;70,2;17,7;4,8;2,9;3,6;2;83,9;11,4;2,6;0;5,53;4,97;5,37;5,98
62004;0;1068;0;1,1;1,1;9,2;75,6;24,4;2,3;21,9;47,3;19,7;8,7;0;6,5;18,3;52,5;17;4,7;1;5,2;43,1;11,7;9,3;15,7;15;4,7;43,6;37,1;12;2,6;5,9;5,23;5,81;6,27
62014;0;622;0;2,1;0;9,2;54,3;45,7;4,4;15,2;37;33,9;9,5;0;4,9;15,4;40,3;35,8;3,6;0;7,1;18,7;39,7;19,7;14,8;0;8,5;15,7;74;0;1,8;5,99;5,51;6,02;6,48
62033;0;327;0;0;0;5,7;18,1;81,9;0;8,8;51;36,4;3,8;0;0;8,3;49,4;38,1;4,2;0;0;3,9;3,3;22,3;44,9;25,6;6,7;3,5;81,1;4,4;4,4;6,4;5,94;6,43;6,93
62035;0;337;26;0;3,4;8,1;33,4;66,6;0;19,1;47,1;29,9;3,8;0;0;21,4;57,2;21,4;0;0;18,2;9,8;8,3;0;19,1;44,6;18,2;12,1;62,4;3,5;3,8;6,3;5,85;6,42;6,7
62040;0;1059;0;0;0;7,2;73,1;26,9;2,7;19;44,1;29,7;4,5;0;2,9;19,1;48,2;27;2,8;0;1,5;13,7;37,3;10,2;29;8,2;5,6;31,7;61,4;1,2;0;5,61;4,82;5,9;6,37
62041;0;7332;26;1,3;0,3;7,4;87,7;12,3;5,4;22,3;39,8;25,3;7,2;3,1;2,8;28,3;48,1;14,2;2,6;0,8;5,6;50,8;17,7;8,3;10,8;6,9;4,4;56,5;32;6,2;1;5,84;5,11;5,61;6,36
62048;0;1737;0;2,6;1,2;9,1;33,9;66,1;0,6;20,5;31,7;31,7;15,5;0;0;21,2;48,3;22,8;7;0,7;32,6;23,3;22,8;11,5;5,7;4,2;3,3;24,1;66,2;4,6;1,7;6,12;5,35;6,31;6,9
62065;0;3794;47;2,3;0,8;6;41,9;58,1;0,4;14,3;25,7;54;5,5;0;0;18;62,7;15,7;2,8;0,7;43,5;26,1;10,8;5,9;11,3;2,4;5;36,6;50,5;6,3;1,6;6,21;5,54;6,23;6,94
62083;0;1802;0;2,4;0,7;8,2;18,6;81,4;0,7;22,7;38,6;33,8;4,2;0;0,7;28,1;49,9;17,7;3;0,6;59,2;3,2;19,1;7,5;5,4;5,7;6,4;19,1;69,7;4,7;0;6,55;5,92;6,6;7,26
62108;0;1348;11;0,9;0,9;6,8;77,2;22,8;10,2;19,5;36,2;26,2;8;5,7;5,7;20;43,2;21,8;2,3;1,2;0,8;14,4;41,7;12,3;26;4,8;7,8;29,7;53,3;9,2;0;5,75;5,02;5,73;6,19
62119;0;3749;0;1;0;8,6;76,4;23,6;5,6;18,5;47,7;20,6;7,6;3,3;3,1;31,1;40,8;17,1;3,8;0,8;10,4;33,9;23,9;12,6;14,9;4,4;4,5;46,6;40,3;5,3;3,3;6,21;5,54;6,07;6,73
62126;0;727;0;1,6;0;7,4;59,3;40,7;1,5;18,9;40,1;33,6;5,9;0;0;20;48,3;29,1;2,6;0;7,7;6,1;26,6;17;32,8;9,8;19,6;33;41,5;5,8;0;6,18;5,47;6,21;6,57
62133;0;1641;0;3;0,7;8,2;38,2;61,8;0,7;19,4;40,8;29,2;10;0;1,5;22,8;47,2;22;5,8;0,7;35,9;7,5;34,6;10,1;10,2;1,7;3;10,3;78,2;8,5;0;6,52;6,02;6,5;7,02
62139;0;280;0;4,4;0;5,6;22,9;77,1;0;13,7;21,9;45,6;18,9;0;0;12;25,4;51,5;11;0;0;13,5;24,4;17,1;40,7;4,4;8,4;16,4;75,2;0;0;5,74;5,41;5,79;6,15
62160;0;7078;14;6,4;5,3;7,4;89,7;10,3;3,3;22,1;38,7;29;6,9;1,4;2,8;23,9;47,7;20,4;3,4;0,4;2,1;47,1;15,6;11,3;15,7;8,2;4,4;39,4;38,7;17,4;0,2;6,03;5,32;5,93;6,61
62178;0;5547;0;3,1;2,2;8,9;23,6;76,4;1,6;18,5;42,4;25,8;11,6;0,3;0,8;34,9;40,6;20,8;1,9;0,6;50,5;7,5;20,6;12,1;6,7;2,7;5;14,6;71,7;6,8;1,9;6,51;5,88;6,51;7,17
62186;0;2466;0;3,4;1,2;6,2;28,5;71,5;0;15,3;37,9;37,4;9,4;0;0,4;15,3;65,5;15,2;3;0,5;51,2;1,1;26,8;8,3;11,5;1,1;3,5;15,9;70,9;9,8;0;6,44;5,68;6,5;7,19
62193;0;10037;44;2;1,2;7,9;84,9;15,1;3,2;18,9;39;27;11,7;0,4;2,8;20;48,9;20,9;6,1;0,9;0,6;41,9;24,8;12;16,7;4;2,5;50,2;43,6;2;1,7;5,84;5,12;5,88;6,47
62194;0;1269;0;2,6;1,8;6,8;8,5;91,5;1,3;14,4;40,5;39,6;4,2;0;0;20,7;61,3;15,1;1,8;1,1;68,4;1,3;8,9;7,5;8,7;5,3;4,5;2,8;85,5;7,3;0;6,48;5,97;6,51;7,11
62215;0;2677;47;3,4;1,2;7,6;40,3;59,7;0,4;20,2;34,9;29,4;15,1;0;0,5;22;50,8;23,7;2,7;0,4;23,8;13,8;28,6;12,6;11,5;9,7;6,4;14,4;71,7;6,5;1;6,35;5,61;6,4;6,95
62244;0;345;38;0;0;7,6;45;55;0;26,5;31;26,5;16,1;0;0;28,8;40,9;30,3;0;0;0;0;35,1;8,9;21,4;34,5;14,8;0;76,8;8,4;0;6,62;6,21;6,56;7
62249;0;920;0;2,1;1,3;5,8;22;78;0;16,5;30,7;43,6;9,1;0;0;15,3;41,8;37,9;3,9;1,2;36,8;1,2;21,3;8,2;17,9;14,6;12,4;18,9;61,8;6,9;0;6,16;5,47;6,19;6,76
62250;0;1440;0;1,7;0;7,1;46,6;53,4;0,8;13,4;40,9;35,4;9,5;0;2,3;15,4;49,8;26,2;5,3;1;15,5;30,4;11,2;14;20,4;8,4;4,5;27,1;62,7;5,8;0;6,19;5,59;6,15;6,72
62263;0;309;0;0;0;4,5;54,2;45,8;0;11,6;45,8;31,7;11;0;0;11,6;43,2;34,2;11;0;0;0;17,6;11,9;28,4;42,1;7,7;0;70;22,4;0;6,1;5,47;6,06;6,51
62268;0;270;0;0;0;16,6;46,9;53,1;4,5;18,4;42,3;27;7,9;0;4,6;12,7;47,3;28,5;6,9;0;0;19,9;44,3;8,1;5,2;22,5;6,1;19,4;67;7,5;0;6,09;5,53;5,97;6,49
62270;0;1458;0;5,4;4,7;8,5;5,2;94,8;0,9;13,2;56,2;20;9,7;0;0;23,4;54,8;19,7;2,1;0;72,2;1;9,9;2,8;9,9;4,4;6,9;5,6;85,5;2;0;6,43;5,92;6,45;6,98
62274;0;768;0;2,5;0;5,9;17,4;82,6;1,4;12,4;20,2;64,2;1,7;0;1,4;11,9;72,5;14,2;0;0;64,6;0;15,2;1,7;9;9,5;7,5;4,2;74,8;13,5;0;6,5;5,66;6,32;7,2
62276;0;524;0;0;2,2;7,7;36,5;63,5;2,3;13,5;35,4;35,4;13,5;0;0;14;47,3;33,6;5,1;0;16,7;3,2;22,1;0;12,9;45;11;3,2;77,2;5,8;2,8;6,27;5,82;6,36;6,84
62318;0;1341;26;0,9;0;7,5;57,1;42,9;3,4;13,1;33,4;36,5;13,7;0;2,3;13,5;41,1;35,1;7,1;0,8;1,2;32,3;34,8;11,4;13,9;6,3;4,9;49,7;42,2;3,2;0;5,36;4,79;5,42;5,98
62351;0;1154;0;1,4;1,8;6,8;12,5;87,5;0;17;21,6;53,4;8,1;0;0;18,6;57,5;19,3;3,7;1;65,4;7,4;10,5;6,9;5;4,9;4,2;5,7;79,1;10;1;6,84;6,18;6,92;7,56
62386;0;1859;0;3,2;2,1;5,5;5,6;94,4;0;7,8;37,4;46,8;8;0;0;9,1;73,1;15,3;2;0,6;75,8;1;7,6;5,6;9,9;0;4,7;0,7;83,3;10,5;0,8;6,61;5,93;6,77;7,24
62397;0;385;11;0;0;4,1;45,3;54,7;9,7;12,6;21,8;38,8;17,1;0;9;13,3;28;32,1;17,6;0;2,9;10;34,6;16,1;32,7;3,7;6,6;28,2;62,2;0;2,9;6,04;5,53;6,07;6,56
62400;0;906;0;3,7;1,4;7,4;12,7;87,3;1,3;13,5;39,9;22,7;22,6;0;0;26;32,2;38;3,8;0;65,3;11,3;10,6;6,3;1,9;4,4;5,3;12,2;74;8,5;0;6,17;5,51;6,12;6,85
62413;0;2581;71;5,7;2,1;8,2;24,5;75,5;0,5;15,7;34,7;43,1;6;0;0,7;23;53,3;21,1;1,9;0;35,2;15,3;23,2;7,7;5,4;13,2;9,7;8,8;76,8;4,2;0,5;6,45;5,78;6,41;7,07
62427;0;4125;0;3;1,9;6;53,4;46,6;3,8;23,5;30,3;34,3;8;2,4;2,4;30,6;44,5;16,7;2,4;1;27,4;21,4;25,2;7;9,4;9,6;5,9;26,2;58,6;8,1;1,2;6,35;5,62;6,34;6,98
62443;0;1133;0;1,2;1,1;7;6;94;1,3;16,4;22,8;49,1;10,4;0;1,2;23,3;31,2;38,9;5,3;0;57,6;1;18,1;4,4;7,7;11,4;6,8;15,4;71;5,7;1,1;6,32;5,54;6,4;6,96
62457;0;1317;0;6;5,8;6,4;2,8;97,2;0;13,8;26,2;27,4;32,5;0;1,1;26;34,5;33,9;4,5;0;78,4;5,5;7,2;1,7;4;3,2;4,4;2,6;82,6;10,4;0;6,47;5,85;6,45;7,08
62473;0;423;0;0;0;6,8;20,7;79,3;0;7,6;41,1;36,6;14,7;0;0;6,6;44,3;46,5;2,7;0;0;7;41,2;46,5;2,6;2,6;12,9;10,7;49,4;27;0;5,92;5,27;6,09;6,57
62497;0;1054;0;2,7;1,5;8,2;11,7;88,3;0;12,1;32,2;51,1;4,6;0;1,1;16,2;43,1;34,8;4,8;0;43,4;17,7;10,2;11,5;8,3;9;5,3;13,9;68,4;11,1;1,2;6,29;5,44;6,19;6,9
62498;0;9047;113;5,4;3;8,6;39,7;60,3;3,4;16,1;37,2;24;19,3;1,9;1,7;19,9;42,9;30,8;2,3;0,4;43,8;19,7;12,5;5,7;10,1;8,3;4,4;28,5;53,8;10,6;2,6;6,48;5,71;6,44;7,17
62510;0;7189;58;3,3;1,3;6,2;38,2;61,8;3,2;12,9;35,2;37,5;11,3;2,2;1,3;17,6;50,2;25,3;2,7;0,7;42,7;15,1;15,4;8,7;8,1;10;4;26,1;61,1;8,4;0,4;6,35;5,58;6,3;7,03
62516;0;758;0;1,9;0;5,6;54,6;45,4;1,4;17,2;41,3;33,9;6,1;0;0;18,9;48,3;29,5;1,9;1,5;5,6;8,6;28,4;15,8;29,2;12,5;10,3;18,1;68,4;1,7;1,5;6,17;5,58;6,35;6,72
62523;0;651;0;1,8;0;8,6;49,8;50,2;1,7;27;36,3;20,8;14,2;0;0;26,4;43,6;22,6;5,8;1,7;8,1;8,7;49,7;6,7;24,2;2,6;4;22,7;59;12,4;2;6,42;5,49;6,6;7,05
62525;0;1577;0;1,6;0;8,3;87,4;12,6;10,2;16,4;42,4;21,6;9,4;3,9;4,4;18,9;55,1;13,1;3,9;0,8;0;47,6;40,9;4,5;6,2;0,8;3,3;47,3;45,1;1,8;2,6;5,68;4,88;5,45;6,42
62528;0;875;0;0;0;7,2;23,5;76,5;1,4;22,1;33,9;27,3;15,3;1,5;1,3;24,2;34,1;32,5;6,4;0;14,8;0;38,7;22,2;12,9;11,4;7,8;4,7;80;6;1,4;6,75;6,3;6,72;7,29
62548;0;637;13;0;0;7,1;38,6;61,4;3,2;14,1;27,9;39;15,8;0;0;13,6;31,3;46,8;8,3;0;0;0;41,6;3,1;41,1;14,2;17;7,6;71,5;2,1;1,8;6,18;5,87;6,31;6,52
62555;0;1538;0;2,3;1,5;7,7;5,2;94,8;0,9;12,4;38,7;40,2;7,8;0;0;38,8;50,1;8,9;2,2;0;75,5;0;14,9;2,7;2,1;4,9;6,5;8;79,6;5,9;0;6,4;5,8;6,39;7,09
62563;0;1879;0;2,2;1,2;8,5;20,7;79,3;0;13,3;37,9;43,9;4,9;0;0;13,7;66;19,1;1,2;0;57,5;5,6;16,1;7,8;9,1;4;7,1;10,2;74,8;7,9;0;6,5;5,96;6,59;7,06
62570;0;2477;11;2,3;1,5;6,9;28,5;71,5;1,2;15,9;34;42,2;6,7;0;1,3;20,4;53,9;22;2,4;0;42,5;14;19,2;8,7;9,9;5,7;4,4;29,9;57,4;7,3;0,9;6,19;5,43;6,21;6,78
62587;0;1785;0;0;0;6,4;52,3;47,7;0,6;25,5;37,5;30,1;6,3;0;0,8;29;49,2;17,2;3,1;0,6;30,4;2,7;48,2;5,5;6,6;6,7;4;27,4;63,2;5,4;0;6,35;5,69;6,28;6,92
62617;0;2369;0;1,7;0,7;8,5;35,5;64,5;0,9;25,7;32,4;34,8;6,2;0;0,7;28,1;46;22,7;1,7;0,8;37,7;7,5;32,9;10,1;7,1;4,8;6;34,6;54;5,4;0;6,32;5,56;6,33;7,02
62624;0;1262;33;1;1,4;6,2;57,5;42,5;0,9;18,7;39,8;35,9;4,7;0;0,9;23,6;49,7;22,1;3,7;0;24,7;3,6;22,6;4,7;20,1;24,2;7,2;18,9;67,1;5,8;0,9;6,43;5,67;6,33;6,99
62628;0;2005;11;3,5;2,5;6,3;18,9;81,1;0,6;23,1;31;43,3;2,1;0;1,2;29,3;50,2;15,7;3;0,6;51,7;22,6;10,5;4,7;3,9;6,6;5,5;1,4;82,1;11;0;6,65;5,92;6,64;7,35
62637;0;2439;148;7,5;3,9;8,6;27,6;72,4;0,5;16,9;45;31;6,5;0;0,5;33,1;52,5;10,3;2,9;0,7;22,2;38,4;13,1;4,9;5,8;15,5;7,3;7,7;72,4;10,9;1,7;6,61;5,76;6,69;7,23
62643;0;2024;0;1,2;1,3;7,3;74,6;25,4;1,4;15,8;42,9;30,6;9,4;0;2,1;20,4;55,6;15,9;5,3;0,7;0,6;33;39,9;9,3;11,5;5,7;3,8;52,3;35,5;7,3;1,1;6,01;5,34;6;6,59
62645;0;319;0;0;0;10;32,1;67,9;3,8;17;35,8;28,9;14,5;0;0;22,1;41,6;32,7;3,6;0;0;4,3;27,1;23,7;21,7;23,1;17,5;7,2;75,3;0;0;6,22;5,89;6,48;6,69
62667;0;1672;0;0;0;9,7;78;22;0;15;41,1;29,9;14;0;1,1;24,1;55,8;15,5;2,1;1,3;0;38,6;29,7;10,4;12,9;8,4;3,5;54,7;39,2;2,6;0;5,75;5,15;5,7;6,27
62724;0;2101;0;0,9;0;7,4;20,5;79,5;0,6;23,1;23,1;48,6;4,6;0;1,4;24,5;56,2;14,6;2,8;0,5;59;2,3;26,9;3,6;4,6;3,7;2,2;66,2;30,3;1,2;0;6,27;5,51;6,11;6,96
62737;0;995;0;4,3;2,6;8,3;21,3;78,7;1,2;14,4;42;30,2;12,1;0;1,2;15,1;61,9;19,7;2,1;0;48,5;9,8;24,1;1,7;4,8;11,2;4,4;17,6;67,5;9,4;1,1;6,26;5,68;6,4;6,89
62753;0;1301;103;1,5;0;9;86,5;13,5;0;22,4;53,7;19,8;4,1;0;0;23,8;53,4;20;2;0,8;0,8;6,9;15,6;12,6;39,8;24,2;9,3;21,1;61;8,6;0;6,12;5,45;6,08;6,56
62758;0;1286;0;0;0;8,4;82,8;17,2;1,1;21,1;42,2;30,9;4,7;0;0;30,2;56,2;10,5;2,1;0,9;1,9;36,6;20,6;9,2;15,6;16;6,8;35,7;28,8;28,6;0;6,28;5,7;6,25;6,76
62764;0;949;0;2,3;1,3;9,7;97,2;2,8;0;27,2;49,2;19,6;4;0;0;31,8;46,3;17,9;2,8;1,3;0;21,5;42,5;5,1;17,4;13,5;1,2;59,5;27;6,5;5,8;5,84;5,14;5,61;6,31
62765;0;1601;85;0,7;0,7;8,3;94,8;5,2;6,3;18,3;41,5;26,5;7,5;0,9;3,7;25,6;49,5;16,8;2,8;0,8;3,4;40,6;22,4;22,8;3,9;6,9;5,7;49,2;42;2;1,1;5,89;5,33;5,84;6,36
62767;0;386;0;3,9;0;6,5;79,4;20,6;0;21,8;37,4;26,8;13,9;0;0;16;57,7;26,3;0;0;2,8;42,8;35,9;4,6;13,8;0;0;53,8;43;0;3,2;5,73;5,17;5,82;6,21
62771;0;2536;0;3,9;2,6;6;19,5;80,5;0,5;14;33,5;43,1;8,8;0,4;0;25;52,2;16,1;5,4;0,9;53,2;17,4;13,3;7,6;5,9;2,7;5,5;17,9;67,9;7,5;1,1;6,27;5,61;6,3;6,9
62826;0;371;33;0;0;8;84,9;15,1;0;22,3;39,1;31,8;6,8;5,4;3;24,3;56,9;10,5;0;0;0;41,5;7,7;15,4;12,6;22,8;5,6;46,6;33;11;3,8;5,75;4,98;5,44;6,33
62842;0;1285;11;2,1;1,1;7,7;24,1;75,9;0;17,6;35,6;28,9;17,9;0;1,7;16,1;40,7;38,5;2,9;0;44,1;4,9;11,9;9,3;13,8;15,9;9,1;10,2;72,9;7,8;0;6,37;5,63;6,52;6,96
62893;0;628;0;0;0;4,8;32;68;0;23,9;22;41,4;12,7;0;0;23,8;29;41,5;5,7;0;0;14,9;27;33,9;15,5;8,6;5,5;17,4;68;7,3;1,8;6,4;6,04;6,65;6,97
62895;0;1540;47;2,8;1,4;7,6;22;78;0,8;10,4;36,7;36;16,1;0;0;12,3;47;37,3;3,4;0;51,5;6,4;14,5;2,5;19,7;5,5;5,5;15,3;67,8;10,6;0,8;6,54;5,94;6,58;7
62907;0;1912;30;5,2;0,9;7,7;18;82;0,7;24,3;37,7;22,3;15;0;2,3;26,5;48,6;18,7;2,6;1,4;42,4;23,4;13,8;3;14,2;3,2;3,6;11,9;75,4;8,1;0,9;6,41;5,66;6,55;7,21
63003;0;237;0;4,8;0;6,2;90;10;6,1;11,3;56,7;25,9;0;0;6,5;31,3;49,3;12,9;0;0;0;49,4;36;4,5;5,7;4,5;8,9;42,2;48,9;0;0;5,28;4,55;4,99;6,09
63014;0;1340;11;2,2;1,8;10,4;97,2;2,8;48,5;15,2;20,7;13,6;2;45,6;2,9;16,8;26,1;7;0,9;0,8;2,1;15,8;0;29,1;16,1;36,9;9,7;16,3;57,2;16,9;0;6,32;5,16;6,5;7,1
63032;0;968;0;1,2;1,2;8,2;83,8;16,2;6,7;18,9;38,6;25,6;10,2;2;3,9;19,2;42;27,7;4,1;1,2;2,5;0;49,6;9,3;21,1;17,4;8,5;0;89,7;0;1,8;6,58;5,97;6,63;7,15
63063;0;742;0;2;0;10,7;79,2;20,8;1,7;25,3;38,8;25,9;8,3;0;0;27,9;42,1;25,1;4,8;0;1,5;2;3,5;23,8;18,2;50,9;18,4;0;77,5;1,5;2,7;7,04;6,54;7,07;7,42
63069;0;530;21;0;2,5;7,2;76,9;23,1;0;29,1;28,4;36,6;5,9;0;0;27,5;37,3;35,2;0;0;0;0;14,6;21,1;24,4;39,8;20,8;0;76,4;2,9;0;6,86;6,33;6,77;7,23
63070;0;451;12;2,4;0;14,3;82,4;17,6;0;25,4;41,3;29,2;4;0;2,4;25;46,3;26,3;0;0;2,5;0;3,7;16;33,2;44,6;18,8;0;81,2;0;0;7,02;6,58;6,96;7,41
63075;0;1007;17;2,6;0;9;95,4;4,6;5,4;31,7;38,3;18,4;6,3;0;8;37;36;12,7;2,8;3,6;29,1;17,6;9,3;3,8;9;31,2;16,2;22,9;52,2;7,6;1,1;6,95;6,31;6,85;7,52
63103;0;57;17;;;;;;;;;;;;;;;;;;;;;;;;;;;;;6,54;6,12;6,45;6,94
63113;0;22005;228;2,5;1,4;8;91,7;8,3;8,9;18,4;36,4;28,4;7,9;6,2;4,1;24,3;45,6;17,7;1,9;0,3;7,2;43,9;10,6;9,3;18,2;10,8;6,5;42,7;44,6;3,9;2,3;5,96;4,86;6,04;6,95
63124;0;2175;13;2,5;1,5;8,8;90,8;9,2;3,4;15,1;35,2;39,8;6,5;0;3,5;18,4;55,2;22,4;0,5;0;0,7;47,4;6,6;11,9;10,7;22,8;8;52;38,2;0,8;1;5,79;4,47;5,72;6,94
63164;0;1078;30;2,6;0;12,2;91,3;8,7;0;17,1;33,1;44,8;5;0;1;27,1;28,2;41,5;2,2;0;5,4;50,6;0;2,2;22,7;19,1;8,8;55,6;33;2,6;0;6,05;5,12;6,16;6,85
63178;0;1529;0;1,4;0;10,6;80,4;19,6;1,6;10,3;37,9;39,6;10,7;0;1,1;15,1;56,7;24,2;1,9;1;0,7;52,4;12,5;5,9;18,7;9,8;7,5;48,3;39,6;1,5;3,1;5,55;4,78;5,51;6,3
63193;0;906;30;0;0;8,4;72,2;27,8;2,6;16,3;35,9;37,4;7,7;1,5;1,9;13,2;56,3;25,4;1,8;0;0;17,8;26,7;18,7;17,8;19;25,3;34,6;36,6;3,6;0;5,9;4,88;5,7;6,77
63284;0;1017;0;1,2;0;11,1;65,9;34,1;1,4;14,1;40,4;40,4;3,7;0;1,2;21,1;45,7;29,3;2,7;0;0;28;1,1;7,4;15,5;48;16,2;26,1;57,8;0;0;5,92;5,37;5,95;6,41
63300;0;1899;0;1,5;0,6;9;89,5;10,5;3,3;18,3;35,5;33;9,9;0;2;23,8;38,2;33,5;2,6;0;6,5;37,9;23,9;4,4;23,3;4;4,3;46,3;47,3;2,1;0;5,78;4,8;6;6,53
63307;0;744;30;2;1,5;9,1;76,6;23,4;4;15,2;34,5;42,8;3,6;0;4,1;16,4;63;14,5;2,1;0;2,2;19,8;17,6;22,8;5,7;32;31,5;0;68,5;0;0;6,54;5,78;6,61;7,25
63430;0;978;0;4,3;2,8;10;88,9;11,1;3,2;15,4;37,8;37;6,5;0;3,5;16,6;49,8;27,7;1,1;1,1;5;39,6;23,5;9,6;18,9;3,4;1,8;54,4;41,5;1,2;1,1;5;4,18;4,59;5,77
64024;0;3340;76;1;0,4;4,4;97;3;9,3;31,6;36,7;19,2;3,3;6,7;2,9;34,3;39;16;1;0;0;10,3;8,8;17,7;27,7;35,5;15,9;7,6;60,8;15,3;0,4;6,92;6,4;6,94;7,4
64102;0;6429;44;0,8;0,2;4,9;98,8;1,2;7,4;23,1;37,4;24,8;7,3;5;3,8;31,4;43,2;14,7;1,9;0;2,3;55,6;11,4;6,5;11,3;12,9;5,2;56,6;30,2;6,4;1,6;6,27;5,42;6,01;6,93
64122;0;1631;0;0,7;0,7;3,1;97,4;2,6;4,8;29;38,1;22,8;5,5;0,7;5,4;33,1;48,3;11,4;1,1;0;0,9;36,8;5,9;21,5;10,3;24,6;11,3;34,9;47,3;5,5;1;6,69;5,61;6,69;7,36
64129;0;1448;0;0;0,9;7,6;93,7;6,3;1,9;23,5;40,2;29,9;4,6;0;1,7;26,3;54,2;16,7;1;0;3,1;17;21;24;15,2;19,6;10,6;13,8;75,6;0;0;6,49;5,98;6,48;6,99
64140;0;747;0;0;0;5,2;88,8;11,2;1,9;27,3;34,8;27,5;8,5;0;1,5;35,1;38,9;23;1,5;0;1,5;26,2;1,5;9,4;18,7;42,8;14;27,1;54,1;4,8;0;6,61;5,69;6,67;7,25
64189;0;489;0;0;0;7,3;97,4;2,6;2,2;38,9;37,9;18,8;2,2;0;3,3;35,9;45;15,8;0;0;0;0;2,6;37,6;33,8;26;14,8;0;70,7;14,4;0;7,05;6,57;6,96;7,38
64256;0;156;14;0;0;7,5;91,4;8,6;7,4;28,4;39,2;25;0;0;0;38,4;41,3;20,3;0;0;0;18,6;20,9;0;0;60,5;16,4;15,1;68,6;0;0;6,19;5,51;6,21;6,85
64260;0;1421;94;3,2;0;4,1;96,5;3,5;4,1;28,2;38;25,7;3,9;1,1;3,6;26,5;43,6;23,8;1,5;0;1,7;16;26,9;12,7;14,7;28;11,4;26,8;53,4;5,6;2,8;6,36;5,39;6,43;7,03
64284;0;646;0;2,1;0;6,9;98,1;1,9;4;18,4;35;28,9;13,6;0;3,3;36,9;31,2;21,8;6,8;0;0;58,1;22,3;4,6;11,7;3,2;3;58,8;38,3;0;0;5,9;5,32;5,84;6,32
64335;0;571;0;0;2;7;71,5;28,5;0;21,9;37,5;34,3;6,2;0;0;24,3;42,4;28,8;4,5;0;0;7,1;6,9;54,6;10,5;21;12,9;6,9;75,2;5;0;6,54;6,06;6,66;7,23
64348;0;970;0;1,3;0;6,8;83,7;16,3;1,8;18,9;41,8;27,9;9,5;0;3;20,4;46,7;23,2;6,6;0;0;0;39,1;21,6;5,9;33,4;13,3;15;69,9;1,7;0;6,53;6,02;6,5;7,11
64410;0;1598;0;2,4;0,9;8,6;93;7;3,2;19,7;44,6;28,3;4,2;0;0,7;27,4;63,8;7;1,1;0;0;83,1;0;3,7;10,1;3,2;5,7;17,8;75,2;0;1,4;5,67;5,27;5,68;6,09
64422;0;543;0;2,5;2,1;8,4;87,8;12,2;5,3;20,1;40,9;26,3;7,4;0;5,2;24,3;47,7;19,6;3,2;0;3,1;30;17,9;13,7;33,2;2,2;9,2;21,5;65,2;0;4,1;5,47;4,91;5,55;6,04
64430;0;661;0;4,4;1,7;10,1;95,4;4,6;11,4;25,2;26,4;28,3;8,7;2,7;6,6;30,8;37,2;20,7;2;0;0;59,7;17,9;10,1;12,3;0;2;28,6;69,4;0;0;5,56;4,78;5,34;5,87
64445;0;8505;0;1;0,3;6,6;95,6;4,4;4,8;19,2;38,5;26,5;11,1;2,7;2,6;24,9;50,5;17,2;1,9;0,1;1,9;48,4;19;14,9;12;3,8;15,3;53,5;30,4;0,5;0,3;5,88;5,08;5,69;6,61
64483;0;1679;43;0,8;0,8;4,5;98,1;1,9;1,1;32,8;38,8;22,5;4,8;0;2;32,1;45,9;19,3;0,8;0;0,9;24,6;13,9;19;17,4;24,3;14,9;37,8;39,8;3,7;3,8;6,24;4,96;6,43;7,26
64545;0;538;0;0;0;6,6;94,5;5,5;3,7;32,7;38,5;23;2;0;5,4;32,2;44,3;18,1;0;0;2;9,1;5,8;17,8;29,8;35,6;14,3;7,9;71,2;6,6;0;6,99;6,44;6,88;7,35
65047;0;547;0;2,1;0;8,7;62,7;37,3;0;11,5;43,1;38,5;6,9;0;2,4;14,6;64,5;16,2;2,4;0;0;46,4;0;2;23,6;28;7,4;44,9;35,7;12,1;0;5,9;5,16;5,6;6,55
65059;0;821;0;1,9;1,5;7,9;98,4;1,6;5,1;18,7;39,3;31,7;5,1;3,9;2,6;34,7;52,6;6,2;0;0;1,8;78,8;3;12,6;3,8;0;2,4;76,9;20,6;0;0;5,39;4,86;5,15;5,67
65258;0;464;0;2,7;0;7,3;61,5;38,5;2,5;19,9;32,4;39,6;5,6;0;0;29,2;32,7;35,2;2,9;0;0;44,5;16,4;0;25;14,2;6,2;42,5;51,3;0;0;5,84;5,47;5,93;6,19
65286;0;1409;0;1,3;0,9;7,6;94,7;5,3;3,7;12,3;45,4;28,6;10,1;0,8;3,6;19,2;53,1;21;2,3;0;7,4;54,3;23,7;8,7;4,8;1,1;0,9;57,7;40,2;0;1,2;5,47;4,44;5,49;6,49
65440;0;6631;0;5,1;3,4;9,8;92;8;7,3;19,3;40,7;27,1;5,7;4;4,1;26,9;47;16;1,5;0,5;4,1;49,5;14,9;12;17;2,6;4,1;48,8;45,3;0,6;1,2;5,93;5,15;5,86;6,53
66008;0;404;19;2,8;0;7;86,6;13,4;0;28,2;42,6;23,8;5,4;0;3;27,4;44,7;24,9;0;0;0;9,2;5,7;20;33,5;31,6;14,2;9,9;72;3,8;0;6,07;5,58;5,89;6,43
66016;0;240;0;4,6;4,7;5,1;92,6;7,4;5;20,2;34,3;40,5;0;0;5;15,5;58,2;21,3;0;0;0;21,9;20,1;27,9;13,2;16,9;6,2;35;58,8;0;0;5,82;5,24;5,86;6,33
66021;0;510;0;2,2;2,3;8,6;76,6;23,4;3,1;20,7;42,3;26,3;7,7;0;0;20,2;51,7;28;0;0;0;0;5,1;31,4;15,5;48;22;0;78;0;0;6,63;6,1;6,65;7,26
66024;0;228;0;0;4,6;0;72,8;27,2;0;10,5;49,8;35;4,6;0;4,9;13,9;61;20,2;0;0;0;11,1;6,5;5,6;55,6;21,3;15,4;7,2;77,4;0;0;5,75;5,49;5,71;6,09
66028;0;749;0;2,2;1,5;5,9;66,5;33,5;1,6;16,1;40,3;33,5;8,4;0;2,2;19;49,1;28;1,8;0;0;0;23,1;23,3;32,3;21,3;11,8;0;86,7;1,5;0;6,53;6,19;6,49;6,84
66037;0;645;0;2,5;0;5,3;88;12;0;20,9;41,6;27,5;10;0;0;18,9;53,1;22,7;5,3;0;4,4;10,6;29,2;16,4;1,8;37,6;14,7;21,1;62,6;1,7;0;6,2;5,63;6,23;6,9
66038;0;274;0;0;0;10,5;89,4;10,6;4,1;28,8;37,3;29,9;0;3,7;3,7;25,7;40,5;22,6;3,7;0;0;0;0;0;40,1;59,9;18,2;0;70,9;10,9;0;7,02;6,41;6,94;7,14
66049;0;375;0;3;0;9,6;96,5;3,5;4,6;23,3;43,2;25,2;3,8;0;3,3;29,7;50,5;16,5;0;0;0;45,3;13,2;0;16,6;25;12,4;44,2;43,4;0;0;5,45;4,56;5,53;6,17
66065;0;550;0;0;0;3;65,2;34,8;2,9;19,8;40,7;29,5;7;0;0;22,5;47,1;26,4;3,9;0;9,9;13,8;3;10,6;27,7;34,9;15,7;8,5;61,6;14,2;0;6,1;5,39;5,76;6,26
66088;0;231;0;6,8;5;6;60,8;39,2;0;10,9;34,3;45,2;9,6;0;0;6,4;50,4;38,5;4,7;0;0;12,7;6,3;8,9;16;56,1;9,3;25,1;60;0;5,6;5,68;5,11;5,62;6,16
66136;0;10222;95;2,1;1;7,1;92,4;7,6;7,5;17,8;37,2;30,7;6,8;3,7;6,3;23,1;44;19,5;3,1;0,4;11,7;27,3;16,8;18;12,4;13,8;12,7;37,5;46,3;2,6;0,9;5,86;5,08;5,76;6,45
66141;0;605;81;2;0;10,2;61,5;38,5;0;18,3;44,3;35,7;1,8;0;0;13,9;50,7;33,5;1,8;0;3,9;0;0;6,5;28,1;61,5;21,7;0;76,6;1,8;0;6,11;5,8;6,16;6,42
66148;0;561;0;3,8;2,5;5,1;97,7;2,3;2,1;15,9;39,9;32,6;9,5;2,2;0;21;55,6;17,6;3,6;0;3,5;41,1;17,5;20,2;9,1;8,6;5,9;58,4;30,1;3,3;2,3;5,37;4,79;4,95;6,12
66149;0;370;37;7;8,6;7,7;66,4;33,6;12,8;15,8;28,6;37,9;4,9;11,3;4;17,4;35,7;25,7;2,9;2,9;7,3;16,6;0;21,8;31,3;23,1;20,6;11,7;47,2;11,4;9,2;5,77;5,23;5,54;6,07
66164;0;770;0;2,4;1,7;9;69,8;30,2;1,6;17;37,8;37,7;6;0;1,7;16,7;44,4;33,3;2,5;1,4;1,4;0;14,4;23,7;16,7;43,8;20,9;11,8;56,2;2,1;8,9;6,17;5,79;6,13;6,6
66171;0;440;0;0;0;9,2;80,9;19,1;2,7;21,9;47,6;25,2;2,7;0;2,8;24,6;47,9;22,2;2,4;0;0;0;17,4;34,3;10,2;38,1;10,7;8,8;80,5;0;0;6,14;5,24;6,2;6,76
66172;0;757;0;3,2;1,6;7,2;80;20;3,2;28,5;38,7;26,6;3;0;1,5;28;47;21,5;2;0;0;3,1;13,2;15,9;47,1;20,6;15,7;9,3;67,8;4,8;2,4;6,56;5,94;6,44;7,05
66180;0;421;0;2,7;2,7;7,9;78,9;21,1;6,1;16,7;39,4;30,4;7,3;0;3,7;17,6;52,1;26,6;0;0;0;6,7;3,1;26,7;47,7;15,8;20,1;6,9;69,2;0;3,7;6,17;5,73;6,22;6,64
66195;0;528;53;2,1;0;9,3;87,1;12,9;0;14,2;52,3;31,4;2,1;0;2;14,4;58,5;25;0;0;0;0;0;9,5;29,5;60,9;10,4;0;83,4;3,9;2,3;6,48;6,12;6,53;6,76
66210;0;772;0;2,2;1,5;7,6;90,4;9,6;3,5;20,4;33;37;6,1;0;1,4;21,3;51,5;24,1;1,7;0;0;39,7;14;5,6;4,5;36,2;12,9;42,5;40,9;0;3,7;5,49;5,11;5,41;5,9
66213;0;447;37;2,5;3,1;6,7;76,3;23,7;3,3;18,1;40,5;30,8;7,3;0;3;24,2;47,2;25,5;0;0;2,4;0;16,9;18,2;37,9;24,6;20,4;0;79,6;0;0;6,46;6,07;6,47;6,74
67021;0;313;29;0;0;16;93,2;6,8;7,6;26,9;32,6;27,2;5,7;0;12,6;27,7;38,1;14,2;3,5;3,9;3,3;30,4;17,5;3,6;30,4;14,8;6,4;24;51,1;3,6;14,9;6,78;6,25;6,64;7,04
67043;0;2810;0;1,5;0,8;5,3;100;0;3;20,5;38,6;27;10,9;1,3;3,9;30,5;41,7;19,9;2,4;0,4;11;67,9;13,5;4;1;2,6;0,8;79,7;5,8;11,7;2;6,22;5,57;5,92;6,61
67046;0;834;0;1,4;0;6,4;86,9;13,1;3,9;21,2;33,4;28,3;13,2;0;2,8;23,7;41,4;24,8;5,9;1,3;0;30,8;11,9;18,5;24;14,8;9,8;14,4;71;4,9;0;6,32;5,79;6,35;6,8
67067;0;410;0;0;0;10,8;91,4;8,6;0;22,6;39,3;30,2;7,9;0;2,9;22,9;44,9;22,4;6,9;0;6,8;0;2,9;10,9;39,1;40,3;21,8;0;74,9;3,3;0;6,53;5,91;6,46;6,95
67118;0;401;0;3;0;11,5;92,4;7,6;0;23,5;35,5;33,7;7,3;0;2,6;23,3;39,3;26,2;5,7;2,9;4,6;7,7;0;20;40,1;27,6;32,1;0;61,7;0;6,2;7,46;6,92;7,29;7,66
67130;0;634;0;1,8;2;7,8;93;7;3,9;12;35,3;36,6;12,1;0;4,5;18,5;52,3;20,1;4,6;0;1,8;38;10,9;17,7;31,7;0;6,1;41,3;29,6;17,9;5,1;6,21;5,28;6,03;6,77
67152;0;391;0;3,3;0;4,1;89,8;10,2;0;17,7;37,1;33;12,3;0;0;16,3;40,7;27,9;12,3;2,8;0;0;5,1;41,6;33,1;20,3;16,2;0;77,3;3,7;2,7;6,95;6,51;6,77;7,15
67180;0;2226;36;1,4;0,8;8,2;90,4;9,6;2,9;22,1;36,3;28,6;10,1;1,9;2,7;24,6;41,9;24,8;3,5;0,5;4,1;21,7;6,3;20,3;28,9;18,7;12;22,6;44,4;19,1;1,9;6,77;6,16;6,66;7,17
67204;0;983;0;2,1;0;6,9;98,3;1,7;4,4;18,4;41,3;26,1;9,8;0;5,5;20,3;44,1;26,5;3,7;0;1,4;20,5;31,3;12,6;20,2;13,9;9,1;13,8;69,1;8;0;6,85;6,25;6,88;7,43
67218;0;3168;132;2,7;1,7;7,4;97,9;2,1;12,1;16,6;41,2;25,9;4,2;11,6;1,1;17,8;50;17,6;1,6;0,4;3,5;34,1;13,3;18,8;12,3;18;16,9;40,5;31,6;11;0;6,42;5,39;6,03;7,03
67267;0;1867;58;0,8;0,6;6,3;98,3;1,7;1,5;20,6;40,8;31,2;5,8;0,6;1,3;23,1;51,3;20,7;3;0;1,2;16,1;9,2;12;21,5;39,9;16,6;5,2;65,2;10,1;2,9;7,06;6,49;6,88;7,43
67300;0;789;0;1,6;0;8,7;94,4;5,6;0;14,5;42,7;31,9;10,8;0;0;22,7;54,1;15,8;5,8;1,7;2,5;52,3;7;30,3;4,6;3,3;2,6;51,9;19,1;21,7;4,6;6,45;5,86;6,35;6,94
67309;0;233;40;0;0;6,4;100;0;0;26,2;37,6;25,3;10,9;0;0;23,6;56,4;14,5;5,5;0;0;4,8;0;25,5;4,8;64,9;22,1;0;77,9;0;0;7,12;6,73;7,19;7,52
67313;0;442;0;0;0;9,8;100;0;6,2;15,3;24,8;31,7;22;3,6;0;21,7;28,5;30,6;15,5;0;0;33;23,4;43,6;0;0;0;32,9;55,7;11,4;0;6,22;5,72;6,16;6,64
67348;0;940;0;0;0;6,5;96,7;3,3;3,4;13,6;38,1;35,9;9;0;2,1;24,3;51,9;19,4;2,3;0;0;60,9;16,5;1,2;4,2;17,2;1,2;58;31;8,7;1,2;5,5;4,69;5,48;6,2
67365;0;1404;0;0;0;5,7;98,6;1,4;2,5;19;46,5;25,5;6,5;0;2,7;19,7;54,9;20,7;2;0;0;43,9;4,1;7,3;16,3;28,4;10,5;41,3;44;2,5;1,7;6,83;6,33;6,71;7,19
67388;0;139;0;;0;11,3;88,4;11,6;0;17,4;37,6;33,6;11,4;0;0;23,2;42,3;26,8;7,7;0;23,9;20,3;0;30,4;10,1;15,2;0;23,9;64,5;0;11,6;6,06;5,76;5,91;6,41
67437;0;555;0;0;0;8,9;86,3;13,7;6,3;24,1;23,2;35,9;10,5;0;7,1;26,2;38,1;23,8;4,8;0;3;29,3;31,5;21,3;10,9;4,1;1,9;33,9;59,1;3;2,1;6,29;5,7;6,28;6,86
67447;0;5197;275;1,5;0,7;5,7;100;0;13;17;34,5;28,1;7,4;9,9;3,7;26,3;42;16,3;1,5;0,3;10,5;49,8;10,8;5,8;6,5;16,6;4,5;58,6;17,3;14,9;4,7;6,62;5,64;6,41;7,29
67462;0;1192;0;2,2;1;6,9;94,4;5,6;2,3;15,3;34,9;36,4;11,2;0;2,1;19,2;48,8;25,7;3,3;1;5,8;52,2;4;14,4;17,7;5,8;3,1;26,4;64,4;5;1,1;5,95;4,96;6;6,72
67471;0;498;32;2,3;0;8,5;100;0;2,2;31,1;40;21,5;5,2;0;0;33;43,3;18,1;3,1;2,5;3,2;3,2;0;5,1;50,5;37,9;19,3;0;60;18;2,7;7,55;6,91;7,3;7,89
67482;0;37564;327;2,7;1,7;6,2;98,3;1,7;6,8;17,7;40,4;26,5;8,6;3,4;4;27,6;44,1;16,8;3,4;0,8;16,4;49;6,1;7,9;9,1;11,5;5;59,3;25,3;5,5;4,9;6,44;5,54;6,15;7,03
67506;0;375;0;0;4,2;7,3;90,2;9,8;0;23,8;44,3;23,2;8,7;0;0;23,3;48,2;24,1;4,4;0;10,4;0;3;4,6;23,2;58,7;20,9;4,2;74,9;0;0;7,02;6,6;7;7,39
67519;0;90;0;;;;;11,7;10,1;;;19,3;;;;;;;9,6;;11,1;;12,1;;;;;;;;;6,93;6,67;7,01;7,28
67520;0;291;0;0;0;10,4;91,6;8,4;0;19,7;43,3;29,5;7,5;0;0;29,1;41,2;24,2;5,5;0;12,2;21;17,2;25,1;11,9;12,5;3,5;33,7;57,8;5,1;0;6,26;5,94;6,24;6,58
67544;0;477;0;4,1;0;17,4;82,6;17,4;0;13,4;35,8;37,8;13;0;3,4;18,5;51,4;26,8;0;0;3,2;50;16,2;22,3;8,3;0;2,2;59,6;36;2,2;0;5,79;5,36;5,72;6,22
68004;0;518;0;0;0;10,9;100;0;4,4;15,6;34;35,3;10,6;3;2,5;20,6;54,2;17,4;2,5;0;8,1;52,8;6,7;11;17,5;3,9;2,7;51,9;39,5;0;5,9;5,99;5,22;6,06;6,68
68056;0;343;46;3,3;0;8,6;100;0;5;43;31;17,5;3,5;0;6,3;41,4;35;17,2;0;0;4,5;12,5;17,9;17,3;17;30,7;17,9;4,9;59;18,2;0;7,38;6,38;7,14;8,15
68063;0;968;0;0;0;4,6;97,4;2,6;7,6;10,1;30,1;43;9,2;1,1;6,1;21,2;50,5;19,7;1,3;0;3,4;73,2;10;8,5;4,9;0;3;53,9;38,6;3,4;1,1;5,84;5,14;5,93;6,37
68066;0;9815;44;1,8;0,9;8,5;94,3;5,7;8,1;20,2;36,7;27,1;7,9;3,8;4,8;23,7;45,9;19,2;2,2;0,4;14,9;46,4;10,1;15,2;10;3,4;6;56,7;25,7;3,7;7,8;5,96;5,2;5,85;6,64
68112;0;1542;15;2,9;0;10,2;95,1;4,9;5,2;20,3;35,3;29,7;9,5;3,4;2,9;25,9;43,8;19,7;3,7;0,7;13,5;53,3;19,1;9,7;3,4;1;11,2;72,4;12,2;4,1;0;5,61;4,76;5,44;6,32
68145;0;271;0;0;0;9,3;100;0;0;34,4;39,4;21,1;5;0;0;37,2;47,4;15,3;0;0;0;0;6;3,9;39,2;50,9;48,1;6,5;45,4;0;0;6,41;5,85;6,48;6,93
68149;0;917;0;1,2;0;7,7;95,8;4,2;2,6;10,6;40,9;37,3;8,7;2,4;0;15,2;46,1;31,2;5;0;9,1;76,2;7,7;4,9;2,1;0;4;82,3;10,2;1,2;2,3;5,53;4,89;5,43;5,99
68154;0;1265;64;1,1;2,5;8,4;96,4;3,6;4,6;12,6;30,6;44,7;7,5;4,1;0;12,5;57,7;21,3;4,4;0;0;65,8;4,2;4,4;2,2;23,4;7,5;51,2;34,9;2,2;4,2;5,98;4,84;5,77;7
68166;0;840;0;1,3;1,3;8,3;87,4;12,6;3,6;23,6;42,8;26,2;3,7;0;2,9;27,2;52;16,6;1,3;0;0;29;6,2;5,6;44,9;14,4;17,3;20,4;46,3;15,9;0;6,95;6,15;7,06;7,77
68195;0;515;11;3,1;2,5;7;100;0;0;20,5;45,2;29,4;4,9;2,2;2,9;26,7;55,3;12,9;0;0;12,2;36,3;2,2;14,8;21,5;13;18,8;31,5;43,7;6;0;6,54;5,53;6,69;7,28
68224;0;14057;42;2,7;1,3;8,1;97,9;2,1;4,5;22,8;35,5;26,8;10,3;3,1;3,5;31,4;33,5;22,3;5,4;0,8;18,6;41,5;11,5;12,6;14,7;1,2;4,6;42,6;38,1;6,1;8,6;6,2;5,28;5,98;7,02
68256;0;770;0;3,2;0;10,4;91,6;8,4;2,1;19,7;38,7;29,8;9,7;1,6;2,1;24;39,1;24,7;8,5;0;3,3;13,7;26;4,8;50,2;2,1;2,2;12,2;74,9;10,8;0;6,96;6,4;6,83;7,51
68271;0;931;29;1,5;0;10,6;87,1;12,9;2,9;20,5;39,5;27,7;9,5;0;5;20,6;46,5;26,7;1,1;0;8,8;46,3;3,9;9,1;13,4;18,5;11,4;19,4;67,2;2;0;6,64;6,29;6,69;7,16
68278;0;915;45;1,8;0;8,8;93,7;6,3;0;22,7;36;28,2;13;0;1,5;21,7;40,7;31,5;3,2;1,3;1,2;0;41,7;17,8;22;17,3;8,8;1,5;77,3;9,7;2,7;6,43;5,29;6,52;7,14
68297;0;2686;0;1,2;0;7,8;93,6;6,4;3,6;18,9;35,9;32,3;9,4;1,7;2;27,1;41,9;22,9;4;0,5;10;56,2;11,9;12;7,2;2,7;8;50,1;30,3;6,4;5,2;6,17;5,02;5,93;6,85
68298;0;518;0;14,3;14,4;7,4;97,7;2,3;2,4;18;50,7;24,4;4,4;2,1;0;19;63;13,8;2,1;0;19,2;51,2;27,2;0;2,4;0;2,1;91,2;4,3;0;2,3;5,37;4,91;5,3;5,75
68300;0;378;13;4,5;6,4;6,6;83,8;16,2;0;18,7;22,2;40,4;18,7;0;2,9;20,6;41,7;29,4;5,5;0;3,1;44,2;16,9;3,1;21,1;11,7;11,9;43,4;44,7;0;0;6,2;5,35;6,48;6,65
68315;0;452;0;0;0;10,6;91;9;5,7;15;41,7;29,1;8,4;0;3,7;31,1;37,6;25,2;2,4;0;12,7;57,2;14;13,1;2,9;0;16,8;60,5;17,5;2,8;2,4;5,63;5,08;5,4;6,26
68334;0;803;0;3,1;0;9,1;96,8;3,2;12;19,9;35,5;21,1;11,5;3,5;12,6;29,4;38,2;14,9;1,5;0;5,8;53,4;18;15,4;6;1,5;2,6;60,1;35,8;0;1,5;5,7;4,96;5,59;6,45
68374;0;571;0;0;0;9,6;91,7;8,3;0;20,1;39,2;31,9;8,8;0;2,5;26,2;47,9;19,5;3,9;0;12,4;28,5;8,8;18,7;7,8;23,8;17;29,5;47;4,6;1,9;6,37;5,94;6,34;6,86
68375;0;877;0;2,1;0;8,7;71,1;28,9;5,4;16,2;39,5;25,9;13,1;1,3;3,5;20,4;50,3;20;4,6;0;2,1;65,1;6,3;1,3;17,9;7,2;8,3;42,5;44,8;0;4,4;6,27;5,51;6,52;7,09
68376;0;1231;0;1,8;0,9;7,3;86,3;13,7;3,2;14,8;40,4;30,9;10,6;2,6;0;17,1;45,2;27,9;6;1,2;5,3;43,7;6,3;14,1;17,2;13,4;8,6;37,4;49,6;3,4;1;6,21;5,7;6,27;6,96
69006;0;368;0;4,2;4;11,8;82,5;17,5;2,9;17,2;44,2;27,6;8;0;2,9;19;42,9;32,2;2,9;0;5,6;23;39,5;6,5;16,5;8,8;3,4;47,3;49,3;0;0;5,72;5,33;5,67;6,37
69010;0;725;0;2,8;1,7;8,9;100;0;7;19,7;36,7;30,2;6,3;1,5;4,4;23,3;38,4;28;4,4;0;1,9;20,9;33,1;2,7;16,8;24,6;6,1;44,9;37,6;11,4;0;6,32;4,89;6,14;6,93
69019;0;1525;0;2,2;1;9,1;96,5;3,5;1,7;23,8;43;25,8;5,6;0;2,2;32,7;44,4;17,9;2,7;0;0,8;46,4;18,9;5;8,3;20,4;4,1;57;30;8,9;0;6,19;5,22;5,8;6,74
69027;0;1086;43;2,3;1,1;4,8;98,1;1,9;1,9;25;37,3;28,3;7,6;0;2,6;26,8;50,4;18,1;2,2;0;0;25,7;24,7;6,1;5,3;38,2;10,7;48,2;28,8;9,1;3,2;7,03;6,27;6,69;7,56
69029;0;4502;34;0,8;0,3;5;99,1;0,9;9,3;23,4;33,7;25,5;8,1;7,2;2,4;43,2;33;11,9;2,3;0;0,8;66,3;10,8;3,7;7,2;11,2;1,6;64,9;19,7;7,1;6,8;7,15;6,11;6,89;7,64
69034;0;3847;52;1,2;0,8;7,7;99,2;0,8;7;23,2;34,1;27,2;8,6;3,3;8,7;28;36,6;19,4;3,7;0,3;3,7;49,1;9,2;14,1;10,9;12,9;7,9;43,3;32;12,5;4,3;7,3;6,11;6,95;8,31
69040;0;711;41;2,9;3,1;7,1;94,6;5,4;22;28,7;25,9;17,8;5,5;7,9;12,8;28,6;30,9;16,4;3,4;0;0;20;6,5;16,1;26,9;30,5;10,7;18,7;52,9;12,1;5,6;7,47;6,7;7,23;7,98
69043;0;592;32;3,3;2,4;13,2;97,8;2,2;2;30;38,6;23,1;6,3;0;3,3;32,2;47,7;16,7;0;0;2,2;5,7;13,2;12,7;21,7;44,5;14,9;7,9;61,8;15,4;0;7,55;6,86;7,53;7,98
69069;0;849;0;1,6;1,5;8,2;98,5;1,5;3;28,7;42,6;20,7;5;0;2,5;29;50,7;17,8;0;0;1,6;7;10,1;18,4;33,1;29,8;12,2;16,7;51,2;16,6;3,3;7,41;6,49;7,24;7,86
69072;0;646;33;2,4;0;6,8;87;13;5,3;19,5;34,2;29,7;11,3;0;7,1;19;40,7;29,6;3,6;0;0;6,9;35,3;18,3;14,4;25;7,9;16,1;57,7;16,1;2,2;7,35;6,56;7,12;7,81
69081;0;2732;0;5,7;2,9;10,1;97,8;2,2;31,2;11,2;24,8;21,6;11,2;28,8;1,2;19,9;24,5;20,7;4,1;0,7;3,1;52,2;2,9;27,7;2,9;11,2;2,3;49,3;11,3;18,2;18,9;6,42;4,95;5,89;7,53
69088;0;767;11;0;0;8,2;96,4;3,6;0;26,1;36,9;28;9;0;0;29,1;50,9;14,4;5,6;0;1,6;42,3;18,6;0;24,2;13,4;4,3;59,2;25,9;3,6;7;7;6,04;6,61;7,61
69089;0;1081;29;1,4;0;8,8;96,7;3,3;3;23,5;38,9;27,9;6,7;0;4,9;21,9;52,6;19,4;1,2;0;0;17,8;7,1;13,7;39,7;21,7;8,7;18,5;52,5;19;1,4;7,38;6,46;7,26;7,77
69091;0;3449;24;0;0;7,7;98,7;1,3;4,1;15,9;40,1;31,6;8,4;0,5;7,6;30,6;43;15,7;2,3;0,3;1,7;61;23,6;6,2;3,3;4,2;1,9;72,6;21,8;3,8;0;5,56;4,91;5,28;5,96
69092;0;840;28;4,2;1,4;7,7;87,6;12,4;1,3;12,1;33,9;39,8;12,8;0;1,3;17,4;44,3;31;4,6;1,3;2,7;45,9;40,7;0;2,8;8;2,8;54,5;35,1;7,6;0;6,1;5,43;5,89;6,72
69096;0;1154;0;0;1,5;7,5;95,2;4,8;4;17,5;40,9;30,4;7,3;0;7,5;37,5;40,1;13,1;1,7;0;0;63,2;8,6;13,1;10,9;4,2;3,4;60,2;31,1;5,2;0;6,23;5,49;6,09;6,83
69100;0;694;0;1,7;0;6,4;90;10;4,3;16,5;34,9;31,8;12,5;0;4;20,3;40,4;29,7;5,7;0;0;45;38;2,8;0;14,2;5;60,7;31,4;2,9;0;6,48;5,79;6,35;7,05
69123;0;54827;753;1,6;0,6;6,2;99,6;0,4;13,3;24,8;33,5;22;6,4;8,3;8,6;32,6;33,4;14,2;2,4;0,5;19,4;31,8;8,1;14;12,4;14,2;8,1;35;36,5;15,5;4,9;;;;
69142;0;695;0;0;0;4,4;100;0;7,7;22,1;40,7;21,5;7,9;2,6;9,8;49,9;27,3;8,9;0;1,6;1,9;82,9;9,5;0;1,6;4,1;2,2;85,1;10,3;2,4;0;6,3;5,66;6,23;6,83
69143;0;877;0;1,5;0;6;100;0;1,4;17,4;39,6;33,1;8,6;0;2;20,4;56,8;19,3;1,6;0;3,5;41,5;45,3;0;0;9,8;4,4;80,6;12,9;2,1;0;6,15;5,7;5,99;6,4
69149;0;3419;54;1,1;0,5;5,9;98,3;1,7;8;20,3;36,6;26,7;8,5;5,5;4,1;28,2;41,5;17,4;2,7;0,5;9,6;33,7;20,9;13,6;8,4;13,8;4,4;44,7;36,1;11,2;3,6;6,62;5,42;6,51;7,43
69191;0;355;35;9,9;0;5,6;92,8;7,2;3,1;29,9;38,9;19,4;8,7;3;4,3;26,9;44,3;15,2;3,3;3;0;23,8;5,5;5,5;4,4;60,8;23,4;13,9;59,5;0;3,2;6,96;6,51;7;7,63
69194;0;206;21;0;0;6,3;94,6;5,4;4,8;22,7;36,2;26,2;10;0;7,8;20;43,9;16,1;5,2;7;6;5,5;14,4;8,5;11,9;53,7;18,6;0;69,1;7,3;5;7,1;6,62;7,05;7,43
69199;0;3314;51;1,5;1,2;4,7;98,5;1,5;6,6;16,4;39,1;29,8;8,1;0,9;6,6;26,5;47,3;16,2;2,2;0,3;8,7;56,7;11,7;12,9;5,4;4,6;2,7;63,1;25,6;4,6;4,1;6,53;5,68;6,45;7,16
69202;0;1257;38;1,7;0;7,9;97,5;2,5;1,6;17,4;43,6;29,5;7,9;1,2;1,8;20,3;52,1;21,7;2,9;0;9,9;35,6;19,1;4,5;13,6;17,2;8,7;41;37,2;11,7;1,4;6,66;5,57;6,45;7,47
69204;0;1522;0;1;0;8;87,6;12,4;5,4;17,1;30,5;37,7;9,3;2,3;3,6;15,5;43,2;29,2;5,5;0,8;1,4;35,2;33,4;10;10,8;9,1;5,9;44,5;36,3;8,2;5,1;6,77;5,9;6,6;7,42
69243;0;1617;0;2;2,3;7,7;94,3;5,7;4,2;15,4;37,6;32;10,8;1,4;3,5;27,3;42,5;21,8;2,8;0,7;7,8;38,2;14,3;16,2;7,3;16,3;3,4;55,8;34,7;3,8;2,3;5,5;4,62;5,31;6,4
69244;0;1301;40;2,1;1;7,2;100;0;3,8;22,8;36,8;27,5;9,2;0,9;4,2;28,6;43,4;19,4;3,5;0;1,8;22,4;14;8,2;30,4;23,2;9,8;19,1;38,9;26,9;5,3;7,38;6,42;7,19;8
69256;0;9700;0;1,9;1,1;7,3;98,5;1,5;8,9;18,1;36;29,3;7,7;3,6;5,8;20,7;46,6;21;2,1;0,1;1,9;61,7;8,2;3,2;14,7;10,3;3,1;64,3;22,1;8,6;1,8;5,94;4,84;5,58;6,81
69259;0;12971;161;1,2;0,5;6,5;99,1;0,9;4;18,1;36,3;30,6;11;1,7;3,1;25,9;45,1;22,1;2;0,1;0,7;68,1;9,2;2,3;7,5;12,2;3,1;69,7;13,6;9,6;3,9;6,06;4,97;5,76;6,86
69264;0;5517;0;2,6;1,4;6,4;96;4;2,1;22,2;37,9;30,5;7,3;0,6;4,4;28,9;41,2;22,2;2,4;0,3;13,1;39,1;17,8;7,1;13;9,9;5,5;55,5;32,7;6,3;0;6,19;5,14;6,12;7,02
69266;0;21043;421;1,7;0,6;5,9;99;1;17,2;23,4;31,3;21,9;6,2;12,9;7,4;27,5;33,9;15,7;2,3;0,4;12,7;21,4;17,1;19,8;12,1;17;5,5;32,4;36;18,8;7,3;7,23;6,22;7,06;7,74
69271;0;738;11;1,5;0;6,4;86,1;13,9;3,4;20,8;43;27;5,7;0;1,5;27,3;46,1;22,2;2,9;0;0;21,6;24,8;8,2;12,3;33,1;13,6;34;46,9;5,6;0;6,62;5,67;6,34;7,33
69273;0;662;0;2;0;5,1;83,3;16,7;1,9;19,2;37,1;32,2;9,6;0;1,8;21;36,9;38,3;2;0;0;2,1;3,8;41,5;29,6;23;9;0;68,4;16,6;6;7,84;7,05;7,62;8,27
69275;0;2977;0;1,7;0,4;5,5;94,2;5,8;5,2;19,1;37,8;28;9,9;2,1;3,4;29,7;36,5;25,5;2,3;0,4;0,6;46,5;8,3;10,2;19,8;14,7;8;52,4;33,8;4,8;1;6,6;5,55;6,46;7,44
69276;0;1338;0;1,3;1,3;7,6;98,7;1,3;4,3;17,9;40,5;29,6;7,7;1;3,9;25;44,4;24,6;1,1;0;0;36,5;16,4;1,2;9,2;36,7;8,9;46;34,6;9,4;1,1;6,69;5,52;6,55;7,42
69277;0;532;15;0;0;4,5;59,7;40,3;2,3;18,4;38,3;35,2;5,8;0;0;24,2;41,6;30,9;3,3;0;0;3,1;13,7;8,7;40,8;33,7;15,8;0;75,4;8,8;0;7,32;6,64;7,14;7,91
69279;0;22;0;;;;;;;;;;;;;;;;;;;;;;;;;;;;;9,94;;;
69282;0;2698;0;1;0,5;6,2;94,3;5,7;2,4;20,1;35,2;31,1;11,2;0,5;3,2;20,2;48;24,6;3;0,4;0,4;33,5;14,9;7,7;19;24,5;7,9;41,7;35,5;13,2;1,7;6,93;5,67;6,96;7,79
69283;0;904;11;1,2;0;5,1;69,4;30,6;4,4;19,7;33,4;32,4;10,2;1,4;4,5;20,8;34,9;34,6;3,8;0;6,3;6,9;11,4;8;35,4;32;14,7;7;71;7,3;0;7,12;6,61;7,02;7,51
69286;0;6320;41;5,8;4,1;4,8;99,4;0,6;3;14,8;34,3;35;12,9;0,9;3,1;15,5;54,3;20,9;5;0,4;0;86,1;1,3;1,4;4,8;6,4;1,4;84,3;7,1;3,5;3,5;5,92;5,19;5,74;6,34
69287;0;152;11;7,1;0;7,9;62,3;37,7;7,7;24,4;28;39,9;0;0;7,4;27;31,1;34,5;0;0;0;0;0;15,6;46,3;38,1;14,3;0;50;25;10,7;7,88;6,64;7,42;8,98
69290;0;6393;81;1,3;0,2;4,1;98,5;1,5;6,1;16,2;33,8;31,6;12,3;4,3;3;16,9;40,4;32,7;2,5;0,2;1;50,5;16,8;6,8;13,4;11,5;3,6;62,3;22,5;7,6;4;5,88;4,89;5,42;6,6
69291;0;254;0;0;4,3;4,4;89,7;10,3;4,8;19,4;42,1;29,7;4;0;0;27,9;57;15,1;0;0;0;29,3;12,7;0;26,1;31,8;17,9;22,1;51,2;8,8;0;6,68;5,48;6,79;7,4
69381;0;2764;18;2;1;8,5;100;0;15,1;31,9;33,2;15,4;4,3;9;11,4;32,6;30;12,2;3,7;1,1;60,5;13,2;7,8;13,4;4,4;0,8;15,5;14,5;55,2;10,3;4,4;7,25;6,03;6,81;7,81
69382;0;2423;21;0,7;0,5;5,1;100;0;21,1;26,4;31,8;16,1;4,6;14,1;9,2;32,4;28,4;12,8;2,6;0,5;37,1;5,5;0,6;12,5;17,5;26,8;15,6;16,5;46;16,9;4,9;7,31;6,45;7,08;7,69
69383;0;8783;124;1,3;0,5;5,4;99,7;0,3;12,3;25,2;36,2;21,2;5;6,2;8,1;29,9;35,3;16,4;3,4;0,7;25,9;15,5;9,4;27,2;12;10;9,7;16;47,8;18,5;8;7,74;6,61;7,47;8,54
69384;0;2827;19;1,5;0,4;4,7;98,5;1,5;6;23,1;36,3;27,8;6,8;2,8;4,9;34,1;39,5;14,3;3,4;1;18,6;39,9;5,1;21,7;8,2;6,4;6,5;41,5;37,4;9,7;4,9;6,94;5,85;6,61;7,62
69385;0;3120;52;1,5;0,4;5,6;100;0;11,1;22,1;31,8;26,7;8,4;2;11,1;25;43,5;15,9;1,9;0,6;13,5;49,9;9,8;12;4;10,9;10,1;41,8;37,4;7;3,8;6,9;5,9;6,65;7,59
69386;0;2731;41;1,7;0,7;6;100;0;21,1;27,6;29,2;17,6;4,6;9,2;10,7;30,8;31,7;14,5;2,6;0,5;25;18,1;21,8;17,1;14;4;8,7;16,3;58,2;9;7,8;7,57;6,53;7,23;8,11
69387;0;8323;95;1,3;0,7;6,1;99,4;0,6;21,4;23,2;29,6;19,8;6;15,5;6;25,9;34;15,2;2,8;0,6;11,9;14,2;14;15,3;19,3;25,2;10,7;10,3;51,5;21,4;6,1;7,66;6,45;7,31;8,37
69388;0;14802;303;1,9;0,5;5,8;99,7;0,3;8,1;27,3;36,1;21,7;6,7;5,5;10,8;41,4;29,4;11,6;1,2;0;13,5;52,3;5,5;4,4;9,8;14,4;4,8;61,6;16,4;14,5;2,7;7,06;6;6,68;7,63
69389;0;9065;108;1,9;0,8;7,8;99,6;0,4;13,6;19,6;31,3;26,7;8,8;9,9;6,2;30,2;35,3;15,6;2,3;0,4;13;38,6;3,5;13,8;15,6;15,5;4,5;45,3;29,5;16,5;4,1;7,07;5,94;6,67;7,75
70279;0;826;0;8,7;5,5;12,4;96,6;3,4;4,4;14,7;42,5;26,4;12;1,5;2,3;27,9;51,3;12,3;4,8;0;5,1;75,7;12,6;2,3;1,5;2,7;4,5;86;9,6;0;0;4,82;4,36;4,67;5,1
70285;0;1534;0;3,2;1,1;11,6;86,8;13,2;5,3;19,8;37,3;27,9;9,8;2,5;3,2;26;49;16,2;2,2;0,8;5;41;15,2;21,6;14,8;2,4;3,9;50,3;39,1;6,7;0;5,48;4,45;5,21;6,47
70310;0;856;0;2,7;1,5;13,1;87,9;12,1;3,8;14,8;38;31,9;11,5;0;2,6;21,1;57,4;17,5;1,4;0;3,3;69,3;10,8;3,3;8,9;4,5;5,4;64,5;23,7;4,2;2,1;5,06;4,44;4,75;5,45
70311;0;751;0;4,7;2,4;11,8;91,6;8,4;3,7;14,9;31,2;42,5;7,8;2;5,6;25,4;53,4;12;1,6;0;7,2;64,2;13,8;6,6;6,8;1,5;3,2;75,4;18,9;2,5;0;4,88;4,3;4,64;5,22
70550;0;2930;20;0,7;0,4;9,1;91,6;8,4;5,2;21,5;38,5;26;8,8;1,2;6,5;27,1;48,5;14,9;1,7;0;6;54;19;11,6;5,8;3,6;4,6;66,4;25,9;2,2;0,9;5,18;4,35;4,89;5,93
71014;0;2386;0;14,9;13,4;9,9;94,4;5,6;4,4;16,6;39,4;31,5;8,2;0,8;1,2;36,2;49,5;11,6;0,6;0;0,7;76,3;8,3;9,9;4,7;0;1;76,5;16,4;2,5;3,6;5,57;5,01;5,44;5,93
71040;0;572;0;10,6;8,7;10,5;82,1;17,9;2,2;16,5;38,5;30,1;12,7;0;1,9;18,5;51,1;26,3;2,1;0;3;23,4;60,1;5,6;8;0;0;51,3;44,7;2;2;5,87;5,17;5,66;6,51
71047;0;344;0;12,2;5,2;12,2;68,8;31,2;0;26,3;43,9;26;3,9;0;6,2;34,7;36,2;22,9;0;0;0;66,3;9,5;7,1;13,8;3,4;7,7;62,8;25,4;4;0;5,72;5,18;5,66;6,18
71073;0;646;0;1,7;0;11,8;87,8;12,2;2,2;18,5;44,3;27,3;7,8;0;1,7;35,8;42,1;20,3;0;0;5,9;44,2;18,5;29,7;1,7;0;5,2;50,7;42,4;1,7;0;5,68;5,01;5,58;6,32
71076;0;7587;0;3,4;2,2;10,9;97,1;2,9;6,1;17,4;38,1;30,5;7,8;2,7;4,3;23,6;52;14,9;2,1;0,4;4,7;62,8;14,6;7,3;6,4;4,2;2,2;68,4;21,6;5,2;2,6;5,82;5,22;5,62;6,31
71105;0;779;0;0;0;7,8;75,6;24,4;1,4;17,5;39,3;36,5;5,2;0;2,2;23,1;38,7;34,6;1,4;0;0;14,3;10,6;21,7;14,5;38,9;17,2;12,9;55,2;13,2;1,5;6,52;5,68;6,28;7,21
71118;0;469;0;4,8;5,2;11,3;74,7;25,3;0;14,4;39,2;39;7,3;0;2,4;12,4;44,2;35,3;5,7;0;2,4;0;30,4;43,8;13,6;9,8;11,7;12,6;70;3,3;2,4;6,21;5,57;6,27;6,71
71153;0;3859;0;13,8;11,8;10,1;84,9;15,1;8,7;20,2;40,2;26,5;4,5;4,9;6,9;35,4;38,5;12,9;1,5;0;12,8;63,6;9,2;5,3;5,6;3,5;1;68,5;21,7;4,2;4,6;5,95;5,44;5,9;6,33
71176;0;580;0;15,3;14,4;12,4;89,4;10,6;2;16,4;38,9;36,5;6,1;0;2,4;28,8;48,1;20,7;0;0;0;81,3;13;5,7;0;0;1,9;85,4;12,7;0;0;5,11;4,38;5,05;5,8
71230;0;588;0;15,5;13;9,4;78,9;21,1;2,6;19,1;37,4;35,8;5,1;0;4,7;24,4;56,1;14,8;0;0;0;78;10,9;9;2;0;7,3;68;19,8;0;4,8;4,88;3,83;5,05;5,89
71263;0;364;0;5;0;10,3;69,7;30,3;3,8;11,8;37,3;37,3;9,9;0;4,9;28;37,4;29,7;0;0;0;58,4;35,7;3;3;0;4,9;67,3;27,7;0;0;5,76;5,14;5,48;6,33
71270;0;6621;0;1,5;0,8;7,5;94,1;5,9;4,2;18,8;36,7;32,4;7,9;1,1;4;33,1;44,5;15;2,1;0,2;3,7;60,8;16,3;4,5;7,5;7,2;2,8;62,3;27,4;4,7;2,7;5,66;5,1;5,49;6,09
71306;0;3848;13;9,9;7,7;10,4;76,9;23,1;3,1;18,1;46,8;26,4;5,6;0;4,2;24,8;52,3;17,1;1,2;0,3;16;58,4;16,9;1,3;6,8;0,6;2,2;74,6;19,3;0;4;5,5;4,99;5,51;5,91
71310;0;915;0;12;8,8;10,3;75,8;24,2;3,6;16,5;40,8;30,2;9;0;4;36,8;40,1;16,4;2,7;0;9,5;51,2;36,2;1,4;1,6;0;1,4;66,3;31,1;0;1,2;5,88;5,36;5,69;6,34
71342;0;999;0;4,9;1,7;14,2;90,2;9,8;10,1;16,4;38,7;29,2;5,6;1,4;9,3;32,4;40,9;13,8;1,1;1,2;4,9;67,5;10,8;7,7;9;0;1,1;73,1;21,3;4,6;0;5,72;5,15;5,71;6,21
71445;0;499;0;0;0;8,2;53,6;46,4;6,2;12,4;33,8;44,1;3,5;2,6;8,3;9,1;38,3;41,7;0;0;3,7;0;12,4;35,3;42,1;6,6;12,5;0;71,3;13,6;2,7;6,36;5,97;6,36;6,62
71475;0;482;0;3,9;2,3;8,1;69;31;3,2;12;32,3;43,5;9;0;0;11,1;35,5;44,8;5,8;2,8;5,2;9,1;30,4;28,6;24,4;2,2;5,4;3,1;75,3;12,4;3,7;6,37;5,75;6,34;6,9
71486;0;751;11;14,9;11,9;14,6;56,5;43,5;1,7;12,8;45,9;27,3;12,3;0;1,8;29;43;17,8;8,5;0;38,6;29,8;22,7;0;5,7;3,3;3,3;57,1;27,6;2,7;9,2;5,15;4,43;5,15;5,89
71499;0;550;0;9,8;10,5;11,9;46,8;53,2;1,9;16,5;41,8;34,3;5,4;0;2;24,1;39,9;31,8;2,3;0;31;44;17,4;4,8;2,8;0;3,6;56,8;29,9;0;9,7;5,69;5;5,67;6,39
71543;0;539;0;5,6;2,3;12,6;87,8;12,2;3;15,6;39,6;33,8;8;0;4,1;24,3;49,8;19,7;2;0;6,9;55,5;11,7;23,2;2,8;0;4,7;55;38,3;2,1;0;5,78;5,11;5,87;6,46
72003;0;2187;46;2,3;0,8;9,2;92,9;7,1;1,9;12,2;49;28,8;8,1;1;1,5;18,8;51,3;24,8;1,7;0,8;0;80,1;2;1,7;6,9;9,3;4,5;80,1;15,4;0;0;5,07;4,49;4,88;5,47
72008;0;380;0;3,1;3,4;11,3;54,4;45,6;0;16,8;47,1;29,2;6,9;0;3,5;17,1;47,6;28,5;3,3;0;0;19,6;24,6;18,5;3,6;33,7;15,9;22,5;61,6;0;0;6,2;5,46;6,26;6,78
72058;0;321;48;0;0;9,9;36,2;63,8;3,1;30,4;38,6;23,9;4;0;0;33,5;46;20,4;0;0;0;0;31;7,3;22,7;39;22,3;0;77,7;0;0;6,51;6,06;6,45;6,84
72071;0;471;0;0;2,3;10,8;55;45;2,4;9,8;52,3;31,2;4,3;2,4;0;19,5;56,9;18,9;2,2;0;0;71,5;18,5;2,6;4,3;3;2,9;84,1;13;0;0;4,81;4,36;4,68;5,06
72095;0;1582;0;3,1;2,5;9,9;99;1;4,6;15,4;39,4;33,2;7,4;2,3;2;16,2;50,3;25,2;4;0;0;94,5;2,1;0,8;0;2,5;0,7;93,9;5,4;0;0;5,32;5,01;5,18;5,46
72124;0;203;0;0;0;13,6;48,8;51,2;0;23,7;49,3;21,8;5,2;0;0;24;57,7;18,3;0;0;0;17,6;32,2;5,4;0;44,9;13;37,7;49,3;0;0;5,56;4,58;5,8;6,32
72132;0;957;0;1,2;1,2;7,2;95,1;4,9;4,2;17,1;56,2;18,7;3,9;0;4,8;31,1;50,3;13,9;0;0;0;70,5;12,2;7,3;2,4;7,5;2,5;82,5;13,9;0;1,1;5,11;4,79;5,13;5,49
72154;0;1612;0;0;0,7;9,2;81,2;18,8;1;19,8;47,4;24,6;7,2;0;0,7;17,8;55,7;22,5;2,5;0,9;0;51,5;28,1;10,9;5,1;4,4;3,8;73,1;23;0;0;4,83;4,13;4,82;5,62
72176;0;241;0;0;0;12,2;40,4;59,6;4,6;7,9;53,3;29,2;5;0;0;11,9;71,1;12,3;4,7;0;0;34,8;53,3;11,9;0;0;0;62,1;37,9;0;0;5;4,44;4,65;5,56
72180;0;506;0;0;0;7,5;42,4;57,6;0;8,9;54,9;29,8;6,3;0;2,3;12,6;67,2;17,8;0;0;0;75,6;11,3;8,6;2,1;2,4;3;84,6;12,4;0;0;4,91;4,51;4,8;5,18
72181;0;20854;182;1,3;0,4;9;91,1;8,9;5,9;23,1;39;25;7;2,5;3,9;28,8;44,6;17,3;2,6;0,3;1,5;48,3;22,3;12,1;9,7;6,2;4,1;53,8;39,5;0,7;1,8;5,87;5,15;5,84;6,55
72213;0;414;0;0;0;7,7;43,6;56,4;0;16,9;48,2;29,5;5,3;0;0;16,2;52;31,9;0;0;0;0;47,3;0;10,2;42,5;20,5;9,5;70;0;0;6,23;5,86;6,31;6,56
72264;0;2095;0;2,1;1,2;9,9;86;14;4,7;18,4;46,9;24,1;5,9;0,5;4,2;23,7;48,4;20,4;2,8;0;0;49,4;29,5;13,2;4,3;3,6;2,5;66,8;28,3;0;2,5;5,07;4,39;4,96;5,6
73008;0;2742;92;0,7;0,4;7,3;96,5;3,5;4,5;22,9;41,7;25,2;5,7;0,9;4,2;31,6;44,6;16,9;1,3;0,4;2,1;31,7;8,9;14;19,1;24,2;10,6;27,7;47,6;12,7;1,4;6,66;5,76;6,34;7,1
73011;0;2757;0;5,1;3,1;10,8;96;4;4,6;20,9;40,4;26,4;7,6;1,3;4,7;26,3;48,3;16,3;3,1;0;5,2;35,5;17,7;19,2;14,2;8,2;3,3;45,5;44,8;5,9;0,6;6,51;5,71;6,4;7,12
73054;0;820;0;0;0;10;100;0;11,7;15,2;37,9;28,3;6,9;2,9;8;18;49,4;20,2;1,5;0;2,6;25,8;46;12,9;5,6;7,1;3,7;42,6;42,9;7,1;3,8;6,64;5,51;6,2;7,53
73065;0;8645;28;1,1;0,2;6,5;99,2;0,8;12,2;20,6;33,3;26,9;7;5,4;8,5;28,2;40,9;12,4;3,5;1;4,6;51,6;10,7;14,9;12,1;6;6,9;51,4;35,5;4;2,2;6,25;5,28;6,08;7,04
73087;0;766;19;3,8;1,8;5,8;92,1;7,9;3,3;22,3;34;32,3;8,2;0;4,1;23,4;49,9;22,7;0;0;9,5;47,7;8,4;13;3,4;17,9;4,8;51,5;42,2;1,5;0;6,52;5,66;6,47;7,43
73179;0;830;29;1,5;2,2;8,9;96,7;3,3;10,7;24,5;33;24,2;7,6;5,9;7,1;23,9;47,5;14,1;1,4;0;6,7;10,4;29,8;23,3;21,8;8;9,7;25;59;3,7;2,5;7,26;5,98;7,06;8,1
73213;0;915;0;0;0;4,9;96,2;3,8;5;23;40,7;25,8;5,5;0;4,9;23,6;49,1;19,5;1,6;1,3;0;13,9;28,2;15,3;13,5;29,1;9,4;40,8;42,4;6,2;1,2;6,86;5,61;6,74;7,66
73222;0;463;0;0;0;5,5;100;0;5,5;33;35,5;23,8;2,3;0;5,1;35,2;41,3;15,5;0;3;2,8;0;9,3;18,8;11,2;58;17,8;5,1;73,8;3,3;0;7,29;6,78;7,22;7,68
73248;0;1081;0;2,5;1,2;9,8;99;1;2,5;16,3;45,2;29,6;6,3;0;1,7;27,1;52,2;18;1,1;0;1,4;52,3;32,9;7,3;4,9;1,3;1,1;55,1;39,2;0;4,6;5,81;5,07;5,7;6,68
73303;0;1377;0;1,5;0;8,9;89,3;10,7;2,3;20,8;41,9;31,7;3,3;0,8;3,4;30,7;52,3;11,1;1,6;0;14,4;57,9;10;11,7;3,6;2,5;4;64;29,6;2,5;0;5,32;4,65;5,24;6,02
74008;0;576;59;0;0;5,7;100;0;5,4;24,9;39,1;26,4;4,2;0;5;23,2;50,3;19,6;2;0;1,9;5,4;13,1;17,5;19,3;42,9;17,4;13;57,3;5,6;6,8;7,5;6,54;7,25;7,9
74010;0;13186;182;0,8;0,1;6,7;99,6;0,4;12,2;22,8;34,4;24,2;6,4;6,9;5,5;25,5;41,6;18,5;1,8;0,2;0,7;28,9;11,8;17,6;17,3;23,7;8,5;30,7;46;10,7;4,1;7,17;6,22;7,03;7,78
74012;0;4509;70;1,6;0,6;5,1;99,4;0,6;4,8;20,5;40,8;27,5;6,5;1,4;3,4;26,5;48,6;18;1,9;0,2;0,8;27,3;17,5;11,4;27,8;15,2;7,9;37,2;40;12,7;2,2;6,9;6,01;6,81;7,5
74042;0;1315;51;2,4;0;6,3;97,7;2,3;2;20,7;34,3;36;7,1;0;1;22,6;55;19,3;2,1;0;0;36,7;6,8;22,9;13,6;19,9;11,6;37,2;38,5;8,8;3,9;6,57;6,01;6,42;7,04
74056;0;736;11;0;0;5;97,3;2,7;2;23,1;40,6;28;6,2;0;2,6;31,1;49;15,6;1,8;0;0;52,9;7,1;8;19,8;12,2;6,2;52,2;33,6;8,1;0;6,51;5,92;6,66;7,26
74081;0;1759;48;4,3;1,3;6,4;99,4;0,6;2,5;21,7;43,2;29,5;3,1;0;2,7;32,4;54,2;10;0,7;0;0;60,9;7,3;16,4;3,8;11,5;5,2;54,6;29,2;4,4;6,5;6,33;5,74;6,14;6,75
74119;0;1153;12;2,7;0;7,4;97,6;2,4;4,2;23,4;34,7;31,8;5,9;2,1;3,2;27,5;52,7;14,6;0;0;0;28,3;27,1;11,2;13,5;19,9;4,3;35,6;45,6;13,5;1;6,78;5,52;6,46;7,54
74123;0;782;0;1,5;0;10,5;95,2;4,8;2,8;11,6;34,6;37,4;13,6;2,3;1,6;19,9;55;19,4;1,8;0;0;53,7;35,2;5,6;2,6;2,9;1,4;89,3;9,2;0;0;5,61;5,18;5,42;5,83
74133;0;1204;49;0;0;5,9;99,1;0,9;28,6;13,2;30,4;19,8;7,9;18,2;8,5;16,6;43,2;12,6;0,9;0;0;56,6;6,9;13,4;17,2;5,9;6,1;43,6;42,8;6,6;0,9;6,96;5,91;6,61;7,68
74164;0;434;0;3;2,6;9,3;93,7;6,3;0;19,2;46,8;29,2;4,9;0;3;29,2;42,9;22,4;2,5;0;2,7;21,4;0;25,2;19,8;30,9;8,3;21,7;52,7;13,6;3,7;6,81;6,16;6,43;6,93
74208;0;715;69;0;0;12,2;100;0;4,4;20,1;38,1;26,3;11,2;1,8;2,6;23,3;41,2;27,9;1,5;1,5;0;15,9;50,7;3,9;6,6;22,8;7,9;28,5;59,3;2,7;1,7;5,95;5,09;5,83;6,62
74213;0;647;42;0;0;5;98,3;1,7;4,3;32,6;40;19,8;3,4;0;4,4;34,4;48;13,1;0;0;0;0;4,7;37,3;9;49;20,2;0;64,7;13,1;2;7,71;6,89;7,41;8,05
74220;0;593;23;2;0;11,9;100;0;2,8;29,7;42;25,5;0;2;2;29,8;48,3;17,9;0;0;0;6,6;5,4;18,7;17;52,4;19;13,2;59,8;5,1;2,9;7,14;6,53;7;7,51
74224;0;880;43;1,4;0;6,6;98,6;1,4;5,2;22,9;41,6;24,4;5,9;0;4,6;28,2;47,9;17,8;1,5;0;1,7;30,4;11,7;9,9;36,3;10;5,6;38,6;39,2;15,4;1,2;6,52;5,23;6,59;7,22
74225;0;1420;0;1;0;8;95,5;4,5;7,1;15,3;38,4;29,7;9,5;1,3;5,4;18,4;50,4;21,7;2,7;0;0;26,1;25,5;17,5;18,6;12,4;7,6;45,4;38,1;7,5;1,4;6,3;5,32;6,21;7,03
74236;0;282;0;6,7;0;8,1;100;0;10,8;16,8;40,1;25,4;6,8;4,9;0;25,3;46;18,5;5,3;0;4,3;0;39,7;21;26,1;8,9;4,4;15,7;60,6;19,3;0;6,98;5,99;6,72;7,96
74242;0;379;55;0;0;10,3;100;0;0;27,9;44,8;23,6;3,8;0;0;32;53,3;14,8;0;0;0;7,8;18,8;8,3;21,8;43,4;20,4;15,3;60,9;3,5;0;6,99;6,39;7,15;7,57
74243;0;1492;11;0,8;0;6,9;100;0;9;20,1;35,3;30,6;5;5,1;4,3;21,5;46,8;20,8;1,5;0;0;21,6;9;16,5;26,3;26,7;9,9;17,4;56,3;16,4;0;7,44;6,45;7,21;7,81
74250;0;492;25;2,3;0;9,1;95;5;0;27,6;44,9;22,9;4,6;0;2,6;25,2;49;20,4;2,8;0;0;0;6,5;31,3;6,1;56,1;19,5;0;77,6;2,9;0;6,72;6,4;6,67;6,97
74256;0;1082;109;1,7;0;8,7;98,2;1,8;6,5;25;37,6;24,8;6,2;0;6,4;26,1;49,9;16,1;1,6;0;0;24,3;14,7;16;12,8;32,1;9;24,6;58;6;2,4;6,67;5,93;6,77;7,21
74264;0;778;0;1,7;0;9,8;91,3;8,7;8,2;31,5;29,1;22,8;8,3;2;8,8;28,7;44;14,8;1,7;0;0;38,5;3,1;13,1;5,7;39,6;8,4;34,4;34,5;21,4;1,4;6,91;6,25;6,48;7,12
74280;0;279;0;0;0;8;100;0;5,4;23,6;34;30,1;6,9;0;6,6;28,5;52,9;12;0;0;0;18,1;41,9;10;8,8;21,2;12;50,6;37,5;0;0;6,66;6,3;6,62;7,01
74281;0;4265;215;1,4;0,4;8,3;98,4;1,6;3,8;22,1;41,6;26,9;5,6;1,3;3;26,8;54,6;13,3;1,1;0;0,3;36,5;15,1;10,4;8,8;28,9;9,4;38,6;41,1;7,8;3;6,51;5,16;6,41;7,26
74298;0;886;68;1,2;0;6,6;98,5;1,5;1,3;34;43,5;18,1;3;0;2,3;36,1;43,6;16;2;0;0;1,3;0;18,5;24,3;55,9;22;0;62;8,8;7,2;7,8;6,95;7,47;7,88
74305;0;852;0;0;0;4,8;100;0;2,4;23,9;42,9;22,9;7,9;0;2,9;28,6;43,8;21,9;2,8;0;0;10,3;29,3;15,7;20,2;24,4;11,1;12,1;65,9;8;2,9;7,14;6,39;6,93;7,6
75056;0;245902;1203;1,5;0,6;5,1;99,9;0,1;18,2;27,6;30;18,1;6,1;11,6;11,7;32,9;28,5;12,2;2,6;0,5;32,3;25,4;16,4;12,3;7,4;6,2;5,2;35,5;37,5;13,2;8,6;;;;
75101;0;1145;0;2,1;1;3,2;100;0;27;27,8;26,4;13,8;5;15,2;15,1;28,7;24,3;12,3;4,4;0;41,8;1;28,7;2,8;6,2;19,6;13,7;5,6;73,2;6,3;1,2;8,49;6,88;7,77;9,07
75102;0;703;11;2,3;1,6;3,6;98;2;24,6;33,3;25;13,7;3,4;17,5;14,1;30,9;22,4;11,4;3,7;0;51,5;0;3,8;12,5;32,2;0;32,5;0;60,2;2,7;4,6;8,66;7,18;8;9,04
75103;0;1653;46;0,8;0;6;100;0;22,5;36,2;24,3;12,2;4,8;13,4;19,1;30,8;22,7;8,8;3,3;1,9;53,5;7,5;18,2;6,9;7;7;18;10;63;7,7;1,3;8,45;7,17;8,03;9,11
75104;0;2467;11;2;0,5;4;100;0;28,2;28,6;24,8;13,9;4,5;16,2;16;31,4;22,6;9,9;2,3;1,6;54,2;16,9;5,1;10,7;5,6;7,6;6,4;15;67,6;7,3;3,7;8,59;7,21;8,09;9,29
75105;0;3132;30;1;0,8;7;100;0;27,2;29,1;26,2;12,2;5,3;17,8;16,1;36,6;16,7;10;1,9;0,9;48,2;24,7;15,3;7,4;2,8;1,6;7,3;31,3;35,4;6,6;19,4;9,68;7,38;8,43;11,12
75106;0;728;0;2,1;3,1;5,4;100;0;37,2;27,5;18,3;10,2;6,8;30,9;8,9;30,6;12,2;9,9;6;1,5;56,7;20,5;1,6;3,7;15,9;1,6;6,1;26,2;60,8;3,1;3,7;8,67;7,14;8;9,2
75107;0;656;254;2,8;0;4,1;100;0;40,9;36,1;13,2;9,8;0;30,6;12,1;33,2;13,5;8,4;2,1;0;11,9;0;5,3;2,7;7,4;72,6;30,9;6;44,5;15,7;3;10,05;8,06;8,93;11,04
75108;0;718;0;0;0;6,3;100;0;16,8;29,2;24,3;20,1;9,6;11;11,5;30,4;25,8;10,7;6,4;4,2;52,4;2,1;0;14,1;3,1;28,3;24,7;0;59,5;13,3;2,6;9,1;7,62;8,44;9,34
75109;0;2241;16;0,9;0;5;100;0;23,5;29,7;23,5;17,2;6,1;14,3;13,4;31,7;21,2;12,4;4,8;2,2;61,3;13,2;4,3;5,9;9,7;5,6;16,2;0,5;61,7;11,4;10,1;9,25;7,54;8,37;9,66
75110;0;7360;50;2,1;1;5,2;100;0;19,2;28,2;28,1;18,8;5,8;11,7;13,4;29;27,4;14,1;3,6;0,9;31,5;11,3;20,9;19,3;10,6;6,3;12,6;11,6;55,7;9,3;10,9;9,2;7,27;8,21;10,22
75111;0;10832;11;1,5;0,7;5,1;100;0;19,8;28,2;27,4;18,9;5,7;11,1;15,1;29,8;26,8;13,8;2,8;0,5;28,4;16;22,6;19,1;9,4;4,5;7,5;20,5;51,7;10,9;9,4;8,95;7,3;8,3;9,93
75112;0;18387;220;2;0,8;5,8;100;0;17,4;27,9;27,9;19,6;7,1;12,5;12,4;29,7;26,8;14,2;3,3;1;35,3;21,4;13,3;16,2;9,2;4,6;6,9;28,6;41,4;10,8;12,3;9,52;7,4;8,39;11,29
75113;0;35175;22;1,1;0,2;4,3;99,8;0,2;19,2;25,4;29,7;18,8;6,8;13,6;10,6;31,2;30,4;11,5;2,3;0,3;23,9;36,6;13,9;11,8;6,9;6,9;1,2;39,5;32,9;14,9;11,5;8,92;6,98;8,14;10,57
75114;0;19674;100;1,3;0,5;5,2;99,9;0,1;14,3;26,4;36,2;17,4;5,6;8,3;10,3;34,3;32,6;11,2;2,8;0,6;33,7;27,8;19,7;7,2;4,3;7,3;2,4;51,7;33;6,5;6,4;8,51;6,92;7,74;9,11
75115;0;24072;37;1,5;0,7;5,4;99,9;0,1;16,9;32,3;26,1;18,5;6,2;10,2;11,6;36,4;26;12,6;2,9;0,4;26,7;34,8;14,9;9,8;8,2;5,6;7,8;40,2;35,3;9,1;7,7;9,06;7,04;8,16;10,04
75116;0;5711;34;2,6;1,7;4,2;100;0;14,5;37;25,5;16,2;6,7;9,5;11,5;39,1;24,4;12,5;2,2;0,7;64,1;11,9;11,5;2,4;1,2;9;12,8;27,3;40,9;15,1;3,8;9,91;7,81;8,77;11,04
75117;0;15348;45;1,1;0,4;5,2;100;0;15,4;29,5;28,1;20,2;6,9;10,1;9,8;33,9;30,8;12,3;2,7;0,5;43,8;20,8;14,2;3,8;7,2;10,2;9;36,5;36;13,4;5;9,11;7,21;8,18;10,04
75118;0;23820;176;1,6;0,7;5;99,9;0,1;21,8;25,3;33,1;14,9;4,9;15,1;14,3;34;24,4;9,9;2,1;0,1;36,6;17,5;9,4;16,5;11,5;8,5;5,5;36,1;39,3;11,7;7,3;8,91;7,15;8,23;10,12
75119;0;35664;51;1,5;0,6;4,8;100;0;18,3;25,1;31;19,6;6,1;11;10,1;30,8;31,8;13,7;2,2;0,4;21,7;32,7;18;16;6,9;4,7;1,3;42,8;29,6;17,2;9,1;8,68;6,82;7,93;10,24
75120;0;36469;92;1,6;0,7;5,5;99,8;0,2;16,1;27,6;32,5;18;5,8;9,3;11,8;34,9;29,7;11,7;2,3;0,3;34,4;21,5;23,4;12,5;5,2;3;3,4;33,9;35,9;18,8;8;8,91;6,96;8,09;10,85
76057;0;2174;0;1,3;0;8,4;89,7;10,3;1,4;11,8;40,6;35,7;10,4;0,5;3,2;22,7;46,1;22,9;4,1;0,6;1;68,5;15,4;7,5;4,8;2,9;1,6;64,7;29,1;2,3;2,2;5,47;4,78;5,34;5,92
76095;0;1137;11;0;0;10,4;100;0;1;19,5;31,1;37,6;10,8;1,2;1;20,9;50,5;26,4;0;0;0;77,9;19,6;0;1,1;1,5;1;76;3,5;0;19,5;5,61;5,11;5,51;5,95
76103;0;518;11;0;0;9,7;82,7;17,3;2,1;17,1;30,7;45,7;4,4;0;2,1;18,9;56,6;20,1;2,1;0;0;44,4;21,6;22,4;8,9;2,7;5,8;41,7;46,7;2,1;3,7;6,36;5,67;6,41;6,89
76108;0;668;0;1,8;1,7;9,1;91,8;8,2;0;27,4;42,3;25,9;4,4;1,6;2,3;26,7;45,9;23,5;0;0;2,6;0;14,9;21,1;32,8;28,6;12,1;2,5;64,1;16,8;4,5;6,98;6,28;6,87;7,63
76114;0;1503;12;3,7;1,5;9,4;80,4;19,6;5,5;14,7;39,2;33,7;6,9;0,7;8;24,7;41,1;22,5;2,3;0,7;2,9;38,8;27,8;13,3;4,8;12,4;5,2;43,6;49,6;0,7;0,9;5,83;5,17;5,77;6,24
76157;0;4055;0;2;1,1;10,4;95,3;4,7;3,2;15,6;39,8;35,1;6,3;2,1;4,1;29;48,9;13,5;1,8;0,5;0;70,4;14,8;1,4;10,9;2,6;0,6;74,5;21,4;2,9;0,6;6,08;5,48;5,87;6,54
76165;0;1207;11;2,7;0;7,5;80,5;19,5;6,6;13,1;34,8;30,3;15,2;1;6,9;18;32,1;33;5,6;3,5;3;8,1;29,2;23,8;18,5;17,4;20,6;10,3;59,3;3,8;6;6,17;5,63;6,27;6,68
76178;0;899;0;4,5;3,7;10,8;89,7;10,3;3,4;14,6;34;39,7;8,3;1,2;1,6;21,9;39,9;27,3;5,9;2,2;0;11,6;51,5;24,1;12,8;0;1,2;30,1;60,7;0;8;5,99;5,38;5,84;6,47
76212;0;1857;12;1,7;0,6;10,8;96,8;3,2;3;14,8;37,3;37,5;7,4;1,1;3;19,8;51,6;21,5;2,4;0,6;0;72,3;13,1;2,5;5;7,1;1,9;75;19,3;3,8;0;5,89;5,21;5,61;6,38
76216;0;1731;0;0,7;0;9,1;87,3;12,7;1,8;13,8;40,8;35,4;8,3;0;1,9;22;54,1;19,9;1,3;0,8;1,1;65,1;1,2;7,9;18,3;6,4;2;65,2;29,2;2,8;0,8;5,99;5,27;5,68;6,63
76217;0;5824;0;0,7;0;5,3;87,8;12,2;2,5;15,9;46,8;28,4;6,4;1,3;2,4;26,9;51,8;15,1;2;0,5;2,5;57,8;15,2;6;9,5;8,8;3,7;64,6;28,3;3;0,4;5,85;5,29;5,79;6,36
76231;0;3568;0;7,6;5,1;9,9;94,3;5,7;5,6;17,5;39,8;30,7;6,4;2,3;3,6;24,4;46,5;19,9;2;1,3;1,5;46,5;14,8;12,6;12,4;12,2;13,1;15;67,2;1,7;2,9;5,92;5,14;5,9;6,63
76255;0;383;0;0;0;5,5;87,6;12,4;4,2;16,8;38,6;32,5;7,9;3,3;6,1;33,7;43,8;13,2;0;0;4,6;71,5;0;3,1;7,4;13,3;6,4;74;19,6;0;0;5,71;4,88;5,7;6,3
76259;0;2750;30;1,9;0,9;6,8;82,6;17,4;5,2;19,5;36,9;29,9;8,5;2,5;4,9;23,1;48,2;18,2;2,6;0,5;2,8;51,8;27,6;7,4;6,3;4,2;2,1;68,6;28,8;0,5;0;5,55;4,85;5,43;6,13
76305;0;2137;0;1,2;0,6;6,2;75,4;24,6;2,8;16,6;38,8;29,3;12,4;0,5;4;22;49,3;21,3;2,4;0,5;11,3;51,3;15,8;4,3;10,5;6,9;1,7;63,7;26,9;3,9;3,9;5,73;4,97;5,54;6,44
76312;0;1023;0;5,1;3,5;10,1;77,8;22,2;1,1;19,2;37,8;33,6;8,3;1,1;2,8;30,3;48;16,7;1,2;0;2,8;57,4;7,5;15,2;7,1;10,1;5;68,2;25,6;0;1,2;5,16;4,11;5,02;6,06
76319;0;1901;0;3,8;2,2;8,2;70,5;29,5;1,9;11,6;35,8;37,6;13;0;2;22,9;38,2;21,8;15,2;0;0,7;29,4;58,6;4,5;5,8;1;3;55,6;39,8;1,6;0;5,87;4,94;5,74;6,92
76322;0;8857;0;0,5;0,2;7,3;93,9;6,1;4,5;18,9;49,5;23,7;3,4;1,8;2,5;21,6;56,7;14,6;2,6;0,2;0,1;63,6;18,8;7,5;6,5;3,5;0,7;73;19;3,5;3,8;5,66;4,97;5,39;6,16
76341;0;2062;143;1,9;1,1;7,7;95,9;4,1;1,4;15,9;48,6;25,9;8,2;0;0,8;21,7;56,8;17,7;2,1;0,8;1,9;60,6;13;0;4;20,5;2,7;61,8;28,2;5;2,2;5,97;5,36;5,8;6,55
76351;0;29878;40;1,4;0,5;7,3;95;5;5,1;15,1;38,9;32;8,9;3;4;27,1;44,6;17,9;2,8;0,6;3,5;62;12,8;6,7;8,9;6,2;1,5;65,3;23;5,4;4,8;5,78;5,01;5,59;6,36
76384;0;1919;13;2,6;0,8;8,9;84,7;15,3;4,1;16,5;29,5;35,9;14,1;1,3;4,2;28,4;40,8;19,1;5,4;0,8;0,6;67;10,4;7,6;8,4;6,1;2,3;68,2;26,2;3,3;0;5,41;4,93;5,28;5,88
76402;0;783;56;2,7;1,7;8,6;77,4;22,6;0;10,2;42,5;37,8;9,5;0;0;23,5;53,5;20,6;2,4;0;2;36;13,1;23,8;3,7;21,4;8,4;35,6;53,2;2,8;0;6,35;5,47;6,38;7,08
76410;0;3000;0;1,6;0,6;9,4;95,2;4,8;2,2;20;42;31,2;4,6;0;1,9;30;49,5;17,8;0,7;0;0,8;41,5;38,5;6,4;4,4;8,4;1,7;59,8;37,3;1,3;0;6,14;5,61;6,11;6,68
76429;0;691;24;2,2;1,6;8,3;69;31;1,6;23,8;33,1;31,4;10,1;1,6;1,6;27,2;36,1;29,7;3,8;0;1,7;4,1;0;12,2;45,3;36,7;14,8;4,1;57,5;17,6;6,1;7,2;6,38;6,94;7,72
76447;0;1793;0;1;0;6,3;83,5;16,5;3,5;15,6;40,4;31,3;9,3;0,6;1,7;26,5;41,3;19,6;6,5;3,7;0,6;28;39,5;12,3;12,4;7,2;2,4;44,8;42,3;4,4;6;6,01;5,16;5,91;6,57
76451;0;4068;0;0,9;0;11;98,1;1,9;61,5;6;14,9;14,3;3,3;55,5;6,1;9,9;21,2;4,9;2,1;0,3;0,3;55,3;6,3;27,6;6,6;4;1,8;21,5;40,9;1,8;34;6,39;5,84;6,29;6,81
76474;0;1036;0;9,4;7,4;9,2;94,7;5,3;2,5;18,6;46,9;28;4;1,4;6,2;36,9;36,7;17,8;1,1;0;0;75,3;0;9,6;15,1;0;1,1;74,7;21,3;3;0;6,23;5,34;5,97;7,09
76475;0;461;0;0;0;8,9;66,2;33,8;2,3;16,6;33,8;41,1;6,3;0;0;16,7;47;33,4;2,9;0;0;4,3;18;10,7;41,5;25,4;12,5;4,4;74,9;5;3,1;7,16;6,53;6,99;7,61
76476;0;1097;0;1,9;0;6,1;70,9;29,1;3,1;10,9;29,4;44,6;12;0;4,4;13,9;46,5;30,9;3,3;1;1,2;53,4;15;4,7;12,7;13,1;2,1;64,8;27;4,5;1,5;5,56;4,71;5,49;6,15
76484;0;2023;0;0,7;0;7,7;75;25;2;15,2;44;33,9;4,9;0;1,8;25,9;48,3;20,6;2,6;0,8;2;43,3;36;3,1;9,8;5,8;12;63;22,5;1,8;0,8;5,74;5,15;5,8;6,21
76495;0;1090;0;1,4;1,1;8,7;75,8;24,2;1,7;16,9;39,6;31,6;10,2;1;2,7;23,7;44,2;24,5;3;1,1;1,9;46,1;18,7;13,3;8,7;11,3;4,3;62,9;30;1,3;1,5;5,61;4,95;5,59;5,99
76497;0;1590;0;1,6;0;10,9;77,7;22,3;1,5;13,6;46,6;31,6;6,6;0;2,5;22,4;50,6;21,1;3,3;0;0;29,2;34,4;11;19;6,3;3,1;39;48,6;7,4;2;6,22;5,3;6,3;6,98
76498;0;4093;41;4,7;3,7;9;92,1;7,9;2,5;22,4;39,9;30,2;5,1;0;2,5;28,7;47,1;20,3;1,3;0;3,9;37,3;23,6;11,5;13,9;10;3,3;44,1;44,8;5,7;2;6,17;5,42;6,08;6,76
76540;0;16494;202;3,3;1,5;9;97,2;2,8;10;21,2;36,9;24,7;7,3;7,8;5,4;31,9;38,6;13,8;2,2;0,3;3;46,1;6,9;9,4;17,1;17,5;8,7;47,3;30,2;8,9;4,9;6,45;5,62;6,31;7,08
76552;0;467;12;11,1;6,6;15,3;94,3;5,7;2,4;17,1;48,9;28;3,6;2,4;4,4;26,3;42,4;20,1;4,4;0;0;28,5;17,1;10,1;24,6;19,6;9,2;27,5;47;12,2;4,1;6,71;5,96;6,48;7,37
76561;0;1320;13;3,5;2,4;6,8;88,6;11,4;1,3;13,7;46,1;29,2;9,7;0;0;18,7;55;22,8;3,4;0;3,2;39,3;27;5;14,3;11,3;3,2;44,4;44,4;3,1;4,8;5,81;5,13;5,67;6,46
76575;0;5822;0;1,2;0,4;9,5;78,2;21,8;16,3;14,6;29,8;30,2;9,2;14,1;3,1;19,7;40,8;17,5;4,1;0,8;1,4;39,4;14,4;8,2;29,6;7;1,6;43,6;41,1;11,2;2,5;6,13;5,58;6,11;6,6
76640;0;974;0;1,2;0;11,4;84,9;15,1;1,2;19,6;36,9;32,4;9,8;0;0;16,6;44,2;31,7;4,5;2,9;1,7;34,8;35,8;10,8;5,6;11,3;20,8;29,1;37,9;12,2;0;5,51;4,65;5,4;6,48
76681;0;4650;0;1,2;0;8,5;96;4;2,8;20,8;45,1;25,9;5,5;1,7;4,7;33,6;43,1;14;2,9;0;0,7;53,5;15,3;7,2;10,6;12,8;3,5;59,9;30,8;2,9;2,9;6,03;5,27;5,91;6,67
76709;0;675;0;5,2;1,8;8,4;75,2;24,8;3,4;10,8;42,7;34,2;8,9;1,5;3,6;29,2;38,8;17,6;6,8;2,4;8;51;11;14,4;5,9;9,8;3,2;60,3;34,6;1,9;0;5,67;5,12;5,62;6,17
76711;0;740;0;0;1,6;5,9;82,1;17,9;2,8;11,2;48,1;30,5;7,5;1,7;2,2;25,3;51,3;18;1,5;0;0;43,2;27,9;2,4;15,2;11,3;3;47,7;42;2;5,4;5,66;5;5,57;6,19
76758;0;1744;32;4,4;3,7;9,1;87,4;12,6;4,1;16,4;36,9;32,3;10,3;1,8;3,7;21,7;49;21,7;1,5;0,6;1,2;53,5;19,3;5;13,6;7,5;2,8;66;25,8;4,9;0,6;5,63;4,76;5,51;6,3
77014;0;834;0;3,8;1,7;9,1;97,9;2,1;10,8;15,3;34,4;31,7;7,7;12,5;0;30;49,5;8;0;0;0;61,9;12,2;6,8;15,7;3,4;10,4;42,3;38,7;4,6;4;6,7;5,87;6,49;7,13
77037;0;26;0;;;;;;;;;;;;;;;;;;;;;;;;;;;;;9,6;;;
77053;0;1580;12;5,2;3,9;3,9;92,8;7,2;4,6;20;38;29,9;7,5;0,9;6;25,1;50,8;16,4;0,7;0;0;38,5;11,6;9,4;16,4;24;11,5;45,4;36;7,1;0;6,83;5,27;6,57;7,94
77058;0;2337;96;1,1;0,6;5,3;95;5;18,4;27,1;30,5;20,5;3,6;13,7;4,7;28,2;38,9;12,4;1,7;0,5;0;0;0;28,6;47,3;24,1;17,3;0;59;21,9;1,8;8,73;7,87;8,47;9,23
77067;0;715;0;2,2;0;7,6;79,4;20,6;21,9;21,4;26,4;19,6;10,8;18,2;4,5;20,9;30,6;17,3;6,4;2,1;0;0;5,2;0;52,8;42;17,2;0;73,4;9,5;0;8,1;7,24;7,84;8,44
77079;0;1316;0;5;2,7;8,4;94,9;5,1;15,4;19,6;40,4;17,3;7,4;10,5;3,5;33,1;42,1;7,5;2,5;0,8;0;43,7;17,7;32,6;0;6;2,4;44,7;51,7;0;1,2;6,24;5,34;6;6,97
77083;0;4514;123;0,8;0,4;3,9;96,3;3,7;30,1;13,9;28,8;22,9;4,3;26;4,2;13,7;34,4;20,6;1,1;0;0;10;47,3;18,7;8,9;15,2;5,5;39,6;38,9;11,9;4,1;6,93;5,65;6,45;7,94
77108;0;5035;0;1,6;0,6;5,2;92,1;7,9;5,5;17,3;37,1;31,8;8,4;2,3;5,3;25,5;42,6;20,7;3,4;0,2;7,1;49,1;6,5;6,1;16,2;15;7,2;48,5;34,1;9,6;0,6;7,22;5,86;7,05;8,13
77118;0;716;86;2;1,7;5,2;96;4;7,8;23,2;37,7;25,3;6;1,8;5,1;29,2;49,7;12,4;1,8;0;0;57,9;0;0;5,9;36,2;9,7;58,2;24,9;5,7;1,6;6,91;5,42;6,2;8,1
77122;0;2273;21;3,4;1,2;5,1;94,1;5,9;11,8;24,2;34,4;24,5;5,2;7,7;4,4;24,9;42,1;18,8;2,1;0;0;13,8;22,8;15,1;19,9;28,3;19,1;12,6;60,5;5,9;1,8;7,67;6,75;7,55;8,41
77131;0;2313;49;6,5;4,7;4,6;98,8;1,2;2,9;12,9;45;32,1;7,1;1,9;1,9;25,8;58,1;11,2;0,5;0,6;5,8;65,1;11,2;9,5;3,9;4,6;2,1;69;23,9;3;2,1;5,29;4,51;5,29;5,88
77139;0;355;0;0;3,6;5,3;76,1;23,9;6,7;30,6;39;20,2;3,4;3,2;4;33,1;40,5;16,3;0;2,9;0;0;5,1;3,1;38,7;53,1;25,4;0;70,3;4,3;0;7,98;7,36;8,04;8,5
77152;0;3576;0;1,9;0,4;6,5;96,9;3,1;6;20,2;40,1;27,8;5,9;1,5;3,8;27,4;50,2;15,3;1,8;0;0;64;12,2;5,2;12,4;6,2;11,6;66,6;19,2;0;2,6;6,78;5,58;6,5;7,67
77153;0;543;0;2,3;2,3;5,6;83,3;16,7;9,4;25,8;35,5;23;6,2;0;9,7;26,2;47,6;16,5;0;0;0;14,5;0;21,5;18,4;45,6;18,5;15,1;57,7;8,7;0;7,79;6,88;7,78;8,7
77169;0;589;0;3;0;5,2;80;20;11,1;24,8;36,3;15;12,8;1,9;9,7;24,4;38,6;21,5;3,9;0;0;0;68,8;26,5;1,8;2,8;2,8;0;95,3;1,9;0;7,56;6,84;7,54;8,15
77171;0;146;32;0;0;;;0;10,6;31,1;29,2;29,2;0;0;7,8;29,9;38,3;24;0;0;0;0;0;75,2;0;24,8;12,7;0;80;7,3;0;6,71;5,78;6,23;7,22
77183;0;650;0;3,1;0;5,3;100;0;4;13,2;42;34,5;6,3;0;2,2;14,5;68;13,6;1,7;0;3;49,9;33,4;0;10,9;2,8;2,6;63,6;27,3;6,5;0;6,02;4,94;5,3;6,89
77186;0;1745;32;3,2;0,8;11,6;96,3;3,7;14,6;14,9;36,9;22,9;10,7;10,9;10,7;27,4;29,9;18,1;3;0;0;69,7;6,1;9,2;3,8;11,2;6,1;54,5;26,4;12,1;0,9;6,85;5,4;6,21;8,07
77215;0;761;0;2,9;1,5;5,7;100;0;2,6;14;40,4;36,8;6,2;1,4;0;22,4;63,4;12,8;0;0;2;78;3,8;0;16,3;0;3,3;35,4;57,6;0;3,7;6,19;5,35;6,13;6,55
77243;0;2096;61;4,3;3,7;5,8;99,5;0,5;4,5;16,9;43,5;26,6;8,5;2,4;3,6;38,9;43;12;0;0;0;56,2;12;4,7;7,1;20;5,7;69,3;15,4;9,5;0;7,07;6,07;6,47;7,68
77249;0;303;36;0;0;11,1;100;0;6,4;29,6;41,9;18;4,1;3,6;5,3;31,7;54,8;4,6;0;0;0;69,9;0;0;17,4;12,8;6,7;69,9;23,4;0;0;6,4;5,72;6,06;7,42
77251;0;1609;0;1,5;0;4,5;82,2;17,8;35,1;16,3;21;19,1;8,5;31,9;4,3;16,6;27,9;17,7;1,5;0;1,4;2,3;20,6;14,2;41,9;19,6;14,9;0;78,5;4,1;2,5;8,07;7,27;7,8;8,5
77258;0;1716;0;0;0;3,4;90,4;9,6;13,9;14,6;34,2;26,2;11,2;9,8;4,1;14,5;37,4;26,6;6,8;0,8;7,3;0;59,7;22,3;4,2;6,5;8;0,6;78,5;11,3;1,6;7,58;6,81;7,36;8,07
77284;0;8760;240;2,4;1,4;5,3;96,4;3,6;6,1;18,7;37,9;29,8;7,4;1,8;5,4;21,4;47,4;21,6;2,1;0,4;0;52,6;16,2;10,8;8,9;11,5;4,4;56,6;30,8;6,1;2,1;6,56;5,39;6,26;7,44
77285;0;3694;0;2,8;1,2;5,7;97,6;2,4;5,6;15,4;42,9;27,8;8,3;3;1,4;14,6;52;26,3;2,7;0;0;42,5;50,4;4,6;0,7;1,9;9,4;44,5;42,2;1;2,9;6,87;6,06;6,72;7,55
77288;0;7207;263;2,1;1;5,1;97,9;2,1;6,9;18,6;39,6;28,2;6,6;3,1;4,3;26,7;49,6;14,2;1,5;0,5;3,2;67,5;5,9;10,1;4,5;8,7;9,5;67,1;16,7;1,7;5;6,93;5,96;6,48;7,52
77294;0;1748;13;1,1;0;4,5;80,8;19,2;4,7;20,1;40,4;26,8;8;0;3,5;23,1;54,6;16,9;1,9;0;0;17,3;15,9;25,7;35,9;5,2;11,8;25,2;62;1,1;0;7,47;6,53;7,58;8,32
77296;0;2051;18;1,1;0,6;6,1;95,2;4,8;9;16,2;42,5;25,3;7;3,8;3,7;22,6;48,8;18,9;2,3;0;2,8;19,3;49;18,1;5,1;5,7;6,1;21,9;72;0;0;7,5;6,82;7,54;8,13
77305;0;3587;0;2,7;1,3;7;86,9;13,1;4;14,3;32,3;35,8;13,6;1,2;2,8;25,1;46,3;20,6;3,1;0,9;0;63;3,9;3,1;19,6;10,3;5,7;63,3;25,2;0,5;5,3;6,23;5,51;5,98;6,89
77307;0;954;49;5,4;0;6,1;96,6;3,4;11;29;35,9;18;6,1;2,8;7,5;31,6;39,2;17,4;1,5;0;0;0;0;12,6;44,3;43,1;14,8;0;44,9;34,4;5,9;8,97;7,6;8,3;10,26
77316;0;435;15;0;0;8,6;88;12;7,8;16,9;40,9;28,7;5,8;2,8;2,8;26,8;48;19,6;0;0;0;11,8;26,1;18,1;6,1;37,9;16,5;22,5;52,8;4,9;3,3;6,76;5,41;7,07;7,75
77326;0;704;0;0;0;5,5;59,3;40,7;6,2;17,7;25,2;35,7;15,2;0;4,9;17,3;47;27,7;3,1;0;0;0;58,1;40,4;1,5;0;4,9;6,9;84,9;3,3;0;8,08;7,33;8,01;8,88
77327;0;1219;0;1,8;1;8,9;90,5;9,5;1,3;12,8;38,3;34,4;13,2;0;1,9;14,5;64,5;18,2;0,9;0;0;62,2;4,8;18,9;9,8;4,3;7,6;57,9;30,7;3,8;0;5,85;5,04;5,4;6,64
77330;0;423;66;2,7;0;4,5;95,1;4,9;3,2;29,4;40;23,8;3,7;2,7;2,9;30,8;40;21,1;0;2,7;0;0;15;2,5;18,1;64,4;25;0;69,3;5,7;0;7,68;7,17;7,86;8,16
77333;0;2075;0;3,6;1,7;8,5;93,7;6,3;3,4;16,8;38,4;33,1;8,4;1,8;2,3;21,6;56,4;15,8;2,1;0;0;75,6;11;5;6,9;1,5;2,2;79,8;17,3;0;0,8;6,13;5,54;6,11;6,62
77337;0;3055;0;0,9;0,6;6,7;98,5;1,5;29,1;14,5;28;21,5;6,9;24,9;4,2;14,8;38,4;15,2;2,4;0;0;25,9;49,4;0;5;19,6;0,5;57,9;24,6;14,2;2,8;7,06;6,04;6,68;7,54
77349;0;455;0;0;0;8,9;88,6;11,4;2,5;38,5;34,6;12,4;12;0;6,3;37,4;38,7;13,7;4;0;2,4;0;30,9;28,7;6,6;31,4;20,6;0;79,4;0;0;7,51;7;7,46;7,91
77350;0;1525;0;0;0;5,4;96,8;3,2;4,9;19,3;59;10,8;6,1;0,8;3,5;24,2;58,3;11,9;1,3;0;0;49,3;14,6;2,8;0;33,3;10,9;49,3;31,2;8,6;0;6,47;4,89;5,34;7,53
77373;0;3413;193;0,9;0,3;5,5;91,9;8,1;4,7;21,3;38,5;29,8;5,8;1,1;3,7;23,9;55,2;15,7;0,4;0;0;29,3;8;21,2;22,9;18,6;12,9;17,8;57,1;12,2;0;7,84;7,03;7,77;8,43
77379;0;1854;0;2,3;1;7,3;95,4;4,6;7,6;15;38,9;29,4;9,2;4,8;5,7;29,1;44;13,4;3;0;3,9;71,6;16,9;4,8;2,7;0;11,6;79,6;8,2;0;0,6;5,81;5,12;5,71;6,21
77390;0;1834;0;0,7;0;4,7;96,4;3,6;4,2;23,7;49,9;18,3;4;0,8;3;24,7;52,3;18,3;0,8;0;0;34,4;29,2;16,2;5,5;14,7;6;51;35,7;7,2;0;6,84;5,7;6,57;7,58
77407;0;1568;60;1,8;1,3;7,9;90,9;9,1;6,7;26,1;38;24,2;5;1,5;4,6;27,8;52;11,4;1,1;1,5;0,9;12,4;27,9;0;24,5;34,3;12,1;27,9;46,9;9,7;3,4;7,2;5,36;7,3;8,32
77431;0;224;0;0;0;8,5;78,1;21,9;5,4;23;41;23,9;6,8;0;4,4;25;61,3;4,4;4,8;0;0;20;0;43,7;0;36,3;23,7;19,2;57,1;0;0;6,97;5,98;7,45;7,64
77438;0;648;0;0;0;3,4;90,7;9,3;4,8;28,7;42,7;18,9;4,9;0;4,5;29,6;50,1;14,1;0;1,7;0;8,3;22,1;25;2,6;42;15,2;8,1;61;13,4;2,3;8,69;7,58;8,38;9,7
77445;0;3258;114;1,8;1,1;5,9;90,5;9,5;5,7;18,4;38,3;27,4;10,3;0;4,3;19,2;45,6;25,1;5,1;0,6;0;5,7;46,3;26,1;11;11;7,6;17,1;64,6;6,8;3,9;7,52;6,61;7,42;8,29
77458;0;499;0;10,1;8,5;8,6;90,5;9,5;4,1;16,1;39,9;34;5,8;0;3,6;17;72;7,4;0;0;0;57,5;10,4;20;12,1;0;3,4;59,9;36,7;0;0;6,13;5,23;5,48;7,22
77464;0;1110;0;1,2;0;5,2;95,9;4,1;5,5;19,7;49,6;18,6;6,6;1;5,8;27,9;51,1;12,7;1,5;0;0;53,1;0;7,7;2,5;36,7;8,7;54,1;23,7;7,5;6;7,68;6,11;7,16;8,57
77468;0;3347;45;1,4;0,4;4,6;97,6;2,4;9,3;21,1;36,7;25,5;7,4;4;5,3;22,6;46;19,2;2,9;0;0,7;14,2;58,4;14,3;9,2;3,1;5,8;33,3;52,6;2,5;5,8;7,12;6,04;7,01;8,01
77470;0;634;0;2,4;1,7;4,1;90,7;9,3;1,9;15;43;31,5;8,6;0;3,8;14,7;44,6;32,2;4,8;0;0;45,9;41,5;7,3;5,3;0;4,5;46,7;39,5;5,3;3,9;6,15;4,43;6,41;7,23
77479;0;1436;0;2,5;1,4;4,2;97,5;2,5;2,4;17,6;35,2;35,4;9,3;0,8;1,7;20,7;46,8;22;8;0;10,9;39,9;13,4;0,8;26,4;8,6;7,1;40;26,5;22,4;4,1;7,42;6,07;7,08;8,11
77487;0;878;0;2,2;1,3;5,5;74;26;3,5;17,1;37,4;32,1;9,9;2;3,8;17,2;49,2;21,7;3,7;2,3;0;15,9;14,5;29,6;10,5;29,4;12,7;29,2;56,2;0;1,8;7,45;6,89;7,54;8,31
77495;0;679;0;1,6;0;4,7;59,2;40,8;2,3;23,2;30,3;35,2;9;0;2,2;24,4;36,8;31,8;3;1,8;0;1,6;17,6;15,6;13,6;51,7;22,4;0;75;2,7;0;8,07;7,38;7,79;8,58
77514;0;2155;59;1,9;0;6,7;97;3;5,4;22,2;45,7;21,7;4,9;1,8;4,7;27,7;50,5;13,8;1,4;0;0;11,5;23;18,4;29,5;17,5;11,6;33,7;43,9;8,7;2,1;7,51;6,02;7,48;8,51
78005;0;4111;0;0,9;0;6,1;96,7;3,3;4,3;16,7;43,5;30,1;5,4;1;4;20,9;62,3;10,8;1;0;3,1;65,4;2,7;15,3;8,9;4,7;3,8;61,4;31,1;3,7;0;6,86;6;6,39;7,57
78015;0;957;0;2,9;0;7,4;94,7;5,3;5;24,1;37,8;27,1;6;1,3;2,6;23,3;46,8;24,1;1,9;0;0;22,7;35,4;7,6;0;34,3;10,9;20,7;38;20,2;10,2;7,48;6,24;6,92;7,96
78029;0;1657;0;1,8;0;4,2;99,1;0,9;4,3;22,3;36,8;31,3;5,3;0,7;5,3;20,8;56,9;15,5;0,8;0;0;76,6;0,9;13,2;0,9;8,4;1,7;0;97,4;0,9;0;5,74;4,97;5,37;5,96
78062;0;220;0;5,2;0;8,1;94,7;5,3;18,4;24,7;31,8;20,2;4,9;7,8;10;27,3;48,5;6,5;0;0;5,3;0;0;70,2;15,9;8,7;22,5;7,4;65,4;4,8;0;7,44;6,55;7,61;8,06
78073;0;1325;35;2,1;1;9,9;86,4;13,6;14,9;21,4;32,8;22,2;8,7;12,2;4,2;20,7;45,2;16,6;1,1;0;2,4;17,3;12,3;6,3;30;31,6;12,2;5;45,5;25,9;11,3;8,5;7,12;8,11;9,31
78092;0;801;0;1,6;0;4,6;97,9;2,1;6,4;22,5;41,1;24,8;5,2;4,3;6,4;41,8;39,9;7,5;0;0;0;42,9;10,9;7,4;14,2;24,6;8,1;43,7;15,8;28,3;4;8,22;6,22;7,11;9,34
78117;0;514;0;3,3;0;9,4;100;0;32,1;23,7;26,9;15,1;2,2;25,4;8,2;19,5;33,8;11;2,1;0;0;0;30,9;13,6;34,4;21,2;11,2;31,2;48,8;8,8;0;7,75;6,22;7,56;8,69
78123;0;2460;24;0,9;0,5;5,4;98,5;1,5;3,9;16,8;33,9;40,7;4,6;1;3;17,6;36,5;39,1;2,8;0;0;64,2;0;2,5;7,8;25,5;3,8;58,7;21;15,6;0,9;6,71;5,44;5,76;7,45
78124;0;1100;0;1,3;0;12,4;100;0;18,1;15,1;35;27,3;4,5;10,6;7,9;16;54,2;11,4;0;0;0;62,3;0;0;24,4;13,4;2,7;63,2;29,7;4,4;0;6,71;5,85;6,25;7,46
78126;0;1873;0;6,3;5,3;6,3;95,5;4,5;3,5;13,8;37,7;35,4;9,7;1,2;2,9;42,9;45,3;6,4;1,4;0;0;83;0;0;8,5;8,5;5,3;59,1;8,3;27,3;0;8,72;7,26;7,85;9,97
78133;0;605;0;2,6;2;16,8;95,6;4,4;6,9;17;46;27,2;2,8;0;5,3;43;45,3;6,3;0;0;0;50,2;12,8;7;7;23,1;5,6;48,6;24,9;4,1;16,7;8,13;6,48;7,14;8,64
78138;0;1516;0;0,8;0;4,4;99,3;0,7;2;10,2;27,5;48,7;11,6;0,9;1,6;10,2;73,8;11,7;1,8;0;0;91,4;0;0;6,1;2,5;1;90,2;4,7;0;4,2;6,37;5,73;6,04;6,66
78146;0;1669;0;1;0;5,8;97,5;2,5;11,6;33,5;28,4;24,3;2,2;2,4;14;36,1;39,2;7,7;0,7;0;6,3;51,2;0;9,1;17,8;15,7;6;47,3;37,7;8,1;0,9;8,19;7,04;7,83;8,77
78158;0;2053;0;1,5;0,7;8,1;97,5;2,5;10,4;26,3;37,6;21,4;4,3;4;7,2;29,8;47;11;1;0;4,5;19,7;28,8;18,3;11,9;16,9;6;29,1;31,9;25,7;7,3;9,24;6,82;8,17;10,92
78160;0;292;0;0;0;9,9;95,4;4,6;8,9;22,6;43,2;21,6;3,8;0;11,8;38,9;34,6;10,8;3,9;0;5,7;20,9;25,3;22,3;7,1;18,6;13,4;15,1;62,3;9,2;0;7,61;6,37;7,65;8,41
78165;0;1717;0;2,4;1;5,6;91,9;8,1;6,1;14,7;37,9;34,7;6,6;0,7;4,5;18,2;60,4;13,2;2,1;1;0,6;54,8;26,6;0,8;11,2;5,9;2,2;69,9;24,7;3,1;0;6,52;5,74;6,13;7,15
78172;0;3130;12;1,1;0,5;6,6;88,4;11,6;3,9;19,6;41,8;26,9;7,8;0,7;3,6;33,8;40,4;19,3;2,2;0;0;37,3;22,7;17,3;13,2;9,5;5,9;35,3;45,6;5;8,2;7,41;6,4;7,16;8,11
78190;0;997;0;1,6;1,1;9;100;0;16,9;32,7;34,6;13,7;2,1;6,9;11;35;41;6,1;0;0;1,2;11,4;0;25,1;12;50,3;16,2;11,4;55,1;17,3;0;8,84;7,22;7,84;8,88
78208;0;2409;0;3,4;1,8;5,1;95,4;4,6;17,8;16;34,9;25,5;5,9;12,7;4;16,3;38,7;26,2;2,2;0;0;17,5;35,7;36;7,2;3,6;3,1;38,5;56,5;1,4;0,5;7,4;6,36;7,36;8,23
78217;0;619;74;1,8;1,8;8,5;94,1;5,9;1,7;21,9;40,9;28,5;6,9;0;2,1;39,9;43,1;13;1,9;0;0;42,2;0;15,3;4,3;38,2;14;41,8;27,8;12,9;3,6;6,99;5,49;6,77;8
78220;0;445;0;2,9;2,5;4,9;71,7;28,3;4,5;31,1;27;28,6;8,8;3;5,4;34,8;33,8;23;0;0;0;6,7;24,3;14;55,1;0;8,4;0;46,9;26;18,7;7,76;6,79;7,2;8,14
78242;0;1480;0;1,7;0,8;5;99,2;0,8;8;25,3;30,4;24,4;11,9;3,1;5,1;33,1;34,9;22,7;1,1;0;0;74,1;4,4;0;10,3;11,3;2,2;65;11,2;13,3;8,3;7,2;5,84;6,4;7,88
78267;0;456;0;0;0;7,1;87,7;12,3;4,2;33;34,8;23,3;4,6;0;3,8;36,5;45,5;14,2;0;0;0;13,7;5,8;11,2;8,1;61,2;13,4;18,2;56,7;3,7;7,9;7,97;6,67;7,94;8,78
78297;0;6277;0;2;0,6;6,7;89,3;10,7;12,7;19,8;31,6;26,9;9;7,5;5,4;20,3;43,3;21,2;2;0,3;7,3;18;25,1;27,8;9,6;12,3;2,5;23,2;64,5;7,4;2,4;7,76;6,6;7,69;8,55
78311;0;2592;86;1,5;0,5;7;98,9;1,1;9,3;26,7;42,5;18,1;3,4;5,9;6;35,1;38,6;13,4;1;0;14,1;8,9;30,5;3,4;6,6;36,5;11,7;31,2;43,6;8,2;5,3;8,23;7,05;7,58;8,4
78322;0;1346;0;0;3,5;5,2;97,4;2,6;77;6,2;9,2;5,8;1,7;73,9;4,9;6;12,3;2;1;0;4,3;5,9;3,2;3,5;5,4;77,7;2,4;4,7;14,3;77,7;0,9;8,25;6,71;7,75;9,26
78335;0;2439;0;3,1;1,8;6,4;90,1;9,9;7,9;18,6;34,1;29,7;9,7;2;5,1;21,6;46,1;23,9;1,4;0;0;25,4;36;21;13,2;4,4;4,4;36,9;49,2;5,2;4,4;6,83;6,13;6,65;7,44
78350;0;645;0;2,3;0;12,3;94,8;5,2;10,8;29,5;35,9;19;4,8;4,8;8,9;31,4;40,3;12,3;2,3;0;2,7;0;23,6;12,9;23;37,9;19,6;0;37,4;32,6;10,4;9,23;7,57;8,28;10,81
78354;0;532;0;2,1;0;6,8;68,8;31,2;6,2;20,7;24,7;31,5;16,9;0;2,3;16,9;55,4;25,4;0;0;0;16,9;46,2;12,2;7,1;17,5;6,9;51,4;41,7;0;0;6,3;5,41;5,75;7,22
78356;0;1171;0;1,1;0;6,6;58,6;41,4;3,3;12,9;21,8;36,8;25,2;0;2,9;14,2;26,4;46,9;9,6;0;13,4;40,5;4,1;14;16,4;11,5;2,8;32,6;57;6,6;1;7,14;5,91;6,38;8,05
78358;0;1275;11;2,5;0;8,2;99,1;0,9;27,7;21,9;31;16,4;3,1;17,6;7,3;28,5;32,3;11,9;2,5;0;7,9;0,9;14,5;11;39;26,8;9,7;0;62,6;20;7,6;9,13;7,54;8,2;9,81
78361;0;7189;0;1,5;0,4;5,2;99,2;0,8;4,4;20;34,4;30,6;10,5;1,8;4,3;29,1;49,3;11,6;3,3;0,4;2,1;77;9,6;3,2;6,1;2,1;2,3;80;14;3,2;0,6;6,15;5,28;5,95;6,67
78362;0;3184;0;2,1;0,9;7;94,3;5,7;8,2;15,5;36,6;29,6;10;4,1;4,7;31,3;43,5;14,3;1,7;0,4;8,9;44;23,5;9,5;7,7;6,4;2,5;42,5;48,5;3,7;2,8;6,8;5,93;6,81;7,43
78372;0;1011;11;1,1;0;7;98,1;1,9;10,3;26,6;38,2;20,4;4,5;4;8,7;33,7;42,6;9,8;1,2;0;3,8;4,6;29,1;4,7;29,7;28;13,8;26,2;50,7;8;1,3;7,71;6,52;7,25;8,28
78380;0;341;15;3,5;0;8,7;96,6;3,4;0;12,4;57,1;26,5;4,1;0;0;52,8;47,2;0;0;0;0;71,5;0;0;0;28,5;5,7;71;17,9;0;5,4;6,9;6,05;6,36;7,38
78383;0;1737;47;2,7;1,7;7,6;99;1;16,2;22,4;35,4;22;4;11,9;5,6;24;40,8;16,5;1,2;0;0;3,7;29,7;19,4;4,3;42,8;10,5;0;56,7;25,6;7,1;8,46;7,14;7,8;9
78396;0;536;0;2,1;0;7,3;94,5;5,5;2;18,1;30,5;42,3;7,2;0;0;21,5;65,6;7,7;5,2;0;0;81;4,4;4,1;8,3;2,1;0;73,3;19,2;3;4,5;6,46;5,91;6,27;6,72
78397;0;396;53;11,6;0;5,8;97,3;2,7;4,8;32,3;39,9;20,1;2,9;3,1;4,7;30,8;42,6;15,3;3,5;0;0;0;0;3,8;26;70,2;22,6;0;48,4;29;0;8,64;7,15;7,78;10,23
78401;0;1125;31;1;0;6,5;94,9;5,1;4,4;17,3;30,6;32,8;14,9;0;4,8;27,1;50,9;17,2;0;0;0;70,3;0;12;14,9;2,8;3,6;65,3;20;6,3;4,7;6,85;6,08;6,44;7,47
78418;0;1047;20;1,3;1,1;7,2;95,9;4,1;3,6;24,9;39,4;24,8;7,3;1,2;3,5;26,1;48;17,3;4;0;1,6;2,6;49,2;11,6;9,4;25,6;11,8;0;56,2;23,8;8,2;8,2;7,2;7,93;8,54
78423;0;3691;48;1,4;0,3;10,9;95,8;4,2;20,6;19;34,8;20,6;5;14,2;5,2;19;40,5;18,2;2,5;0,3;0,5;0;55,5;25;3,3;15,7;3,1;17,8;65,3;11,8;2,1;8;6,85;7,5;8,37
78440;0;4960;33;1,3;0,3;4,7;94,9;5,1;2,7;15,4;41,5;31,4;9;0,2;3,5;33,1;43,6;15,9;3,5;0,2;7,3;64,6;4,7;5,3;6,9;11,2;1,4;50,2;35,4;10,3;2,7;6,8;5,87;6,52;7,46
78455;0;418;50;0;0;6,6;80,6;19,4;8,6;30,1;25,6;25,6;10;0;7;31,5;35;20,8;5,8;0;0;0;24,1;13;18,9;44;16,7;0;69,1;11,4;2,8;7,87;6,85;7,45;8,34
78481;0;1573;0;1,7;0;7,1;97,3;2,7;9,2;18,2;40,2;27;5,5;5;7,7;36,5;40,9;8;1,9;0;11,3;63,1;8,1;8,2;3,3;6;4,5;63,8;19;7,1;5,7;8,49;7,04;8,21;9,02
78486;0;162;0;6,3;0;8,4;78,7;21,3;6,4;19,7;24,9;42,8;6,4;5,9;5,9;23,1;58,1;7;0;0;0;42,1;0;8,2;28,7;21,1;22,8;0;60,8;7,6;8,9;7,4;6,26;7,39;8,2
78490;0;3267;44;1,5;0;9,8;88,3;11,7;5,6;19,4;32,9;31,2;11;1,2;4,6;26,9;40,1;21,5;5,3;0,3;2,7;52,7;5,5;28,5;3,8;6,9;3,2;41,7;49,5;4,3;1,4;7,49;6,46;7,38;8,39
78498;0;6073;45;1,5;1;5,6;98,8;1,2;6,5;16,1;45,1;25,5;6,7;3,2;5,4;45,3;34,9;10,1;1,2;0;1,4;73,1;9,6;5,2;1,3;9,4;4,9;49,1;23,3;19,3;3,4;7,19;6,18;6,72;7,74
78517;0;2294;0;2,8;1,3;9,7;95,3;4,7;15;17,7;37,6;26,2;3,5;8,8;7,3;28,7;45,8;9,4;0;0;2,7;41,8;23,6;7,5;8,6;15,8;7,4;55,8;23,1;11,7;2;6,69;5,45;5,97;7,35
78537;0;178;0;0;0;8,9;100;0;0;19,1;43,2;29,6;8;0;6,1;26,3;59,8;7,8;0;0;0;55,9;0;15,5;0;28,6;16,3;48,9;34,8;0;0;6,09;5,33;5,81;6,78
78545;0;2940;0;1,5;0,8;7,5;100;0;6;16,7;40,2;31,3;5,9;1,4;7,1;37,8;45,9;7,7;0;0;6,4;72,5;5,9;3,2;3,6;8,5;0,4;70,8;12,7;5,8;10,3;7,3;6,17;6,78;7,91
78551;0;3875;20;2,2;1,5;6,4;98,7;1,3;11,4;23;36,2;23,9;5,5;7,2;6,8;37,6;37,6;9,8;0,8;0,3;3,7;58,2;10;3,5;11,5;13,2;5,2;49,1;20,2;18,3;7,2;7,85;6,13;6,98;8,7
78571;0;16;0;;;;;;;;;;;;;;;;;;;;;;;;;;;;;9,67;;;
78575;0;325;11;0;0;6,7;71,7;28,3;6,2;32,4;28,1;19,4;13,9;0;5,7;35,8;35,1;12,7;10,8;0;0;3,4;0;59,1;9,3;28,2;8,1;0;34,6;49,3;8,1;9,44;7,85;9,79;10,83
78586;0;5436;23;1,4;0,3;3,6;98,8;1,2;5,2;19,5;41,9;26,8;6,6;0,8;4,2;24,8;44,6;22,8;2,5;0,2;0;45,4;42,1;3,3;2,7;6,5;1,3;56,2;39,6;0;3;6,86;6,01;6,67;7,41
78621;0;6876;0;1,3;0,4;6,1;93,6;6,4;3,7;16;40,2;31,8;8,5;0,3;4;19,4;51,7;22,6;1,7;0,3;3,6;48,6;38,9;0;4;4,9;0,3;58,1;25,6;13,7;2,2;6,77;6,05;6,71;7,23
78624;0;563;0;0;0;8,3;92;8;8,9;27,5;34,6;23,6;5,3;2,5;6,9;33,6;42,4;14,7;0;0;0;11,5;0;9;38,2;41,3;27,8;11,9;44,3;16,1;0;7,78;6,95;7,66;8,12
78640;0;1914;0;2,5;0,8;11;100;0;44,7;15,3;22,1;13,2;4,7;40,7;4,3;20,9;24,6;8,8;0,6;0;0;25,9;0;4,6;50,4;19,1;9,1;25,4;30,1;35,4;0;8,5;6,71;7,67;8,73
78642;0;1899;24;3,2;0,7;6,8;98,3;1,7;8,6;20,8;35,6;28,7;6,3;3,4;7,9;26,5;51,7;10,5;0;0;2,3;56,6;7,6;16,4;4,9;12,3;4,8;47,4;25,4;4,5;17,8;7,52;6,43;7,17;8,47
78643;0;921;0;0;1,6;1,7;98,7;1,3;4,8;11,2;49,7;21,3;13,1;2,3;5;69,1;20,6;1,7;1,3;0;0;77,7;5,5;9,5;7,3;0;1,6;0;86,8;1,2;10,3;7,18;6,61;6,87;7,43
78644;0;1479;0;4,1;2,1;7,3;100;0;16,6;10,1;29,7;28,5;15;13,6;2,4;23,7;45,4;13,2;1,7;0;0;87,3;0;0;0;12,7;0;44,9;44,7;9,5;1;6,65;5,76;6,3;6,67
78646;0;7600;68;4,3;3;7;97,7;2,3;13,6;19,6;37,1;22,3;7,4;10,1;8,1;41,2;30,2;8,9;1,2;0,3;18,4;50,1;9,1;9;7,4;6;2,9;57,4;16,7;11,1;11,9;7,83;6,03;6,87;8,54
78650;0;1015;169;4,5;1,1;8;100;0;13,4;31,3;37;15,7;2,6;5,5;11;38,4;31,6;13,5;0;0;5,5;23,4;5,8;18,5;5,5;41,4;11,6;15,8;37,3;25,6;9,6;9,4;6,95;8,31;11,06
78674;0;841;0;1,5;1,3;7;89,5;10,5;5,8;32;33,7;23,5;5;1,9;4,9;36,7;42,6;12,6;1,3;0;9,9;16,2;13;13,4;7,4;40,1;17,2;15,7;54,1;13;0;8,17;7,01;7,74;8,72
78686;0;1068;49;2;0;7,1;93,7;6,3;23,6;24,9;31,6;15,5;4,4;18,7;8,3;31,8;30,6;8,9;1,6;0;9,8;12,4;16,5;10;25,3;26;13;20,2;54,9;11,9;0;8,41;6,89;7,77;9,17
78688;0;773;49;0;0;5,9;94,6;5,4;21,4;23,5;27,4;24,4;3,3;17,9;5,9;24,7;30,7;19,2;1,6;0;0;0;34,6;13,3;24,6;27,5;8,6;0;72,5;18,9;0;8,44;7,38;8,09;8,87
79003;0;376;0;0;0;5,5;12,9;87,1;0;10,7;43,9;36,3;9,1;0;0;7,4;66,4;22;4,1;0;0;2,8;15,5;20,8;40,6;20,3;14,9;8,6;73,5;3;0;5,7;5,09;5,83;6,24
79049;0;953;11;1,7;0;7,3;64,4;35,6;4;16,7;42,2;30,8;6,3;2,3;1,8;18,5;66,2;11,2;0;0;0;55,2;13,8;15,8;7,9;7,3;4,3;59,9;32,7;3;0;5,08;4,11;5,08;5,84
79079;0;287;0;0;0;7,9;4,4;95,6;0;5,1;53,4;41,4;0;0;0;14,5;70,7;14,8;0;0;0;37,1;10,4;37,4;15,1;0;0;39,9;56,2;3,8;0;5,48;4,81;5,58;6,08
79081;0;476;27;0;2,7;9,6;11,8;88,2;0;7,4;50,8;35,8;6,1;0;0;7,7;61,5;26,4;4,5;0;0;0;4,9;10,5;54;30,6;16,2;0;75,1;8,7;0;6,12;5,78;6,06;6,6
79191;0;6140;25;4,4;2,9;8,2;77,5;22,5;5,4;21,6;38,3;28;6,7;2;3,9;29,8;51,1;12;0,8;0,4;0,4;49,1;11,8;13,6;16,4;8,6;4,6;55;36,2;3,4;0,8;5,74;5,12;5,62;6,24
79202;0;533;0;2,4;0;8,7;68,3;31,7;3,5;12,6;41,6;35,4;6,8;0;4,1;21,7;58,4;13,4;2,4;0;2;50,2;6,8;16,8;18,1;6,1;5,5;52,4;40;2,1;0;5,11;4,23;4,98;6,04
79270;0;645;0;7,6;3,7;9,4;85,4;14,6;2,9;14,2;34,4;34;14,5;0;2,9;27,9;49,1;16,2;4;0;0;76,3;11,9;7;4,7;0;3,7;73,1;21,2;2;0;5,8;5,29;5,61;6,09
79329;0;1124;0;5,4;3,2;8,9;72,1;27,9;3,1;19,7;41,2;33,2;2,8;1;5,3;26,2;57;9,5;1;0;6;60,4;14,2;11,8;4;3,5;6,5;60,8;30,7;1;1;5,02;4,23;4,97;5,65
80001;0;4008;25;1,4;0,3;8,9;79;21;5,6;16,8;40,2;31,7;5,7;2;3,3;24,2;53,2;14,9;2,5;0;0,4;45,4;18,6;10,4;15,6;9,6;6,5;55,5;36,2;1,5;0,3;5,11;4,24;5;5,85
80016;0;694;0;1,6;1,7;9,2;63,6;36,4;8,9;15,2;43,9;27,4;4,6;0;7;27,5;53;12,6;0;0;12,1;39,1;8,3;17,6;20,7;2,3;4;55,3;30,9;9,8;0;5,9;4,98;5,56;6,83
80021;0;23683;64;1,3;0,6;8,5;90,5;9,5;10,3;21,2;38,5;23,3;6,7;5,8;5,6;28,6;41,2;16,2;2,4;0,3;3,4;46,5;18,5;9,6;10,1;11,9;3,9;49,9;36,8;6,9;2,5;6,4;5,55;6,28;7,02
80253;0;624;0;2,1;0;11,8;66,2;33,8;9,2;16,6;39,1;26,2;8,9;0;11,2;35,3;36;15,6;1,9;0;2,7;58,3;20,2;8,6;10,2;0;6,2;53,2;36,2;4,4;0;5,86;5,29;5,78;6,36
80410;0;643;11;0;1,7;8;33,3;66,7;5,3;17,9;35,4;30,3;11,2;0;8,9;25;52,9;13,3;0;0;0;42,8;29,5;16,1;9,9;1,7;1,6;60,1;33,5;2,5;2,3;5,65;5,01;5,71;6,31
80620;0;1084;0;3,2;1,2;10;78;22;5,5;19,4;46,5;23,5;5,2;0;5,5;28,5;45,3;19,6;1;0;5,3;54,2;14;13,7;11,6;1,2;2,6;54,4;38,7;4,4;0;5,81;5,14;5,71;6,32
81004;0;4284;0;3,5;1,6;12,3;87,9;12,1;10,4;14,7;35,4;31,5;8;8,1;2,6;16,3;47,4;22,7;2,8;0,3;4,2;46,8;16,9;11,8;10,7;9,6;6,9;55,6;28,5;8;1,1;5,29;4,59;5,02;5,83
81021;0;588;0;3,9;3,4;6,1;83,8;16,2;0;13,5;32,2;47,2;7,2;2,2;0;21,4;61,9;14,5;0;0;1,8;74,2;4;2;11;7;5,6;65,4;27,3;0;1,8;5,3;4,83;5,15;5,81
81060;0;1091;0;8,7;7,1;11,4;94,6;5,4;2,2;12,7;54;22,9;8,2;0;2;36,5;44,7;14,2;1,6;1;5,7;53,1;31,1;0;6,2;3,9;2,7;44;50;0;3,3;5,24;4,7;5,29;5,82
81065;0;3140;11;6,7;4,8;9,8;95,9;4,1;7,9;22,5;33,7;27,3;8,6;5,1;4,4;28,6;39,8;18,8;3;0,4;1,1;76,5;7,9;2,9;8,4;3,2;4;72,1;20,2;3,7;0;5,6;5,08;5,53;6,05
81099;0;790;58;1,4;0;8,8;76,7;23,3;1,4;13;41,1;38;6,5;1,4;2,4;12,5;50,1;32;0;1,7;0;34,1;5,1;2,3;32,2;26,3;15;33,8;48,6;2,6;0;5,6;4,81;5,6;6,31
81105;0;700;0;1,8;0;8,9;75,6;24,4;3,8;9,3;36,8;36,5;13,7;0;0;17,2;45;31,3;4,9;1,6;1,5;53,1;14,6;2,7;22,1;5,9;6,8;56,9;33,2;3;0;5,01;4,53;4,93;5,62
81120;0;259;16;4,2;0;9,2;68,5;31,5;4,4;16,9;28,6;35,5;14,5;0;6,7;21,8;35,3;36,1;0;0;0;42,9;7,3;0;24;25,8;14,9;44,3;40,8;0;0;5,33;4,76;5,33;5,76
81140;0;365;12;3,1;0;4,3;62,5;37,5;0;14,5;40,3;30,9;14,2;0;0;14,8;51,6;27;3,7;2,9;0;36,3;3,1;10,5;26,9;23,2;13,7;36,6;49,7;0;0;5,56;4,68;5,69;6,27
81163;0;429;0;0;0;7;90,4;9,6;2,7;20,1;31,3;33,3;12,5;2,6;4,6;30,9;43,6;13;2,8;2,6;3,3;77,5;11,9;3,3;4,1;0;5,2;75,7;16,5;0;2,6;5,07;4,49;4,86;5,61
81257;0;624;0;4,2;2;6,6;88,9;11,1;1,8;18,2;35,7;30,3;14;0;1,8;20,9;48,1;24,5;4,7;0;0;62,4;15,7;11,7;3,8;6,4;5;74;21;0;0;4,91;4,28;4,68;5,41
81271;0;287;0;0;0;20,8;76,6;23,4;0;20,5;41,8;33,3;4,4;0;0;19,8;56,6;23,6;0;0;0;23,8;16,1;15,4;11;33,7;14,8;32,5;52,7;0;0;5,61;4,99;5,59;6,31
82033;0;709;0;1,7;1,6;8,4;78,7;21,3;1,9;7,4;47,7;32,2;10,7;0;1,6;21,8;42,5;27,6;4,7;1,8;3;57,3;11;4,1;24,6;0;6,5;50,4;35,7;5,8;1,6;5,62;4,91;5,71;6,21
82037;0;385;0;2,8;2,8;6,9;36,1;63,9;2,8;3,6;44,2;46;3,3;0;2,8;12;61,4;23,8;0;0;0;33,5;3,6;6,2;42,9;13,8;16,2;25,7;55,4;0;2,7;5,86;5,3;6;6,37
82112;0;511;0;3;4;8,6;92,3;7,7;13,2;21,6;38,6;22,5;4,1;2,5;9,4;29,6;46,9;8,6;0;2,9;12,1;39,2;9,5;12,9;14,9;11,3;7,5;34,7;54,7;3,1;0;5,88;5,12;5,83;6,53
82121;0;4548;183;2,9;2,1;7;73,3;26,7;5,4;17,6;43,1;28,1;5,8;2,6;3,3;23,7;43,7;23,8;2,2;0,7;2,9;28,9;8,8;11,2;32,5;15,7;9,6;24,5;60,9;2,5;2,5;6,05;5,43;6,08;6,47
83004;0;310;25;0;0;8,2;91,2;8,8;0;28,5;37,7;19,9;13,9;0;0;25,4;41,6;19;14,1;0;0;0;14,6;0;21,5;63,9;20,4;0;62,5;9,7;7,4;6,86;6,16;6,88;7,64
83009;0;431;98;3,1;0;4,5;85,1;14,9;12,4;23,2;33,7;22;8,6;4;10;28,4;37;16,6;4;0;0;7,5;18,9;9,3;27,1;37,1;14,5;20,4;46,8;18,3;0;7,04;6,16;7,07;7,63
83016;0;324;22;3,4;0;10,9;96,2;3,8;3,4;33,1;39,1;18,1;6,2;0;0;41,5;46,3;12,1;0;0;3,3;0;0;0;15,5;81,2;28,2;0;55,2;8;8,6;7,85;6,48;7,06;8,54
83019;0;365;14;3;0;6,7;96,1;3,9;3;32,3;41,8;19,9;3;0;3;36,8;47,5;12,6;0;0;0;10,9;4,9;10,4;21,6;52,2;16,2;11,9;55,7;16,2;0;6,92;5,43;6,35;7,79
83023;0;1326;0;1,7;0,8;5,5;88,1;11,9;4,9;16,7;34,6;32,8;10,9;0,9;5,5;20,5;40,6;27,9;3,8;0,8;0;33;35,2;3,2;20,5;8,1;4,8;48,1;40,9;6,3;0;5,55;4,54;5,43;6,35
83034;0;285;0;0;0;6,4;100;0;8,5;26,1;34,2;20,5;10,7;0;4,1;31;48,1;16,8;0;0;0;14,6;40,8;3,8;25,1;15,7;4;32,6;63,4;0;0;6,54;4,75;6,74;7,55
83036;0;421;24;2,6;0;3;100;0;0;19,3;47,3;30,2;3,2;0;0;21,7;65,2;13,1;0;0;0;11,2;26,9;12,5;19,7;29,7;8,6;26,7;49,2;15,5;0;6,24;5,09;6,1;6,66
83042;0;433;0;0;0;6,1;91,9;8,1;0;11,4;31,3;41,6;15,7;0;0;9,4;37,6;45,9;7,1;0;0;0;69,5;24,5;5,9;0;4,3;42,4;47,4;5,9;0;6,34;5,92;6,3;6,92
83047;0;633;0;0;0;6,9;82,9;17,1;1,8;21,8;43,9;29,9;2,6;0;0;28,4;53,3;16,4;1,9;0;0;11,8;0;28,5;27,9;31,8;11,3;0;85,9;2,9;0;7,25;6,58;7,27;7,81
83049;0;312;0;0;0;8,5;96,6;3,4;0;29,2;43,3;23,3;4,3;0;0;37,1;51,4;11,6;0;0;0;0;0;5,1;15,7;79,2;26,9;0;73,1;0;0;6,5;5,68;6,2;6,96
83050;0;3467;0;2,2;0,8;10,7;96,4;3,6;4,5;18,2;37,8;28,2;11,3;2,4;1,5;22,5;48,4;20,7;4;0,5;0;24,4;27,3;14;22,1;12,3;9;23,9;55,1;4,8;7,2;6,37;5,58;6,33;6,97
83054;0;615;247;0;0;17;89,6;10,4;4,6;35,2;34;17,6;8,6;2,3;1,8;37,1;35,2;16,2;7,5;0;0;0;5;0;35,8;59,1;17,2;0;58,3;14;10,5;7,36;6,11;7,04;8,1
83061;0;3961;127;1,9;1;7,1;94,2;5,8;6,4;21,6;36,1;28,6;7,3;3,6;3,2;27,2;42,9;20,5;2,3;0,4;0;25,7;15,9;5,6;12;40,8;13,2;21,1;57,1;4,6;4;6,35;5,34;6,33;6,87
83062;0;2900;0;1,3;0,9;4,4;100;0;29,9;11,5;23,9;29,6;5,1;21;8,3;11,6;41,5;16,3;1,3;0;0;6,8;44,5;40,5;6,9;1,2;1,6;27,8;69,1;1,5;0;6,65;5,45;6,79;7,53
83069;0;4051;0;5,1;3,9;7;96,4;3,6;1,4;20,1;37,5;31,6;9,4;0,3;1,8;26,7;47,2;21,1;2,3;0,5;0,6;32,8;28,1;8,9;8,2;21,4;8,3;36;47,9;6,2;1,6;6,62;5,47;6,46;7,48
83070;0;620;0;2,1;0;7,4;100;0;4,7;27,2;34,7;26,7;6,8;0;0;35,3;37,7;24,5;2,5;0;0;15,5;43,8;8,6;1,8;30,2;9,4;31,2;50,7;5,5;3,3;6,25;5,23;5,92;6,75
83071;0;652;12;2,2;0;6,5;100;0;0;21,1;36,4;34,4;8,1;0;2,1;31,1;48,4;16,7;1,7;0;0;34;18,8;8;8,5;30,7;8,3;34;45,5;2,9;9,2;6,53;5,5;6,32;7,46
83072;0;439;57;3;0;3,9;61,4;38,6;0;20,5;39,2;32,8;7,5;0;0;21,4;57,2;21,4;0;0;0;8;15,6;14,9;12,6;49;17,7;8,6;73,7;0;0;6,05;5,71;6,26;6,56
83073;0;712;42;3,8;2;8,3;80,3;19,7;1,6;14,5;29,7;34,6;19,6;0;1,9;21,4;47,8;21;6,1;1,8;0;35,7;20,8;1,5;30,8;11,2;6,2;38,5;34,2;0;21,2;6,61;5,13;6,2;8,57
83086;0;483;119;2,6;2,3;7,1;100;0;2,3;31,2;35,2;23,5;7,7;0;0;30,4;48,8;20,8;0;0;0;10,1;14,9;0;11,4;63,6;21,3;8,5;70,2;0;0;6,29;5,93;6,29;6,69
83090;0;856;38;1,5;0;4,9;90,8;9,2;3,3;29,8;35,2;24,3;7,5;0;3,5;35,6;43,8;15,8;1,3;0;0;28,3;3,2;12,5;9,2;46,7;17,5;29,5;48,6;0;4,4;6,52;5,43;6,4;7,32
83098;0;545;0;0;0;6,4;97,9;2,1;0;19,5;40,1;27,8;12,5;0;0;27,6;54,1;18,3;0;0;0;32,2;0;24,6;12;31,2;10,8;29,4;59,8;0;0;6,53;5,48;6,74;7,43
83099;0;421;112;0;3,2;4;100;0;3,8;33,9;40,6;18,1;3,6;0;8,7;30,3;41,6;16,8;2,6;0;0;0;0;0;25,8;74,2;24,6;0;65,9;0;9,5;6,76;5,72;6,69;7,02
83107;0;305;0;0;0;4,9;72,3;27,7;3,5;17,4;30,5;35,4;13,2;0;3,9;21,4;40,8;30,3;3,6;0;0;0;29,1;16,1;39,2;15,5;11;3,8;54,3;30,9;0;6,5;5,52;6,16;6,91
83112;0;627;28;1,8;0;4,5;96,8;3,2;0;34,4;41,1;21;3,4;0;0;34;52,9;11;2,1;0;0;0;8;16,2;19,1;56,7;16;0;84;0;0;6,98;6,4;6,89;7,37
83115;0;592;0;2,2;0;4,6;91;9;0;21,9;39,9;31,3;6,9;0;2,8;23,8;50,1;21,5;1,8;0;0;17,4;32,7;0;27,1;22,9;7;34,1;40,4;5;13,4;7,03;5,23;6,42;9,07
83116;0;422;0;4,8;3;3,6;85,1;14,9;2,5;19,5;41,5;28,2;8,3;0;0;23,8;49,9;23,8;2,6;0;0;11;25,1;4,2;37,6;22,1;12,5;33,4;40,8;13,2;0;5,82;4,8;5,51;6,59
83118;0;2028;11;1;0;3,6;92,6;7,4;7,5;21,1;36,8;29,2;5,4;6,6;1,7;28,8;38,7;22,4;1,8;0;0,5;25,6;11,6;8,2;27,1;26,9;11,1;35,3;49,5;2,6;1,5;6,06;4,94;6,23;6,86
83119;0;217;0;0;0;5,1;100;0;0;33,6;45,6;20,7;0;0;0;37,9;56,9;5,2;0;0;0;0;0;23,3;10,5;66,2;13,3;0;54,9;16,8;15;8,53;6,46;7,14;11,12
83123;0;903;213;1,6;0;5,3;100;0;1,2;38;36,8;18,6;5,4;1,4;1,5;38,3;46,3;11,2;1,2;0;0;12,2;3,5;7,9;7,3;69,1;26;14,5;50,8;8,7;0;7,2;5,95;7;8,19
83126;0;5634;52;5,5;3,9;9,1;99,5;0,5;2;14,6;34,5;41,7;7,2;0,4;3,2;22,3;60,6;12,7;0,7;0;1,2;53,5;13,6;6,7;19,3;5,7;2,8;63,2;26,3;6;1,6;6,15;5,26;5,71;6,71
83129;0;1947;96;0;0;5,4;98;2;3,4;29,3;36,3;25,4;5,5;0;3,2;33,5;47,6;15;0,8;0;0,6;13,1;14,5;6,1;22,1;43,7;14;24,6;50,6;10,8;0;6,8;5,68;6,75;7,49
83130;0;824;64;1,9;0;4,7;98,7;1,3;1,7;29,6;37,1;26,1;5,5;0;1,7;27,9;44,7;24;1,7;0;0;0;23,3;16,7;15;44,9;17,3;2,8;78,5;0;1,4;6,85;6,11;6,8;7,48
83137;0;13451;11;2,8;1,5;7;97,2;2,8;4,4;19,3;39,5;29,3;7,5;3,9;5,3;23,1;42,2;22,7;2,5;0,3;7,5;47,2;11,8;13,2;8;12,3;6,8;54;33,1;3,1;3;6,06;5,02;5,66;7,04
83144;0;1549;51;11,5;9,4;4,8;95,1;4,9;14,5;18,9;25,2;28,7;12,7;11;3,8;20,9;40,1;19,2;4,2;0,8;6,1;4,2;33,7;15,1;9,4;31,5;10,8;26,8;52;2,5;8;6,29;5,18;6,01;7,25
83148;0;747;0;4,7;2,2;10,6;92,4;7,6;2,5;23,5;42,5;23,6;7,9;1,4;3,4;21;50,6;18,2;5,4;0;0;5,2;22,7;18,5;9,2;44,4;16,5;12,6;68,3;2,7;0;6,2;5,75;6,29;6,71
83153;0;248;60;4,3;4,2;15;93,6;6,4;6,9;19,2;35,5;31,4;6,9;0;0;36,1;49,4;14,4;0;0;0;28;25,9;7,8;4,7;33,6;8,5;19;67,1;5,4;0;6,92;6,19;6,85;7,34
84003;0;832;0;0;0;7,3;91,1;8,9;1,8;13,8;41,2;31,9;11,3;0;3,4;23;47,7;23;2,9;0;1,4;66;15,6;0;10;7;2,9;68,9;26;0;2,2;6,15;4,55;6,5;7,11
84007;0;14010;54;3,1;1,8;6,2;92,3;7,7;7,2;13,2;33,4;35,1;11;5,5;4,9;25,9;44,7;15,8;3;0,2;3,2;58,6;18,3;9;6,4;4,5;3,1;53,2;34;4,3;5,3;6,44;5,47;6,23;7,2
84016;0;299;0;0;0;7,2;86,9;13,1;3,4;13,2;35,1;36,7;11,6;0;0;26,1;41,2;28,5;4,2;0;0;49;11,1;0;0;39,9;11,1;48,8;36,4;3,7;0;6,1;4,48;6,31;7,1
84019;0;810;0;1,8;1,6;7,5;86,9;13,1;1,6;9,9;36,5;41,1;10,9;0;2,9;31,8;49,1;11,8;4,3;0;4;69,1;17,4;4,4;5;0;1,4;33,2;63,7;1,6;0;5,89;4,99;5,91;6,69
84031;0;2437;76;2,1;1,1;11,5;84;16;1,6;12,4;40;35,3;10,7;0,4;1,4;15,8;40,7;37,6;4,1;0;1,6;57,8;6,7;9,4;3,2;21,3;10,2;59;30,2;0,7;0;5,61;4,31;5,58;6,68
84035;0;2559;124;5,2;3,3;7;94,8;5,2;2,1;13,5;41,2;34,5;8,7;0,7;3,5;15,3;42,6;31,9;5,9;0;2,9;64,1;7,2;15,5;2,9;7,4;3,4;66,4;27,1;1,2;1,8;5,18;3,9;4,68;6,34
84039;0;175;0;0;0;0;69,7;30,3;0;14,9;45,2;32,4;7,4;0;0;16,6;53,1;30,3;0;0;0;5,6;6,6;7,6;7,6;72,7;28,2;0;71,8;0;0;6,41;6,07;6,41;6,96
84043;0;756;0;1,7;0;9,9;88,1;11,9;0;22,9;43,1;26,9;7,1;0;2;26,8;42,2;26,1;2,8;0;0;15,7;11,9;12,5;30;29,9;19;13,3;62,4;3,3;2;6,83;6,32;7,08;7,59
84054;0;1283;37;1,3;0,9;6,5;78,6;21,4;2,5;13,4;40,7;35,4;8;0;2,1;23,9;51,5;20,4;1,2;1;1,8;39,4;18,5;8,7;16,9;14,7;7,2;45,6;44,1;2,2;0,9;6,63;6,1;6,49;7,17
84080;0;1002;64;1,2;0;7,4;77,8;22,2;1,2;17,9;31,7;38;11,2;0;1,1;19,6;36,9;39,2;3,1;0;2,1;28,9;5,7;3,5;15,8;44;17,9;33;44,6;4,5;0;6,24;4,98;6,48;7,15
84081;0;595;33;0;0;7,6;83,5;16,5;2,4;23,5;37;30,2;6,9;4,2;1,8;23,3;45,1;22,6;2,9;0;0;12,3;0;10,6;18,4;58,8;20,9;12,1;62,1;2,6;2,3;7,09;6,44;6,97;7,51
84087;0;2746;65;2,8;1,9;8,6;88,6;11,4;2,5;13,6;39,7;33,4;10,8;0,6;2,7;28,8;46,8;18,9;1,7;0,4;0;60,6;25,2;5,5;3,5;5,2;2;50,8;47,2;0;0;6,18;5,41;6,34;6,94
84088;0;290;13;0;0;8,2;62,6;37,4;0;13;32,3;40,2;14,6;0;0;17,7;36,4;45,9;0;0;5,2;9;25,8;12,9;4,2;42,9;13,1;21,6;65,3;0;0;6,22;5,66;6,3;6,78
84089;0;1013;0;0;0;5;72;28;2,2;16,6;38,8;36;6,4;1,1;4,8;15,4;47,8;28,3;2,7;0;0;7,3;32,2;29;12,3;19,3;16,1;14,3;59,5;10,2;0;6,54;5,74;6,38;7,28
84092;0;1207;0;1,2;0;8,7;72,7;27,3;1,1;15,4;37,3;38;8,3;0;3,8;21,9;45,4;26,3;2,6;0;0;15,1;11,7;28,8;32,9;11,5;10,1;10,5;59,1;16,7;3,6;7,28;6,63;7,22;7,82
84122;0;224;0;0;0;5,6;86,3;13,7;0;14,2;40,9;39,2;5,6;0;0;10;38,4;46,7;4,8;0;0;15,5;19,5;15,9;34,5;14,5;6,2;30,8;62,9;0;0;6,06;4,66;6,7;7,09
84129;0;1496;0;3;1,8;7,4;88,5;11,5;3,4;15,8;36,7;35,8;8,3;1,9;2,3;27,3;54,5;13,2;0,9;0;3,7;51,8;18,5;7,9;9,1;9,1;6,4;64,7;28,9;0;0;6,08;5,37;6,04;6,82
84132;0;347;31;0;3,5;4,3;66;34;0;10,1;35,5;40,1;14,4;0;0;15,2;55,6;25,5;3,7;0;0;12,6;25,2;5,8;11;45,5;13;43,7;38,3;5,1;0;6,14;5,62;6,1;6,64
84137;0;253;0;0;0;4,9;66,9;33,1;0;11,2;32,3;40;16,5;0;0;10,5;62;23,6;4;0;0;43,7;23;18,9;14,4;0;4,3;50,6;45,1;0;0;6,52;6,28;6,68;7,03
84138;0;269;0;0;0;5;51,5;48,5;0;13,5;27,8;39,8;18,8;0;4,2;12,9;40,9;42;0;0;0;34;42,6;19,2;4,2;0;0;55,8;44,2;0;0;6,21;5,79;6,19;6,66
84141;0;892;0;1,9;0;7,3;76,1;23,9;1,2;18,6;37,3;35,1;7,8;0;2,4;25,5;45;25,8;1,3;0;0;28,9;5;14;15,2;36,9;14,9;29,4;51,3;3,2;1,3;6,52;5,95;6,66;7,19
85003;0;356;24;4,5;3,3;5;38,5;61,5;8,1;14,3;51,8;22,9;3;6,6;4,1;17,5;55,6;16,2;0;0;0;13,4;16;7;35,9;27,7;11,6;26,3;62,1;0;0;6,07;5,74;6,12;6,59
85047;0;951;45;4,4;1,2;9,3;67,7;32,3;2,3;20,2;42,3;32;3,2;0;1,3;23,3;55,1;18,9;1,4;0;0;23,6;6,5;11,1;11,4;47,4;16,3;21,8;57,2;4,7;0;5,9;5,13;6,08;6,6
85092;0;1106;0;4;2,3;9,1;76,2;23,8;4,4;7,6;41;36,5;10,4;1;4;19,9;49,1;22,3;2,5;1,2;6,5;63,4;8,3;10,6;10,2;1;5,4;71,4;15,4;1,3;6,6;5,1;4,18;4,95;5,71
85109;0;751;11;3,4;1,9;7,8;63,8;36,2;6,1;10,8;50,3;29,8;3,1;1,5;4,1;13,1;54,7;24,4;2,1;0;1,5;44,7;4,3;12;19,4;18,1;11,6;47,5;29,2;8,8;2,9;5,41;4,7;5,46;6,29
85113;0;112;0;;13,9;;9,2;;;15;;31,7;;;;;;;;;0;0;28,5;37,4;22,8;11,4;19,8;0;;0;0;6,26;5,84;6,3;6,65
85128;0;640;16;3,4;0;9,8;73,9;26,1;4,5;13,1;40,5;37,7;4,2;0;4,7;19,7;59,1;14,8;1,7;0;0;47,8;22,5;7,8;8,6;13,4;9,6;61,8;24,4;2;2,2;5,17;4,51;4,94;5,8
85146;0;588;45;13,4;11;6,4;58,6;41,4;2,5;11,8;54,8;27,1;3,9;0;2,1;18,4;63,8;15,7;0;0;1,8;42,4;9,5;12;14,6;19,8;9,1;48,2;39,3;0;3,4;5,39;4,68;5,56;6,15
85151;0;360;0;3,1;0;14,7;66,9;33,1;5,5;21,1;47,9;21,9;3,6;3,8;4,1;23,5;51,4;13,8;3,5;0;0;33,7;3,6;11,5;17,8;33,4;16,4;33,9;46,1;0;3,6;5,92;4,82;6,07;6,57
85163;0;168;0;0;0;9;13,6;86,4;6,3;17,3;46,1;24,6;5,8;0;0;12,4;66;21,6;0;0;0;0;19,1;15,8;38,8;26,2;0;7,1;85,3;0;7,7;6,75;6,24;6,46;6,96
85182;0;232;0;5,3;5,3;10,3;50,2;49,8;11,1;16,6;45,1;22,6;4,7;0;0;27,3;59;13,7;0;0;0;32,9;36,8;19,9;5,6;4,8;4,5;62;28,1;0;5,4;4,89;3,85;5,06;5,65
85191;0;6984;24;4,3;2,4;8,1;85,2;14,8;13,2;23,8;35,5;23,1;4,5;7,6;5,9;25,4;43,9;15,2;1,8;0,2;0,7;44,8;16,3;14,8;15,6;7,8;7,5;51,3;36,2;3,5;1,5;5,58;4,67;5,54;6,23
85194;0;2107;95;5,2;1,3;6;74,8;25,2;4,5;25,4;45,8;21,5;2,8;0,6;5,1;30,9;45,9;16,1;1,5;0;2,1;21,4;12;12,6;24,2;27,6;13,7;25,6;51,6;6;3,1;6,13;5,47;6,15;6,71
85222;0;332;0;8,1;0;4,6;72,6;27,4;8,7;30;46,3;15;0;4,6;6,7;36,6;42,1;10,1;0;0;0;28,8;17,9;15,4;20,7;17,2;8,1;28,7;47,4;15,9;0;6,27;5,44;6,24;6,82
85226;0;356;0;3,1;3,9;5,6;59,5;40,5;0;22,7;56,9;20,4;0;0;0;16,5;61,3;18,8;3,4;0;0;0;4;8,6;20,7;66,6;24,1;0;67,9;7,9;0;6,44;6,09;6,49;6,78
85234;0;352;23;0;3,1;12,5;44,2;55,8;0;25,1;44,1;30,8;0;0;3;24,7;53,5;15,5;3,3;0;0;10,1;18,7;16;11,3;43,9;22,3;14,8;58,5;4,5;0;6,11;5,67;6,28;6,62
85288;0;158;0;0;0;7,8;60,1;39,9;0;20;49;31;0;0;0;25;48,1;26,9;0;0;0;7,7;7,1;7,1;29;49,1;17,7;0;73,8;0;8,5;6,59;5,96;6,44;6,81
86041;0;747;29;0;0;11;76,4;23,6;8,9;19,7;37,6;21,5;12,3;0;6,4;23;45,7;19,5;3,9;1,6;1,6;23,3;0;52,1;12;11;4,3;24,1;64,9;4,7;2;6,13;5,48;6,45;6,97
86062;0;571;0;2,8;0;31,3;94;6;43,2;34,5;17,1;5,2;0;32;11,8;36,4;15,9;3,9;0;0;0;0;8,2;82,5;7,4;1,9;0;0;87,4;6,6;6;7,56;6,83;7,35;7,97
86066;0;3532;0;3,6;1,8;12,2;82,6;17,4;6,2;16,3;41,3;27,7;8,5;3,8;3;33,6;43,4;14,4;1,8;0;2,9;66,1;6,3;13;8,1;3,5;4,1;42;51,8;0;2,2;5,34;4,62;5,27;5,91
86070;0;338;0;5;0;8,7;52,1;47,9;3,2;18,5;38,4;33,4;6,5;0;3,4;19,4;60,2;17;0;0;0;18,3;23,1;40,3;8,6;9,7;7,3;25,8;63,6;3,3;0;5,79;4,76;6,02;6,48
86115;0;322;0;0;0;5,5;81,2;18,8;37,1;14,3;25,7;18,9;3,9;0;36,8;16,7;33,4;9,6;3,4;0;0;33,4;5;51,1;4,6;5,9;3,7;26,5;69,8;0;0;5,58;5,18;5,51;6,21
86137;0;537;0;0;0;15,3;60,1;39,9;5,7;15,9;32,8;29;16,6;0;5,2;25,9;47;19,7;2,1;0;14,4;55,9;2,7;19,8;2,9;4,4;2,6;55,6;41,8;0;0;5,13;4,54;4,89;5,93
86158;0;264;0;0;0;10,6;19,9;80,1;0;15,9;38;27,7;18,5;0;0;17,3;39,9;34,2;8,6;0;11,4;0;29,7;32,6;15,8;10,6;13,1;0;86,9;0;0;6,69;6,29;6,86;7,2
86165;0;306;14;0;0;10,9;63,1;36,9;0;18,8;52,3;14,9;14;0;0;26,9;61,6;11,5;0;0;0;30,4;41,8;5,6;5,2;17;12,7;61,7;25,6;0;0;5,15;4,42;5,05;5,93
86174;0;250;11;0;0;7,2;34,7;65,3;0;15,1;32,8;38,2;13,9;0;0;15,6;44;35;5,4;0;0;7,8;34,2;30,7;22,5;4,8;5,7;24,9;58,8;10,6;0;5,64;4,81;5,8;6,24
86194;0;13311;116;4,9;2,8;9,8;89,6;10,4;10,7;23,1;42;19;5,2;4,5;5,7;28,5;45,7;14,1;1,3;0,1;1,5;44,8;23;16,6;10,1;4;2,9;55,2;38,8;1,8;1,3;5,88;5,14;5,83;6,57
86214;0;464;0;4;0;9,1;77,8;22,2;3;23,3;45,4;25,9;2,4;0;2,4;39,7;44,9;13,1;0;0;2,3;18,2;6,5;34,4;17,1;21,5;16;19,4;62,3;2,3;0;6,49;6,09;6,44;6,78
87001;0;351;0;0;0;8,3;72,2;27,8;0;14,6;40,5;35,2;9,8;0;0;22;40,8;31;6,2;0;0;63,7;5,4;6,8;5,1;19;9,1;50,9;34,7;5,3;0;5,16;4,52;5,22;5,67
87002;0;232;0;0;4,7;5,7;100;0;0;20,5;48,4;21,3;9,8;0;0;20,8;51,8;22;5,3;0;0;94,7;0;0;5,3;0;5,8;70;0;24,2;0;4,66;4,47;4,58;4,94
87011;0;513;0;5,5;0;8,9;96,9;3,1;10,3;8,7;37,3;32,4;11,3;2,1;10,3;12;55,7;15,7;2,2;2,1;2,1;62,3;33,5;0;2,1;0;2,9;84;7,9;5,2;0;4,72;4,25;4,43;5,01
87048;0;368;33;0;0;7;45,8;54,2;2,8;12,6;29,6;44,8;10,1;0;0;12,4;36,8;47,6;3,2;0;0;19,7;14,6;14,4;20,5;30,8;12,6;20,2;62,3;5;0;6,2;5,66;6,31;6,9
87050;0;449;12;0;0;6,1;35,6;64,4;0;9,8;39,8;38,9;11,6;0;0;8,8;43,3;42,9;5;0;0;13;0;8,6;55;23,4;13,9;12,4;55,4;18,3;0;6,24;5,74;6,29;6,83
87065;0;457;0;0;0;8,8;51,9;48,1;2,5;19,3;35,5;32,9;9,8;0;0;19,4;41,9;35,3;3,4;0;0;0;34,5;28,9;19;17,7;11,8;0;84,4;3,9;0;6,52;6,12;6,43;6,89
87075;0;701;24;4,7;2,6;8,1;88,6;11,4;9,3;21,3;35,5;29,5;4,4;0;8,1;27,2;37,5;25,4;1,7;0;0;35,3;33;13,3;9,7;8,6;5,8;31;40;23,2;0;5,57;4,8;5,39;6,12
87085;0;17687;111;3,7;2,2;10,4;94,3;5,7;8,2;21,1;43,7;22,7;4,2;2,6;5;31,6;44,8;14,4;1,5;0,1;7,5;59,5;15,2;6,2;7;4,6;3,3;69,8;25,1;1,4;0,5;5,71;4,97;5,56;6,36
87113;0;439;0;0;0;10,6;93,1;6,9;5,9;11,5;38;36,4;8,1;0;5,9;24,5;46;23,6;0;0;0;67;12,1;8,5;8,5;4;2,7;68,2;29,1;0;0;5,4;4,64;5,07;6,11
87114;0;860;0;0;0;9,1;51,3;48,7;0;15,5;36;39,3;9,2;0;0;18,7;43,7;36,2;1,4;0;0;18,1;27,8;3,5;20;30,6;13,5;24,5;57,5;4,6;0;6,36;5,57;6,31;7,11
87154;0;1156;0;8,5;5,6;10;88,5;11,5;1,6;28,8;40,6;22,8;6,2;1,2;1,1;29,3;42,5;19,3;5,1;1,6;0;39,9;38,3;8,7;8,7;4,3;6;58,2;30,4;1,6;3,8;5,14;4,57;5,04;5,71
87161;0;291;0;0;0;12;82,4;17,6;0;11,2;53,2;26,8;8,8;0;3,9;28,1;53;15,1;0;0;0;90,3;0;0;9,7;0;0;91,3;8,7;0;0;4,79;4,51;4,7;4,85
87187;0;284;0;4,1;0;11,7;87,5;12,5;4,6;26,2;29,7;29,7;9,9;0;10,2;23,8;33,2;32,8;0;0;9;55,5;19,6;0;8,3;7,6;23,5;59,2;17,3;0;0;5,04;4,33;4,72;5,79
88160;0;5316;0;3,2;1,2;8,7;88,9;11,1;8,1;20,7;37,1;25;9,2;3,3;5,5;24;43,6;16,3;6,1;1,1;1,6;61,4;18,6;8,2;6,6;3,6;1,8;68,6;28,3;0,6;0,8;5,43;4,89;5,35;5,86
88196;0;726;0;1,8;0;6,6;91,7;8,3;4,9;24,3;43,3;22,6;4,8;1,5;7,5;39,4;44,6;5,4;1,6;0;0;61,5;26;4;6,7;1,8;1,7;68,2;30,1;0;0;5,18;4,42;5,11;5,87
88209;0;1328;0;0;0;7,5;88,6;11,4;1,4;20,1;41,5;26,2;10,9;0;2;21,4;58,6;14,1;3,9;0;0;52,6;19;11,9;14,5;2;2,1;40,2;54,7;0,8;2,2;5,29;4,84;5,19;5,69
88304;0;945;0;2;0;18,2;92,9;7,1;10,7;16,7;38,3;29;5,3;9,6;2,6;23,9;52,6;9,1;2,3;0;0;77,4;17,5;2,6;2,4;0;0;90,7;9,3;0;0;4,83;4,33;4,74;5,16
88321;0;950;0;1,2;1,2;11;96,3;3,7;6,6;14;42,4;32,8;4,2;0;4,2;22,7;56,8;14,5;1,8;0;0;75,4;14,5;5,1;3,3;1,8;2;89,7;8,3;0;0;4,61;3,97;4,61;5,16
88372;0;585;0;3,3;3,3;9,5;90;10;2,6;17,7;34,8;38;7;0;1,9;35,6;53,7;5,1;3,7;0;0;73,5;13,3;3,1;8,3;1,9;7,1;76,2;16,7;0;0;5,19;4,84;5,22;5,48
88383;0;735;16;0;0;11,8;97,8;2,2;2,6;20,2;44,1;26,7;6,4;0;7,6;26,3;59,3;5,3;0;1,5;0;85;10,4;2,5;0;2,1;4,9;86,4;8,7;0;0;5,03;4,79;5,01;5,28
88413;0;3069;0;1,5;1;8,8;86;14;6,3;12,3;33,9;35,7;11,9;3;4,8;18,3;48,2;21;4;0,8;2,4;67,2;8,3;7,4;12,9;1,8;4;65,6;29,5;0;0,9;5,18;4,7;5,03;5,54
88516;0;375;0;0;0;7,2;84,7;15,3;17;18,8;28,9;27,7;7,6;0;12;26,3;45,7;12,8;3,3;0;0;53,3;18,4;4,1;9,7;14,5;9,6;67,1;23,3;0;0;5,25;4,93;5,15;5,65
89024;0;5828;13;1,7;0,4;9,3;91,8;8,2;6,1;22,2;41,4;24,5;5,8;2,1;6,5;30,1;43,7;14,5;2,5;0,6;3,2;59,9;3,4;14,2;15,2;4,2;3,4;62,3;31,2;1,8;1,2;5,68;5,08;5,42;6,19
89025;0;1306;36;5,3;4,2;12,1;90,6;9,4;3,8;23,6;35,6;28,9;8,1;2;1,9;26,1;44,6;23;2,4;0;2,2;67;17;2;8,4;3,5;1,7;80,4;14,8;1,8;1,4;5,39;4,93;5,24;5,75
89206;0;1132;0;2,9;1,2;10,2;92;8;7,2;19,6;42,5;22,4;8,4;2,6;4,2;27,9;46,7;14,8;3,7;0;3,3;77;6,5;4,7;7;1,4;2,6;78,2;17,8;0;1,4;5,67;5,1;5,85;6,14
89257;0;902;0;3,4;0;14;73,6;26,4;1,9;21,4;40,8;26,9;9;1,7;1,2;18,5;47,8;23,3;6,3;1,2;16,8;35,6;12,1;5,5;17,9;12,1;8,1;57,4;31,5;0;3;5,56;4,97;5,44;6,06
89287;0;618;0;1,8;0;8,6;90,7;9,3;9,1;22,1;35;28;5,8;1,8;3,7;21,6;39,6;28,4;3;1,8;0;27,8;32,6;13,3;26,2;0;6,5;47,4;32,4;13,7;0;5,73;4,9;5,79;6,38
89345;0;601;12;4,1;1,9;13,2;91,7;8,3;5,4;18,6;35,9;31;9,1;2,3;7,1;33,5;35,5;16,1;3,6;1,8;2;74,7;6,4;5,5;7,7;3,7;4;73,3;22,7;0;0;5,35;4,94;5,35;5,71
89387;0;4350;0;1,2;0,7;7,4;88,9;11,1;7,4;22,9;37,6;27,1;5,1;1,7;5,5;27,3;37,8;23,1;4,4;0,3;2,7;55,9;13,8;4,9;13,6;9,2;3,8;61,3;22,2;11,4;1,3;5,62;4,81;5,45;6,18
89418;0;765;0;3,4;1,6;12,4;92,7;7,3;2;16,1;40,1;33,7;8,1;0;1,8;26,5;49,7;22;0;0;0;77,3;7,4;12,4;3;0;2,2;85,6;12,2;0;0;5,29;4,77;5,14;5,86
89464;0;365;0;4,4;9;13,7;85,2;14,8;6,3;20,7;36,4;27;9,6;0;5;26,4;46,7;21,9;0;0;3;58;11;7,4;20,6;0;4,2;68,2;27,6;0;0;5,6;4,92;5,35;6,25
90009;0;476;0;13,7;10,4;8,1;87;13;2,3;16,6;35,2;36,5;9,4;0;2,7;19,7;48,2;27,3;2,3;0;0;31;41,6;2,3;13,4;11,7;14,7;63,4;21,9;0;0;5,45;4,95;5,33;5,99
90010;0;8731;0;4,6;3,2;11,4;97,8;2,2;6,3;18,7;35,7;30,2;9,1;3,2;5,1;28,3;42,7;15,8;4,1;0,8;6,2;60;15;10,5;8;0,2;16,5;62,4;12,6;1,4;7,1;5,42;4,7;5,36;6,1
90033;0;879;0;9,2;8,9;8,2;90,3;9,7;2,6;15,8;36,8;33,3;11,5;0;1,6;21;53,5;20,5;3,4;0;1,5;66,3;17,9;6,1;8,3;0;31;58,9;10,1;0;0;5,36;4,66;5,14;6,06
91021;0;1337;0;1,1;0;5,4;96,6;3,4;5;18,4;40,5;29,1;7;1,8;3,6;28,6;48;15,2;2,9;0;1,2;45,9;13,9;9,7;2,7;26,7;7,6;51,4;34,5;5,7;0,8;7,05;6,02;7,02;7,89
91027;0;4862;0;2,5;1,2;5,2;95;5;3,5;18,8;37;35,9;4,8;1,3;5;29,8;49,3;12,7;1,5;0,4;3,5;59,9;5,1;9;15,4;7,1;3,7;52,7;19,5;16,2;7,8;7,45;5,98;7,06;8,76
91086;0;990;70;1,6;0;9,8;79;21;3,2;22,9;39,3;27,3;7,3;1,1;3,1;30,3;41,1;20,8;2,4;1,1;0;0;18,3;16,2;2,5;63;21,3;18,8;41;10,7;8,1;8,24;7,17;7,64;8,73
91103;0;3231;0;1,2;0,5;5,7;95,6;4,4;3,5;14,9;37,3;37;7,3;0;3,8;16,9;56,8;20,5;1,9;0;6,6;41,9;0,6;24,1;23,4;3,3;4,9;52,1;32,3;9,8;1;6,92;5,74;6,56;7,63
91105;0;752;0;4,4;0;7,9;88,4;11,6;8,1;30;29,5;25,7;6,7;1,5;10;31,3;39,2;15,2;2,7;0;1,5;53,8;6,4;12,1;3,4;22,9;11,4;43,5;42,1;3;0;7,16;6,3;6,84;7,65
91114;0;2042;0;1,1;0,6;6,8;98,9;1,1;3,2;16,9;40;31,7;8,1;0,9;5,7;22,8;58,2;11,1;1,3;0;1,9;81,8;0;1,1;12,3;2,9;2,5;62,4;6,6;17,2;11,2;7,29;6,02;6,78;7,96
91122;0;1169;0;3,1;3,1;3,6;100;0;71,6;8,1;10,2;7,9;2,2;69,7;2,3;8,9;11;7,2;0,9;0;0,9;0;5,3;38,9;2,7;52,1;4,4;0;87,8;7,8;0;8,84;8,02;8,63;9,51
91161;0;1582;25;3,3;2,3;5,7;98,1;1,9;8,3;23;37,7;22,8;8,2;3,5;6,2;24,3;50,4;14,8;0,8;0;0;14,6;10;21,8;45;8,5;10,4;12;56,5;12,9;8,1;8,2;6,97;7,63;8,94
91174;0;6735;214;2,4;0,5;6,1;97,4;2,6;5,7;24,5;38,2;25,4;6,1;2,2;6;27,8;46,3;15,9;1,6;0,2;1,7;47,4;8,5;6,3;23,5;12,7;6,3;50,7;36,6;3,4;2,9;6,99;5,98;6,71;7,73
91191;0;674;0;1,7;1,7;6,4;93,5;6,5;9,7;31,3;33,5;17,4;8,1;4,2;9,6;30,8;42,4;11,4;1,6;0;1,6;18,4;11,5;19;15,1;34,5;14,4;0;71,3;14,3;0;8,11;7,27;7,89;8,57
91200;0;1358;0;1,2;0;4,8;89,6;10,4;3,5;13,6;34,2;36;12,7;0,9;2,6;18,9;60,9;15,3;1,4;0;0,8;58,2;7,6;17,5;10,7;5,2;5,4;56,4;32,5;5,7;0;6,25;5,46;5,95;6,79
91201;0;3271;18;1,8;0,6;7;98;2;3;13,6;39,9;33,6;9,9;1,7;0,8;30,5;50,1;15,8;1;0;0;84,6;0;4,2;6,7;4,6;8,9;59,7;17,7;8,3;5,4;7,13;5,89;6,67;8,05
91215;0;1889;0;1,7;0;4,6;97,4;2,6;4,6;14,4;36,6;29,5;14,8;0;3,4;11,4;48,3;33,9;2,9;0;0;92;2,6;0;0,7;4,7;0,7;75,2;3,7;16,7;3,6;6,51;5,94;6,28;7
91216;0;539;35;4,8;2,4;7,6;94,6;5,4;5;31,5;44,1;16;3,4;0;5;33,1;49,4;10,2;2,4;0;0;0;11,4;24,3;25,7;38,6;14,1;0;76,8;6,9;2,2;7,91;7,05;7,76;8,31
91223;0;2593;39;3,1;1;4,2;94,8;5,2;5,2;23,1;38,4;26;7,3;0,8;4,4;27;47,4;19,1;1,4;0;0,6;48,4;17,2;16,1;3,8;13,8;5,5;51,4;41;2,1;0;6,51;5,83;6,55;7
91228;0;11842;93;1,4;0,5;6,9;98,6;1,4;20;16,7;34;23,1;6,2;13;6,4;18;40,2;20;2,2;0,2;0;24,4;46;15,5;7;7,1;1,7;29,3;62,5;6,1;0,3;7,06;6,16;6,95;7,77
91235;0;1943;0;1,9;0,6;6,6;87,9;12,1;3,3;18;39;29,3;10,3;0;4,1;18,7;50,3;26,9;0;0;7,4;52,5;4,1;0;0;36;7,2;52;35,5;5,3;0;6,75;5,66;6,39;7,65
91272;0;3201;0;1,9;0;5,5;98,6;1,4;63,9;8,4;13,7;11,9;2,2;57,1;6,1;16,2;15;4,5;1,2;0;0;21,2;9;10,1;12,2;47,5;2,2;23,5;37,7;35,2;1,5;7,93;6,87;7,72;8,42
91286;0;4230;107;1,5;0,5;5,6;98,1;1,9;1,3;18,4;27,4;33,7;19,2;1;2,8;18,7;39,8;35,7;1,7;0,3;1,2;74,4;0;9;6,6;8,8;0,9;71,7;23,1;1,4;2,9;6,29;5,29;5,83;6,91
91312;0;842;0;2,6;3,5;2,3;96,5;3,5;4;20,1;40,1;29,7;6,2;0;3,7;34,8;48,2;12;1,3;0;0;58,3;15,1;6,4;6,1;14;3,6;59,4;29,7;3,6;3,6;7,43;6,32;6,92;7,76
91326;0;2241;14;2,1;0,7;7,5;100;0;12,8;28,7;34,3;19,5;4,8;7,3;9;35,3;35,8;10,7;1,5;0,5;1,6;27;2,8;14,6;26,9;27;8,5;26,1;44,4;14,6;6,4;8;6,84;7,69;8,59
91340;0;682;0;0;0;2,7;56,6;43,4;7,7;17,1;32,7;29,9;12,6;0;8,3;18,9;38,4;28;6,4;0;0;0;55,4;34,1;6,4;4;3,6;26,6;62,1;7,7;0;7,16;6,27;7,1;7,99
91345;0;2727;22;1,9;0,9;6,1;99,6;0,4;6,8;19,4;39,1;25,7;8,9;4,2;3;37,9;39,6;13,8;1,4;0;0;75,6;7;5,9;2,8;8,6;1,8;76,6;14,7;5,7;1,1;6,79;5,94;6,32;7,04
91363;0;606;0;2,1;0;4,8;82,4;17,6;5,4;26,9;41,7;19,4;6,6;0;8,6;28,5;48,6;12,1;2,2;0;3,7;8,6;7;9,6;38,2;32,8;20,5;6,9;57,2;15,5;0;8,17;7,03;7,81;8,68
91377;0;7791;0;1,2;0,4;6,7;99,7;0,3;16,2;17,2;33,7;24,2;8,8;14,1;3,1;29,3;39,1;13,2;1;0,2;0,1;62,5;3,3;5;14,2;14,8;2,6;53,4;21,1;17,3;5,6;7,53;6,23;6,91;8,11
91386;0;1669;86;3,6;3,1;9,9;92,2;7,8;4,5;22,5;36,2;27,7;9;1,2;5;27,1;48,3;16,9;1,5;0;0;30,1;0;14;30,6;25,2;11,8;26;50,8;6,7;4,9;7,4;6,32;7,19;8,11
91421;0;2242;12;2,9;1,1;7,1;96,4;3,6;2,4;13,2;31;46,7;6,7;1;2,6;29,3;57,2;9,2;0,8;0;3,5;78,7;2,5;3,2;7;5,1;2,2;81,7;12,2;3,3;0,5;7,73;6,57;7,8;8,58
91432;0;1085;65;5,6;3,2;21,7;98,2;1,8;4,8;24,1;44,8;21,1;5,2;1,6;3,6;26,6;52,6;14,7;1;0;0;23,9;1,9;6,5;25,1;42,4;17,6;26,6;38,1;16,5;1,1;7,83;6,46;7,42;8,12
91434;0;2360;23;0,9;0,5;7;95;5;3,4;19;41,2;29,6;6,9;1;2,1;30,9;50,8;12,5;2,8;0;0,5;51,2;11,7;10,1;9,4;17;5,7;50,8;39,7;3,8;0;6,99;6,26;6,77;7,54
91471;0;1871;51;2,6;1,8;11,7;99,4;0,6;68,4;8,3;11,3;7,6;4,5;66,3;3,1;9,3;13,5;6,5;0,7;0,6;0,6;31,8;4,9;13;13,2;36,4;5,3;0;47,9;41;5,8;9,07;7,16;8,22;10,61
91477;0;5473;0;1,2;0,8;5,1;99,7;0,3;44,5;14;21,8;15,7;4;42,1;4;19,5;26;7,9;0,6;0;0,3;27,7;8,5;2,8;33,1;27,7;4,9;32;21,8;41;0,3;7,17;6,13;6,9;7,83
91479;0;592;0;4,6;4,1;4;100;0;6,8;27;45,9;20,4;0;5,2;3,9;39,5;49,6;1,9;0;0;11,6;41,1;4,6;14,2;10,8;17,6;5,1;42,6;33,8;10,6;7,9;6,91;5,19;7,01;8,3
91521;0;3596;0;0,7;0;6,8;99,3;0,7;5,1;21,1;36,7;31,1;5,9;2,2;6,8;29,3;46,9;14,6;0,3;0;0;75,4;4;8,1;4,8;7,7;6,4;73,4;18;2,2;0;6,85;6,17;6,57;7,3
91549;0;3853;28;1,2;0,4;5,8;97;3;6,5;15,3;34;33,2;11;3,8;3,5;24,5;51,8;14,4;2,1;0;0,6;74;6,8;6,4;2,5;9,8;5,2;61,9;27,7;4,4;0,9;6,94;6,04;6,58;7,49
91552;0;1043;98;11,6;0;3,3;96,9;3,1;2,7;19,8;40,9;26,5;10;0;1,4;22;50,1;25,3;1,1;0;0;54,7;15,7;6,5;4,3;18,9;5,5;56;34,6;3,9;0;6,33;5,39;5,87;7,25
91553;0;599;161;2,7;1,8;6,9;89,6;10,4;4;30,4;40,1;20,4;5,2;1,9;5,6;32,8;40,8;16,2;2,7;0;2,6;1,8;0;21,3;34,9;39,4;20,7;0;69,4;9,9;0;8,01;7,11;7,78;8,45
91570;0;2615;0;1,9;1,6;6,9;96,4;3,6;8,1;17,8;33,2;33,9;7;2,8;4,8;22,2;36,2;32,3;1,7;0;0,5;60,4;14;8;10,1;7,1;8,1;15,1;54,2;19,6;3;7,61;6,76;7,43;8,22
91573;0;870;25;7,1;3,6;4,1;78,6;21,4;4,5;26,1;34,4;24,3;10,8;1,2;4,5;25,1;44,1;18,6;3,5;2,9;0;1,7;10,6;28;33,2;26,5;16,1;1,7;68,7;13,5;0;8,19;7,29;7,98;8,71
91589;0;3067;207;3,3;2,7;7,1;97,4;2,6;5,1;26,3;42,1;22,3;4,2;2,6;3,8;38,5;43,4;11,3;0,4;0;11,1;48;0;3,7;11,1;26,1;9;59;19,8;9,2;3,1;7,76;6,28;7,61;8,67
91600;0;574;0;0;1,9;5,5;98,1;1,9;2,6;22,7;40,4;25,5;8,8;0;3,6;25,4;43,2;23,8;4,1;0;0;41,7;0;10,2;25,9;22,3;11;41;34,6;13,4;0;7,33;6,02;6,98;7,88
91645;0;1215;0;3,1;2,2;6,8;98,9;1,1;7,4;14,6;37,3;32,2;8,4;2,9;4;25,1;43,5;21,9;2,6;0;0;36,8;44,5;8,8;9,9;0;4,9;30,9;37,9;11,6;14,8;8,15;6,18;7,26;8,65
91657;0;4570;15;1,9;1,2;4,3;92,2;7,8;2,1;13,4;38,6;33,9;12;0,6;2,3;18,4;58,2;18,4;2,1;0;0,2;64,2;4,3;0,8;19,7;10,9;3,6;55,7;32,8;5,7;2,2;6,74;5,86;6,38;7,36
91661;0;785;29;4,8;2;6;89,9;10,1;11,4;30,1;32;18,7;7,9;2,7;9,9;40,7;28,2;18,5;0;0;0;20,4;7,7;11,2;35,3;25,4;6,9;21,3;52,2;15;4,6;7,52;6,41;7,39;7,92
91687;0;4264;0;1,9;1,2;5,1;98,4;1,6;2,7;19,7;38,9;28,8;9,9;1;5,9;33,1;44,8;14;1,2;0;0;62,2;9,9;2,2;14,3;11,4;3,9;54,8;32,4;7;2;7,2;6,18;6,85;7,89
91691;0;1671;12;2,1;0,8;4,9;94,1;5,9;10,1;18,3;41,2;24;6,4;3,2;5,8;29,7;50,3;8,9;1,5;0,7;1,6;42,7;20,2;17,5;6,1;11,8;7,5;47,3;34,5;10,6;0;7,27;6,24;6,83;7,81
91692;0;4548;0;1,4;0,3;5,5;100;0;8;13,3;38,7;31,3;8,8;1,5;5,9;14,1;54,2;21,1;2,8;0,5;0;74,9;2,1;15,3;4,8;2,9;0,3;75,2;5,2;3,5;15,9;6,53;5,7;6,09;6,85
92002;0;5814;118;2,7;1,7;5,5;97,7;2,3;9,8;21,8;34,1;24;10,4;5,7;5,8;34,1;41;11,5;2;0;0;55,8;28,3;2;10,3;3,6;2,7;60,6;27,9;4,7;3,9;6,83;5,9;6,53;7,28
92004;0;9638;358;2,7;1,4;5,4;99,3;0,7;8,7;25,9;36,8;23,7;4,9;5,5;6,7;37,5;37,2;11,7;1,2;0,1;14,9;36,6;14,6;13,5;6,6;13,8;5,2;40,5;23,4;18,9;11,9;8,59;6,42;7,66;10,23
92007;0;11088;240;1,3;0,3;4,9;100;0;3,6;25,1;39,3;25,3;6,6;1,3;8,2;37,5;43,6;8,6;0,8;0;1;53,3;12,4;16,7;10,6;6;1,9;44,8;31,4;19,6;2,3;7,95;6,64;7,44;8,32
92009;0;2625;75;1,2;0,5;4,2;99,1;0,9;17,7;23,1;38,7;18,3;2,2;15;9,4;31,1;36,2;7,4;0,8;0;16,7;42,5;7,4;9,2;9,5;14,8;5,5;50,6;28,1;12,1;3,6;8,04;6,38;7,6;8,73
92012;0;8740;59;1,5;0,4;6,2;99,9;0,1;12,8;30,3;36;16,7;4,1;9,1;8,5;37,8;33;9,5;1,9;0,2;23,2;11,5;18,5;12,4;21,4;13;5;33;30,5;22,5;9,1;9,3;6,94;8,32;11,11
92014;0;1726;25;1,4;0;5,4;100;0;15;24,7;33;20,4;6,9;9,8;11,8;25,7;39,5;10,8;2,3;0;9,8;36;20,5;3,9;10,9;18,9;4,9;53,7;22,5;11,3;7,6;7,65;5,81;6,67;8,36
92019;0;6315;29;9,9;7,8;4,4;99,8;0,2;4,2;26,3;41,8;21,3;6,4;0,8;7,2;42,9;38,4;8,6;2;0,2;19,2;59,9;6,2;10,5;2,5;1,6;1,1;72,2;16,6;1,9;8,2;7,18;5,98;6,77;7,79
92020;0;4098;171;1,1;0,5;5,5;99,1;0,9;14,5;19,7;35,8;23,5;6,5;8,3;4,7;33,7;37,9;12,7;2,5;0,3;1,6;59;8,9;18,5;6,8;5,3;1,7;43,9;31,6;11,6;11,2;7,93;6,01;7,16;9,14
92022;0;2339;57;1,6;0,5;7,6;99,5;0,5;13;24,3;35,3;23;4,4;3;13,8;36,9;32,5;12,3;1,5;0;3,9;34,7;24,3;6,7;19,4;10,9;4,5;42,9;20,2;13,1;19,2;8,55;6,66;7,76;9,59
92023;0;7323;159;3,4;1,9;6,1;96,6;3,4;6,7;26;40,8;20,8;5,7;4,3;4,4;40,8;39,4;9,8;1,2;0,2;4,5;56;5,4;4,9;12,9;16,4;7;54,7;24,9;10,4;3;7,42;5,81;6,6;8,1
92024;0;10000;100;1;0,4;4,3;99,8;0,2;14,7;26,2;35,5;20;3,6;9;9,1;31,4;38,6;10,8;1,1;0;7,7;23,8;15;34,8;9,8;8,8;7,6;26,3;50;8,6;7,4;8,82;7,42;8,38;9,53
92025;0;12214;85;1,9;0,8;4,3;98,4;1,6;7,4;21,1;38,8;27,1;5,6;2,6;6,3;28,5;46,7;14,4;1,4;0,1;6,5;52,3;16,4;13,9;3,8;7,1;1,3;60,7;31,1;4,7;2,3;7,11;5,79;6,71;7,91
92026;0;10171;327;3,3;0,4;6,4;99,7;0,3;15,5;24,2;34,9;20,7;4,7;10;9,6;30,4;35,4;12,8;1,6;0,1;10,1;33,9;18,3;20,5;10,8;6,3;3;37,8;25,6;15,4;18,1;8,23;5,57;7,84;10,19
92032;0;4247;37;1,8;0,7;5;100;0;11,4;18,3;35,8;29,3;5,2;9,4;3;35,7;41,7;9,9;0,3;0;0,4;74,9;3,9;6,1;12,4;2,4;3,5;47,6;20,4;27;1,6;8,03;6,36;7,43;9,09
92033;0;1739;71;1,9;0;6;95,4;4,6;16;25,5;36,1;18,4;3,9;6,8;10,3;29;42,9;10,3;0,7;0;1,4;44,5;13,4;24,1;7,1;9,6;4,7;40,1;28,2;22,9;4;8,37;6,35;7,79;9,77
92035;0;1987;13;2,3;0,6;5,4;100;0;16,9;22,5;36,1;20,8;3,7;13,2;8,5;27,3;39;10,5;0,9;0,5;23,9;12,6;16,4;13,5;21,1;12,5;5,8;12,4;44,8;25,8;11,3;8,89;7,02;7,95;10,34
92036;0;11878;0;1,9;1,2;3,9;98,1;1,9;11,8;21,9;35,8;24,6;5,9;6,1;7,1;31,6;41;12,1;1,7;0,3;6,3;54,5;6,3;12,3;8,8;11,7;5;55,8;31,9;5,9;1,3;6,87;5,8;6,71;7,6
92040;0;7508;60;2,3;1,5;6,4;100;0;7,9;30,8;36;20,2;5;4,6;7;37;35,5;13,8;1,9;0,2;13,6;24,9;12,9;23,1;14;11,6;7,1;26,6;47,3;12,6;6,5;8,91;7,26;8,43;9,54
92044;0;6358;51;1,6;0,9;5,1;100;0;9;25,9;35;25,7;4,4;2,8;8,1;30,9;42,7;13,6;1,5;0,5;5;39,7;20,1;15,7;10,6;8,9;3,8;47,2;28,4;15,1;5,4;8,32;5,74;7,69;9,72
92046;0;6048;77;1,2;0,6;4,5;99,5;0,5;10,7;30,6;37,5;18,6;2,6;5,7;11;36,5;34,4;11,1;1;0,4;10,1;57,2;14,7;6,8;5;6,1;1,6;70,4;16,6;6,2;5,2;7,1;5,87;6,64;7,83
92048;0;5318;19;1,2;0,3;5,4;99,3;0,7;9;18,2;36,8;31,4;4,5;4,6;9,3;39,1;39,4;7,1;0,5;0;6,2;69,7;6,6;2,8;8;6,7;1,1;69,7;13,2;13,5;2,6;7,45;6,35;6,83;7,58
92049;0;4231;57;1,3;0,5;5,3;100;0;12,7;29,9;38,6;15,8;2,9;7,8;10,7;45;28,5;6,9;1;0;24,7;29,7;14;9,7;17,4;4,5;3,4;55,3;24,6;8,4;8,3;8,56;6,71;7,88;9,55
92050;0;21263;13;2,6;1,7;4,6;98,8;1,2;9,4;23,4;37,9;23;6,2;5,6;5,3;31,6;38,7;16,7;1,9;0,2;1,2;48,9;17,2;13,2;10,5;8,8;2,9;58,9;31,9;2,9;3,3;6,77;5,64;6,57;7,56
92051;0;1349;0;0;0;2,7;97,4;2,6;22,2;30;29,8;13,4;4,6;14,3;13,9;29,7;25,4;11,7;3,6;1,3;25,1;24,8;7,4;13,8;14,3;14,7;11,5;19;43,1;25,6;0,9;10,77;8,31;10,39;12,84
92060;0;3929;30;1,7;0,4;6,1;98,2;1,8;5,5;20,8;40,5;28;5,1;0,3;5,7;36,7;44,9;11;1,4;0;3,8;58;4,2;23,8;6,1;4,1;0,5;64,8;30,8;1;2,9;6,59;5,54;6,24;7,56
92062;0;6689;0;0,5;0,3;6,5;100;0;4,6;27,3;36,8;21,6;9,7;2,1;7,5;38,9;29,3;17,6;4;0,6;18,7;42,6;27,8;6,6;1,4;3;0,2;63,1;23,6;4,8;8,3;7,24;5,22;6,49;8,15
92063;0;8781;26;2,3;1,5;6,5;99,5;0,5;6,4;25,9;41,4;22,2;4;1,5;9,8;34,5;42,2;10,2;1,5;0,3;2,7;47,3;14,6;16,8;6,9;11,8;4,1;40,7;29,5;18,3;7,3;9,13;6,97;8,2;11,07
92064;0;2171;0;1,6;0,6;6,2;98,9;1,1;18,9;22,9;31,9;16,3;9,9;12,1;7,7;28;36,7;13,6;1,5;0,5;0,6;40,5;33,6;0,7;19,3;5,2;4,4;37,2;23,6;20,7;14,2;9,61;6,79;8,55;11,41
92071;0;2336;0;2,5;0,6;10;96,3;3,7;20,7;19;34,1;22,2;4;16,8;9,7;30,1;32,1;10,3;1;0;5,1;52,7;4,8;12,6;2,1;22,6;3,9;57,9;20,7;14,3;3,2;8,91;6,97;8,08;11,51
92072;0;2460;0;0,9;0,5;5,1;100;0;8,5;29,2;33,5;21,5;7,4;3,7;13,8;32,9;34,1;14,5;1,1;0;5,7;52,8;22,4;13,1;0,4;5,6;1,8;52,7;31;4,4;10,1;7,78;6,49;7,2;8,26
92073;0;7944;393;2,3;1,9;5,3;99,3;0,7;12,4;24,4;41,6;17,3;4,3;8,3;6,5;40,3;35,2;7,9;1,5;0,2;35,7;34,5;6;9,3;5,3;9,1;1,3;65,2;11,8;12,9;8,8;8,1;6,11;6,91;8,65
92075;0;3215;0;0,9;0,6;6,7;100;0;16,3;26,6;32,3;20;4,7;6,5;10,9;32,3;35,5;12,6;2,3;0;12,1;27,8;35,8;15,2;2;7,1;1,1;39,3;47,6;11,4;0,6;8,58;7,14;8,22;9,56
92076;0;400;51;0;3,9;6;100;0;35,5;24,5;24,2;12,5;3,2;25,8;12,1;28,4;25,3;8,4;0;0;8,4;17,4;11,7;0;47,1;15,3;11,5;16,5;22,2;32,5;17,2;9,78;7,33;8,69;12,32
92077;0;599;20;3,9;0;8,9;98,2;1,8;19,3;23,9;37,5;14,9;4,4;13,4;4,4;29,7;28,5;22,1;1,9;0;6;26;0;5,3;42,6;20,1;11,5;18,4;37,4;32,7;0;9,25;7,14;8,6;11,5
92078;0;4857;0;1;0,5;4,5;99,7;0,3;5,6;18,9;39,8;31;4,8;1;6,5;31,8;52,8;7,3;0,5;0;0;73,6;10,2;6,6;4,4;5,2;0,9;62,4;26,3;3,3;7;7,22;6,21;6,6;7,76
93001;0;14143;79;1,9;0,7;5,2;99,5;0,5;18,5;21,1;36,3;18,9;5,2;15,4;6,8;35,2;30,7;10,3;1,4;0,2;5,4;42,1;13,5;11;6,2;21,8;4,3;47,8;25,5;19,2;3,3;8,12;6,82;7,49;8,59
93005;0;9950;52;2,2;1,5;4,5;99;1;2,2;14,4;41,6;33,5;8,2;0,7;5,1;22,9;53,7;16,3;1,2;0,1;1,4;70,7;14,7;0,3;6,1;6,9;0,7;74,4;19,4;3,8;1,6;7,18;6,15;7,28;7,96
93006;0;7512;83;2,6;1,4;4,1;99,2;0,8;6,8;24,4;35,3;27,3;6,2;3,1;6,5;32,2;41,1;15,4;1,6;0;6,4;53,3;12,9;7,9;3,6;15,9;6,1;49;36,3;6,4;2,3;7,44;6;6,94;8,16
93007;0;8114;105;2,1;1;3,7;99,6;0,4;6,1;23,8;41,9;23,9;4,3;0,9;4,5;39,6;46,3;8;0,6;0,1;3,9;75;3,9;4,6;7,3;5,2;2,8;72,6;19,4;3,1;2,1;7,1;6,11;6,82;7,75
93008;0;10585;106;1,2;0,6;4;99,9;0,1;9,6;20;36,9;25,7;7,8;6,1;3,4;28,1;38;18;3,4;3;0;39,2;7,2;32,2;8,6;12,7;3,8;60,6;26,7;7,2;1,7;6,58;5,56;6,32;7,42
93010;0;9338;80;1,9;1;4;97,1;2,9;6,6;22,5;40,6;23,1;7,2;3,9;7,9;42,2;34,3;10,5;1,1;0;4,6;65,8;0,9;6,3;9,6;12,8;2,9;57,5;26;12,6;1,1;7,49;6,34;7,12;8,07
93013;0;1460;0;0,8;0;3,8;100;0;7;21,3;38,6;28;5,2;1,7;4,1;29,2;44;19;2,1;0;0;54,1;37,7;3;2,6;2,6;1,2;64,6;28,5;5,7;0;6,57;5,71;6,44;7,31
93014;0;3359;0;0,7;0,4;6,5;93,7;6,3;5,1;14,2;42,2;28,3;10,2;1,9;3,4;25,1;46,2;20,5;2,6;0,3;3,4;45;20,9;1,9;21,2;7,5;3;42,3;47,7;5,3;1,8;6,98;6,11;6,91;7,6
93027;0;7895;0;0,9;0;4,6;98,3;1,7;10,1;18,8;35,1;23,6;12,5;7,3;5,3;31,9;29,7;16,1;6,3;3,5;4,2;50,9;9;8,6;16,4;10,9;2,7;53;36,8;3,7;3,8;6,96;5,95;6,88;7,89
93029;0;8573;67;2,1;1,1;4,2;98,1;1,9;7,5;22,3;38,6;26,8;4,9;4,6;9,6;32,5;38,8;13,2;1,2;0,1;5,7;62,5;13;9,6;5,2;3,9;2,1;68,4;22,6;3,2;3,7;7,02;6,03;6,72;7,63
93030;0;2868;76;0,6;0,4;2,9;99,3;0,7;3,8;24,6;43,4;24,3;4;0;3,1;29,2;46,6;18;2,8;0,4;18,6;56,2;6;8,6;5,2;5,3;0,5;75,5;16,6;3,9;3,5;6,62;5,66;6,12;6,98
93031;0;7100;21;1,5;0,6;4,6;97,7;2,3;9,9;14,9;38;30,9;6,3;7,7;4,4;33,5;41,7;11,1;1,5;0;3,6;63,1;15,9;5,5;9,4;2,5;2,5;41,2;25;9,7;21,6;7,32;6,27;7,05;8,08
93032;0;3693;66;1,7;0,9;4,7;98,6;1,4;3,7;21,3;45,1;24;6;0,9;5;37,8;42,8;13,2;0,3;0;0;65,2;8,3;13,8;5,9;6,7;3;44;24,6;23,2;5,1;7,64;6,32;7,29;8,58
93033;0;284;14;0;0;6,6;100;0;4,5;39,6;32,6;18,8;4,5;4;4,3;49,5;27,8;14,4;0;0;0;0;0;17,7;39,9;42,4;19,4;0;53,5;23,3;3,8;8,68;7,7;8,27;9,22
93039;0;1947;0;0;0,7;4,3;100;0;2,1;9,2;39,4;43,8;5,5;0,6;2,4;11,2;29,1;27;20,5;9,2;0,7;66,1;15,9;9,8;1,9;5,6;2,3;37,9;23,7;2;34,1;5,26;3,42;3,88;6,91
93045;0;3236;0;1,8;1;5,1;100;0;6,8;23,8;30,2;30,2;9,1;4,7;4;22,5;37,8;28,5;2,2;0,3;6,1;56,4;17,2;6,7;8;5,6;3,5;52,7;22,2;13,1;8,6;8,19;6,63;7,53;8,73
93046;0;4125;85;2,3;0,9;6,8;96,9;3,1;5,4;31,8;36,9;22,1;3,9;0,7;5,8;37,2;42,3;13,5;0,4;0;0,3;26,7;10,1;13;28,1;21,8;11,8;26,7;45,1;12,9;3,5;8,06;7;7,7;8,49
93047;0;2340;115;2,2;1,1;3,1;98,2;1,8;3,5;23;41,1;27,1;5,3;0,7;2,9;35,9;42,1;15,9;2,5;0;0;11,1;18,4;9,5;39,9;21,1;8,3;16;62,7;10,4;2,7;7,77;6,72;7,43;8,36
93048;0;18637;373;2,2;1,2;3,6;98,8;1,2;10,6;24,7;36,6;21,9;6,2;6,2;5,9;34,9;37,4;13,6;1,8;0,2;6,4;44;19,8;7,1;9,8;12,9;6,2;41,7;40,5;8,2;3,4;7,67;6,37;7,2;8,36
93049;0;1972;15;0,9;0;9,2;99,1;0,9;41,4;8,3;26;20,8;3,5;40,2;1,9;12;40;5,8;0;0;2;41,3;2,1;4,2;24,3;26,1;7;0;47,7;44,7;0,7;8,72;7,49;8,02;8,59
93050;0;6157;140;3,2;0,7;5,1;97,5;2,5;11,7;21,5;32,9;25,5;8,4;3,7;9,4;22,5;44,3;16,3;2,6;1,2;2,2;40,2;16;15,8;8,2;17,6;2,9;40,3;43,5;8,5;4,8;7,41;6,11;7,31;8,3
93051;0;8103;81;1,5;0,8;4,8;99,1;0,9;7,4;18,1;40;29,5;5;3,1;4,5;20,7;47,6;21,6;2,1;0,4;0;27,2;36,8;4,8;12,5;18,6;4,9;27,6;53,8;10,9;2,8;7,71;6,43;7,33;8,42
93053;0;8045;44;3;2,5;4,6;99,2;0,8;7,3;22,6;40,5;25,4;4,2;3,8;5,9;38,1;42,1;9;0,9;0,2;1,3;63,6;6,8;13,3;5,3;9,8;4,9;56,1;28,2;7,7;3,2;7,38;6,17;7,02;8,03
93055;0;9959;17;1,1;0,5;4,4;100;0;7,3;25;43,8;18,3;5,6;2,7;7,4;36,8;35,1;12,9;4,9;0,3;8,8;30,5;20,8;16;11,3;12,6;4,8;42,3;40,6;9;3,3;8,02;6,53;7,64;9,01
93057;0;1727;113;7,7;2,3;5,5;96;4;10,7;30;34,6;18,9;5,8;2,4;11;34,4;37;13,6;1,5;0;4,2;15,1;5,5;23;11,1;41,1;10;14,3;49,7;15,5;10,6;8,66;7,16;8,03;9,56
93059;0;4443;344;2;0,6;6,5;98;2;15,2;20,4;35,2;24,2;5;11,5;4;30,4;39;12,7;2;0,4;0;42;20,5;8,6;10,8;18;1,8;48,3;37,2;6,9;5,7;7,37;6,24;6,93;7,91
93061;0;3638;0;1,7;0,7;5,2;98,1;1,9;13,9;27,1;38,9;16,1;4;6,1;17;37;28,7;9,8;1,5;0;22,7;25,2;27,1;17,1;4,8;3;0,7;53,9;42;2,9;0,4;7,78;6,76;7,38;8,51
93062;0;816;36;2;1,4;12;100;0;34,5;26,5;27,7;10;1,4;21,1;15,4;27,1;26,4;8,7;1,4;0;5,2;1,5;18,6;17,2;9,7;47,7;7,9;10,2;23;40,6;18,3;10,44;7,56;10,15;12,52
93063;0;5051;0;1,7;0,7;4,9;98,5;1,5;4,5;22,2;41;25,9;6,5;2,1;8,5;29,5;41,6;16,8;1,5;0;6,7;47;16,7;9,7;8,1;11,8;3,4;60;32,9;2,6;1,1;6,84;5,95;6,45;7,44
93064;0;5241;95;2,6;1,9;6,9;98,9;1,1;5,7;19,4;41,1;26,8;7;2,7;4,2;34,8;48,1;9,2;0,9;0;3,6;51,2;11,7;6;9,2;18,3;3,9;44,6;15,9;28,3;7,4;8,32;6,47;7,64;10,35
93066;0;21796;28;2,1;1,7;4,9;98,9;1,1;10,8;22,9;36,2;24,2;5,9;7,2;5,4;30,5;39,3;15,6;1,8;0,2;8,3;43,8;13;10,8;14,6;9,6;4,2;51,3;30,9;10,6;3;7,67;6,42;7,28;8,43
93070;0;9187;261;1,7;1,1;4;99,1;0,9;8,8;23,5;41,7;21,3;4,8;5,7;9,2;25,4;45,5;12,7;1,1;0,2;6,8;32,6;23,6;12;12,1;12,9;3,8;45,5;35,2;14,9;0,5;7,43;6,03;7;8,21
93071;0;7384;40;1,2;0,4;4;98,1;1,9;5,9;20,8;39,9;27,1;6,3;2,5;3,3;24,7;48,6;18,7;2;0,1;0;60;15,5;5,3;4,3;14,9;2,3;60;26,5;8,6;2,7;6,75;5,75;6,37;7,43
93072;0;7924;29;1,7;0,8;5;92,1;7,9;8;18,1;35,6;25,3;13;5,7;6,6;28,6;30;20,2;6,2;2,7;19,6;54,2;4,4;7,1;7,7;7;0,6;72,4;24,2;2;0,7;6,3;5,58;6,25;6,99
93073;0;3939;0;1,1;0,4;4,7;97,9;2,1;7,5;21;38,3;27,1;6,2;5,1;1,9;23,5;50,5;18,1;0,9;0;0,4;42,6;8,8;21,4;10;16,8;7,4;45,2;37,4;9,3;0,8;7,7;6,44;7,57;8,72
93074;0;835;151;6,7;5,7;9,7;96,4;3,6;24;34,1;30,1;8,4;3,3;14;11,1;38,3;29,8;6,9;0;0;0;1,5;16,4;4,3;25,3;52,6;16,7;0;39,3;30,8;13,2;9,59;7,58;8,36;11,41
93077;0;3310;41;1,8;0,5;5,5;99,7;0,3;5,4;21,6;38,8;29;5,3;1,5;5,7;33,5;44;15,3;0;0;1,2;65,5;9,9;7,3;6,3;9,8;3,9;67,9;19,5;6,8;1,9;6,73;5,44;6,03;7,59
93078;0;3910;27;1,1;0,4;4,8;90,4;9,6;5,8;16,9;41,2;27,8;8,3;1,7;5,1;17,7;47,2;22,4;5,2;0,7;2,7;30,8;28,7;7,7;9,1;21;4,2;36,7;47,8;7,4;3,9;7,28;6,07;6,9;7,89
93079;0;2752;0;2,1;1,4;12,2;92,6;7,4;7,6;21,5;33,1;30,2;7,6;1,3;6,6;32,7;35,9;21,1;2;0,4;2,7;51,2;15,9;17;9,7;3,5;1,6;44,8;41,6;2,1;9,9;7,32;6,31;7,11;8,09
94002;0;8379;0;1,7;0,9;4,5;99,7;0,3;9,8;23,8;40,8;21,6;4;6,5;5,3;33,2;43,5;10,6;0,8;0;11,5;42,6;11,7;14,4;13,9;5,8;3,1;54,1;36,2;5;1,6;7,22;6,19;7,08;8,04
94003;0;4510;29;1,8;0,6;5,8;99,7;0,3;7,7;23,9;42,7;20,4;5,3;4,4;10,8;31,4;40,2;11,5;1,3;0,4;6,9;52;10;5,6;16,7;8,8;2,7;52,7;35,5;3,9;5,3;7,4;6,2;6,92;7,86
94004;0;2409;0;1;0;4;100;0;11,4;20,6;35,3;26,9;5,9;7,5;3,9;21,7;37,9;28,5;0,5;0;0;56,3;19,8;7,6;7,2;9,2;1,4;51,9;32,5;6,6;7,6;6,86;5,87;6,66;7,7
94011;0;4236;0;1,4;0,3;6;100;0;6,6;23,9;36,1;26;7,4;3,7;3,2;27,3;48,9;16,3;0,7;0;0,3;57,9;0;20,4;9,1;12,3;2,2;57,7;35,7;2,6;1,8;7,34;6,35;7,03;8,03
94015;0;1289;23;3,2;1;7,5;94,3;5,7;20,9;16,3;32,9;23,2;6,7;15,8;4;20,6;39,9;17,6;2,1;0;0;16;23,9;5,4;21,6;33,2;9,8;19,6;53,3;11,2;6;8,12;6,72;7,5;8,49
94016;0;5158;0;1,2;0,3;4,4;100;0;27,4;19,9;27,6;21,1;4,1;23,6;6,2;28,2;31,2;9,2;1,2;0,2;4,5;51,6;4,7;20,8;18;0,3;2,3;54,2;31,1;4,1;8,3;7,23;6,29;6,96;7,76
94017;0;13041;347;2,3;1,1;4,5;97,4;2,6;7;24;34,7;28,5;5,8;3,6;3,1;29,1;43,6;17,8;2,6;0,1;6,9;55,8;10,9;8,7;7,3;10,4;2,7;57,6;29,3;6,2;4,2;6,83;5,55;6,66;7,85
94018;0;3926;12;1,2;0,3;5,7;100;0;13;26,5;35,7;21;3,8;4,4;9,1;32;41,4;11,5;1,3;0,3;10,9;40,6;11,6;22,3;8,2;6,4;2,6;49,9;17;14,6;15,9;8,98;6,94;7,99;10,11
94019;0;1758;0;1,8;0;1,9;91,5;8,5;17,8;4;33,8;25,8;18,5;14,6;4,3;3,4;38,6;22;17,1;0;0;91,9;0;0;6,1;2;0;79,5;10,8;4,6;5,1;6,22;5,51;6,03;6,75
94021;0;3051;11;1,2;0,4;4,3;98,9;1,1;4,2;19,2;45,9;26,8;3,8;0,4;5,4;42,9;39,9;10,9;0,6;0;0;49,7;9;21,9;5,6;13,8;3;45,2;45,4;6,1;0,4;8,07;7,36;8,22;9
94022;0;6849;29;0,7;0;5,6;99,3;0,7;11,5;24,1;37,4;22,4;4,6;7,1;5,6;33,3;40,2;12,8;0,8;0,2;6,7;29,7;13,4;13,5;21,7;15;6,7;35,8;42,8;8,9;5,8;8,03;6,62;7,6;8,65
94028;0;15033;13;1,6;0,6;5,4;99,9;0,1;11,7;23,6;34,3;24,5;5,9;5,4;7,4;31,2;37,9;16,1;1,8;0,1;0,1;46,6;24;16,2;9;4,1;1;40;42,6;10,1;6,3;7,96;6,88;7,66;8,83
94033;0;7530;84;1,4;0,4;4,3;99;1;5,3;20,7;37,2;29,7;7,2;1,7;6,3;22,1;49,9;18,5;1,5;0;5,8;38,3;31,9;7,9;4,9;11,2;2,4;60,8;29;6,5;1,2;7,39;6,26;7,1;8,21
94034;0;3426;0;1,4;0,7;5,4;99,6;0,4;3,7;22;37,8;29,4;7,1;1,6;3,7;33,9;43,5;15,6;1,8;0;0,4;53,4;6,4;13,1;11,1;15,6;3,2;44;31,5;17,5;3,8;7,81;6,56;7,52;8,57
94037;0;4666;0;2,7;1,1;5,3;100;0;12;23,2;41,7;19,9;3,3;11,6;14,1;32,5;32,5;8,9;0,5;0;17,2;45,7;9,5;6,5;7,5;13,6;1,9;63,9;21,3;8,7;4,2;7,53;6,3;7,09;8,34
94038;0;3238;0;1;0,4;3,9;100;0;4,9;23,6;37,4;31,2;3;1,6;7,6;36,2;39,4;14,7;0,6;0;0;68,1;8,3;8,2;11,3;4,1;1;45,6;25,2;25,5;2,8;7,74;6,38;7,49;8,53
94041;0;11946;174;2,4;1,2;4,6;99,1;0,9;11;25,9;35,8;21,2;6,1;8,9;7,2;31,3;37,5;11,8;2,6;0,7;7,2;40,8;11,3;7,4;14,4;18,8;4;39,7;36,9;12,5;6,9;7,78;6,32;7,58;8,68
94042;0;2246;0;1,1;0,9;5,1;99,5;0,5;10,9;25,7;35,1;24;4,3;9,2;6,4;34,7;30,7;17,3;1,8;0;16,5;66;2,5;0,6;9,2;5,2;0,5;71,8;7,5;5,3;14,9;7,52;6,05;6,79;8,06
94043;0;4555;0;2,8;1,4;4,6;99,7;0,3;16,7;24,5;34,2;18,8;5,8;9,8;9;32,3;34,9;12;1,7;0,3;2,5;38,6;10,6;31,7;8;8,6;3,3;37,9;36,3;13,8;8,8;8,52;6,45;8,33;10,12
94044;0;3124;0;1,5;0,8;5,8;96,4;3,6;3,2;17,9;38;30,8;10,2;0,4;3,8;19,3;49,1;24,7;2,4;0,4;1,9;40;1,9;6,5;37,6;12,2;4,4;24;60,2;8;3,3;7,39;6,2;7,33;8,13
94046;0;7069;0;2,4;1,4;5,8;99,6;0,4;9,9;24,1;35,5;25;5,5;8,1;4,4;36,6;40,6;9;1,3;0;13;64;8,6;11,3;2,1;1;0,4;57,8;9,5;11,5;20,8;7,01;5,66;6,58;7,69
94048;0;232;0;0;0;5,3;42,2;57,8;0;14,7;27,2;34,5;23,7;0;0;14,8;47,3;33,3;4,6;0;4,7;0;47,4;5,1;27,4;15,4;5,4;0;89,6;0;5;8,16;7,48;8,05;8,37
94052;0;2316;47;1,6;0,8;6,6;100;0;12,5;27,3;33,8;20,5;6;8,1;6,9;31,1;36,7;12,2;3,6;1,3;10,4;23,3;11,7;23,8;11,7;19,2;8,9;32,7;32,9;18,7;6,9;9,01;6,66;8,04;10,36
94054;0;4981;0;1;0,2;4,2;98,4;1,6;5,8;19,4;41;24,2;9,6;1,8;4,8;39,5;37,6;12,8;3,2;0,3;0,4;57,1;4,3;13;17,1;8,1;3,2;58,4;33,2;2,6;2,7;7,46;6,51;7,16;8,06
94055;0;277;0;0;0;14,5;95,6;4,4;7,1;29,9;38,4;19,4;5,1;0;6,8;35,3;44;13,9;0;0;0;0;0;0;26,3;73,7;25,6;0;60,3;6,9;7,3;8,68;7,54;7,97;8,83
94058;0;2120;125;3,5;1,8;4,8;99;1;16,7;29,4;37,7;12;4,2;13,3;8;31,6;37,4;8,3;1,4;0;8,7;28,4;5,6;10,1;11,4;35,8;12,2;25,3;32,5;22,9;7,2;9,2;7,23;8,16;9,79
94059;0;1805;91;2,6;1,4;7,1;95,3;4,7;6,5;27,5;38,1;23,9;3,9;2,6;5,6;30;48,6;11,6;1,6;0;0;19,7;6,6;22,1;22,9;28,6;8,4;23,5;37,6;17,4;13,1;8,7;7,05;8,02;9,96
94060;0;1123;0;1,5;0;6,9;97,4;2,6;8,3;17,3;45,2;22,3;6,9;1,1;6,9;31;49,6;9,7;1,8;0;0;38,4;33,2;5,9;14,4;8,1;5,3;39,1;55,6;0;0;7,34;6,52;7,28;8,03
94065;0;564;0;2,1;0;5,5;91,5;8,5;3,4;35,1;39,4;19,3;2,8;0;6,5;38,6;43,8;11,1;0;0;0;12,5;4,6;14,3;41,7;26,9;10,1;0;79;4,9;5,9;8,63;7,66;8,23;8,91
94067;0;1384;130;1,2;1;6,3;100;0;26,6;21,7;30,2;16;5,6;22,3;16;22,1;28;9,2;1;1,4;31,5;0;1,2;23,2;21,8;22,3;6,4;27,8;33,5;27,6;4,7;9,59;7,6;8,46;9,68
94068;0;3437;231;3,3;1,9;6,1;98,5;1,5;19,5;25,7;34,6;14,8;5,4;11,2;11,9;34;32,8;8,3;1,4;0,3;7,5;48,6;5,6;4;12,6;21,8;7,5;25,6;45,8;11,3;9,7;8,45;6,43;7,87;9,03
94069;0;1620;46;2,4;0,8;4,6;100;0;15,4;27;35;18,3;4,3;3,2;12,1;29,8;37,7;15;2,3;0;1,6;3,9;58;29,4;2,5;4,6;4,1;21,9;61,1;9;3,9;8,47;7,09;7,8;9,06
94071;0;2093;38;4,1;0,9;4,4;98,1;1,9;3,8;15,8;35,1;33,5;11,7;1,5;3,4;34,4;39,1;19,9;1,8;0;0;79,9;1,9;5,4;4,6;8,2;2,3;52,4;8,1;33,9;3,3;8,39;6,5;8,21;9,93
94073;0;2484;0;0,9;0,6;5,4;98,2;1,8;3,5;18,6;34,4;38,3;5,2;0;5,1;31,4;30,7;30,8;1,4;0,5;0;69;7,9;5,6;10,8;6,6;1,7;68,5;18,5;1,4;9,9;6,97;5,97;6,51;7,49
94074;0;3466;0;0,8;0;3,7;95,2;4,8;8;17,9;41,6;26,2;6,3;7;4,8;33,1;40,5;13,5;1,1;0;2,1;54,1;7,6;9,9;8,7;17,6;2,9;51,5;35,7;9,9;0;7,07;6,25;6,87;7,68
94075;0;564;0;0;0;6,9;75,6;24,4;6,6;19,1;29,7;32,8;11,7;1,9;5,2;23,5;32,5;33,9;3;0;0;23,1;12,4;7,6;14,3;42,7;16,1;31,1;40,9;12;0;7,4;6,41;7,15;8,04
94076;0;9955;53;3,2;1,7;4;98,7;1,3;14,6;23,7;35,4;21,3;4,9;12,2;9,5;34,1;31,6;11,1;1,7;0;2,4;46,6;6,7;19,7;13,8;10,8;2,3;34,4;31;28,7;3,7;7,76;6,34;7,36;8,58
94077;0;1750;0;1,3;0;4,9;96;4;3,7;18,7;38,8;32;6,8;2,5;7;36,3;40,2;12,5;0,9;0,7;4,5;58,2;10,8;9,3;12,5;4,8;3,5;32,3;63,6;0;0,7;7,13;6,35;7,26;7,88
94078;0;5410;0;1,1;0,2;5,9;99,3;0,7;9,3;18,9;38,3;28,7;4,9;6,8;10,2;35;37,3;8,2;2,2;0,2;15,1;60,9;2,1;4,5;8,9;8,5;1,6;59,2;23,8;3,7;11,7;6,91;6;6,57;7,66
94079;0;3592;53;1,6;0,7;5,2;99,5;0,5;18,4;12;39,6;22,9;7,1;12,9;5,1;18,6;49,8;10,2;3,1;0,4;0,4;51,8;14,6;10,1;2,8;20,4;1;53,6;24,8;15,1;5,5;7,46;5,88;7,04;8,3
94080;0;2925;147;2,7;1,3;5,7;98,9;1,1;20,4;31,6;31,7;13,7;2,6;16,2;16,5;33;28,2;5,3;0,8;0;38,3;15,7;9,4;5;13,4;18,2;9,3;32,7;24,8;23,4;9,8;9,29;6,84;8,25;10,82
94081;0;13896;44;4;2,9;5,2;97,4;2,6;5,6;21,6;35,2;31,8;5,8;2,6;3,9;29,3;44,3;18,3;1,7;0;11,2;54,3;4,8;8;14,1;7,6;2,4;64,3;25,3;4,5;3,7;6,79;5,54;6,47;7,72
95018;0;14441;0;1,5;0,7;5,7;95,4;4,6;7,2;16,1;42,9;26,7;7,1;3,1;5,5;32,5;43,8;13,5;1,4;0,3;6,5;66,9;9,1;8,8;7,7;1;2,4;70,3;21,1;2,7;3,5;6,85;5,96;6,56;7,48
95019;0;479;0;0;0;6;91,9;8,1;8,1;16,8;39,4;30,7;5;2,3;6;31,1;42;18,6;0;0;0;48,8;30,2;11;10,1;0;3,8;47,3;45,3;0;3,6;7,25;6,31;6,8;7,73
95039;0;260;0;0;0;4,4;66,9;33,1;9;21,7;22,5;32,8;13,9;5,8;9,5;29,2;16,9;26,7;4,9;7;0;6,1;4,9;25,9;41,3;21,9;28,5;0;62,1;4,7;4,7;7,69;6,79;7,47;8,11
95051;0;645;0;1,7;0;6;78,1;21,9;3,2;30,4;25,6;32,3;8,6;0;2,6;33,8;48,6;8,7;6,3;0;8,5;54,3;0;7,4;0;29,8;13;46,3;33,1;5,9;1,7;6,73;5,59;6,1;7,44
95052;0;898;0;1,6;0;5;96;4;7,1;23,6;35;24,6;9,7;3,4;6,3;39,7;42,2;7,1;1,3;0;15,1;72;6,3;3,1;1,4;2;1,3;86,3;9,1;1,8;1,4;5,99;5,27;5,71;6,52
95060;0;913;19;2,6;2,5;9;71;29;4,5;21,2;31,3;24,5;18,4;0;4,6;23,2;44,4;27,9;0;0;0;58,3;0;0;1,2;40,5;10,9;59,6;22,1;3,5;3,9;7,09;5,55;6,62;8,05
95063;0;5707;273;2,1;1,3;5,6;98,1;1,9;7,5;22,9;39,7;23,6;6,4;4,2;4;29,9;44,9;15,1;1,8;0,2;3;38,4;19,3;10,8;7,3;21,2;6,5;45,2;38,9;6;3,5;7,27;6,25;7,05;7,83
95091;0;644;0;0;0;6,7;69,6;30,4;2,6;13,6;39,9;35,1;8,9;0;2,4;16,3;59,6;21,7;0;0;0;39,3;25,3;23,6;3;8,8;4,5;40;52,5;3,1;0;7,1;6,31;6,99;7,55
95127;0;11387;114;1,6;0,2;7,8;96,2;3,8;22,1;18,7;30,9;22,2;6,2;16,1;5,4;19,5;37;18;3,5;0,6;0;11,7;44,9;16,8;14,3;12,3;2,8;19,3;57,2;11,4;9,4;7,8;6,68;7,42;8,38
95176;0;1896;74;2,5;0,8;7,3;96,4;3,6;14,6;24,8;34,9;21,8;3,9;9,9;6,4;31,7;38,9;11,9;1,2;0;0;28,7;10,2;13,6;21,8;25,8;9,7;22,2;41,6;22,3;4,2;8,36;6,63;7,73;9,81
95197;0;1908;23;2,6;0,8;6,6;95,6;4,4;11,6;23,3;38,8;22,6;3,7;9,8;4,4;27,8;43;13,9;1,1;0;3,3;23,1;15,3;5,9;24,8;27,7;7,5;20,1;52;14,6;5,8;7,94;7,02;7,58;8,3
95199;0;1171;0;2,6;1,2;5,9;82,2;17,8;3,2;24,4;35,1;28,9;8,4;1;5,9;26,8;42,2;19,6;4,5;0;0;20;37,8;25,5;6,9;9,8;4,8;17,1;69,5;8,7;0;7,92;7,15;7,65;8,51
95203;0;2296;0;1,8;0;5,3;99,4;0,6;10,3;23,1;39,1;22,5;5,1;4,8;6;32,1;40;14,2;1,7;1,2;7;37,9;9,8;16,9;12;16,4;7,4;44,8;32,7;15,1;0;7,5;6,08;6,94;8,59
95205;0;602;0;0;0;4,1;88,6;11,4;4,8;17,1;42,9;30,9;4,2;1,8;1,8;18;51,2;24;3,2;0;0;24,8;9;60,6;5,6;0;6,3;24,1;58,8;0;10,7;8,08;6,82;8,02;8,87
95210;0;702;36;2,2;0;6,4;100;0;9;36,3;30;16,9;7,8;6,2;8,6;34,2;32,6;12,3;6,1;0;21,7;10,1;28,4;2,5;11,2;26;15;12,6;40,6;25,7;6,2;8,46;7,18;7,96;8,98
95218;0;1967;0;0;0;4,2;96,6;3,4;3,7;19,2;36,3;28,3;12,4;0;4;19,5;41,2;30,8;4;0,6;0;0;77,8;4,4;8,6;9,2;5,3;66,1;27,1;1,5;0;6,39;5,56;5,92;7,15
95219;0;4135;11;1;0,3;5,4;99,7;0,3;4,8;15,4;36,6;35,3;7,9;1,9;2,9;33,9;48,5;11,8;1,1;0;1,7;88,2;6,8;0;2,6;0,6;2,6;61,2;23;12,6;0,5;6,62;5,68;6,24;7,12
95229;0;742;0;0;0;6,1;98;2;5,1;15,1;42;32,3;5,4;0;2,3;24;38,7;33,6;1,5;0;0;77,2;0;0;13;9,8;1,9;77,8;12;3,5;4,7;6,79;5,69;5,93;7,03
95250;0;816;0;1,5;0;5,4;98,3;1,7;2,7;28;39,6;23,8;5,9;0;3;31,8;51,5;11,8;2;0;0;26,5;9,6;19,9;12,7;31,4;5,4;32;41,4;14,7;6,5;7,63;6,35;7,39;8,71
95252;0;3172;0;1,2;0,5;5;97,2;2,8;5,6;19,9;36,9;28,9;8,7;1,8;4,5;21,8;55,9;14,7;1,3;0;0;51,6;33,5;3,7;1,2;10;9,4;77;8,4;2,8;2,3;6,66;5,91;6,28;6,9
95268;0;6262;0;1,2;0,5;3,8;95,8;4,2;6,2;19,3;35,1;31,7;7,8;3,4;2,8;19,8;53,2;18,4;2,4;0;1,7;68,1;13;0,7;9,7;6,9;2,2;66,1;25;3,1;3,5;6,65;5,65;6,25;7,25
95277;0;4434;0;1,6;0,7;7,6;95,8;4,2;9,6;19,3;36,9;27,2;6,9;3,3;6,1;35,6;41,8;12,7;0,5;0;1,1;60,5;9,3;12,3;11,4;5,5;11,4;16,8;56,3;11,1;4,4;7,52;6,21;7,26;8,23
95280;0;3132;0;1,2;0,4;6,1;88,8;11,2;3,8;15,2;40,1;33,6;7,2;1,5;2,8;19,7;62,4;12,8;0,5;0,4;2,3;69,4;2,6;4,2;9,2;12,3;3,4;73,2;17,5;5;1;6,65;5,84;6,49;7,14
95288;0;417;28;0;0;13,2;78,4;21,6;6;23,7;33,8;25,7;10,8;2,7;2,7;34,6;31,5;23;2,7;2,9;0;12;22,6;21,5;22,4;21,5;16,2;13;60,6;3;7,2;7,51;6,4;7,24;8,23
95306;0;2295;0;1,5;0,5;4,1;89,2;10,8;8,2;19,4;37,3;25,3;9,8;6,9;2,2;22,7;52;14,4;1,3;0,5;0;27;8,7;5,2;21,4;37,7;14,9;18,8;38,8;24,8;2,7;8,19;7,3;7,66;8,43
95313;0;1275;0;1,8;0,9;6,3;91,6;8,4;3,5;26,8;40,9;25,4;3,4;2,5;3;35,8;45,2;11,3;2,3;0;0;25,2;7,7;20,7;11;35,3;13,3;22,7;43,4;14,6;6;7,78;6,29;7,52;8,45
95323;0;1744;0;1,3;0;4;57,3;42,7;2,4;19,2;32,5;31,1;14,8;0,6;2,5;18,8;40,1;31,7;5,6;0,7;6,4;0;59,2;21,2;4,5;8,8;5,7;6,2;82,9;2,4;2,8;7,58;6,88;7,36;8,29
95351;0;1099;0;1,2;1,1;5,6;95;5;7,8;25,5;38,5;22,9;5,3;1,1;6,9;26,8;53,1;12,1;0;0;0;36,4;2,2;19,5;0;41,9;12,1;36,7;30,7;8,1;12,5;7,54;5,88;7,38;8,53
95371;0;265;0;0;0;5,5;67,7;32,3;4,1;26,3;37,2;26,3;6;0;7,9;19,5;44,4;22,9;0;5,3;0;0;4,6;36,3;17,8;41,3;17,6;0;76,8;5,6;0;7,97;6,96;7,79;9,2
95388;0;534;0;2,1;2,6;5,9;76,1;23,9;12,4;31,7;25,7;24,3;6;2,5;8;34,2;41,9;10,3;3,1;0;0;0;0;37,3;38,2;24,4;13,8;0;73,5;10,4;2,3;8,16;7,26;7,87;8,6
95394;0;750;28;1,8;0;6,8;86,7;13,3;3;21;35,9;32;8,2;0;3,5;22,1;44,7;27,2;2,4;0;0;29;9,3;30,8;9,9;21;7,9;37,8;45,7;5,6;2,9;7,54;6,17;7,45;8,04
95424;0;2487;0;1,6;1;4,8;89,8;10,2;3,8;20;33,6;32,1;10,5;0,5;3,3;20,5;52,4;19,5;3,3;0,4;0;31,5;31,2;9,8;21,2;6,3;4,6;30,9;49,8;14,7;0;7,56;6,5;7,41;8,19
95427;0;1310;116;1,1;1;4,1;98,2;1,8;15;11;35,6;30,2;8,2;12,7;2,9;13,1;52,7;18,6;0;0;0;40,3;28,7;2,1;17,2;11,7;3,4;46,8;26,7;17,1;6;6,81;5,78;6,31;7,5
95428;0;1605;14;2,1;0,7;4,6;96,8;3,2;6,1;15,3;35,2;32,1;11,3;1,5;7,7;19,4;50,1;20,2;1,1;0;2;62,8;10,2;4,9;12,4;7,8;3,8;66;12,3;13;4,8;7,32;6,04;6,76;8,12
95476;0;1244;13;1;0;5,3;99,1;0,9;1,3;11,5;43,5;33,6;10;0;1,6;14,3;66,8;16,2;1,1;0;0;76,7;0;1,1;11,5;10,7;4,7;75;16,7;2,5;1,1;7,09;6,25;6,52;7,98
95480;0;213;0;0;0;0;48,5;51,5;5,2;13,4;20,8;36,4;24,2;0;0;15,9;34,1;50;0;0;0;0;46;0;8,8;45,1;14,8;38,8;26,8;19,6;0;8,06;7,61;8;8,33
95487;0;2021;0;1,8;1,8;4,8;92,3;7,7;4,4;15,7;35,7;35,3;8,9;1,7;3,8;17,4;60,9;12,5;3,2;0,6;0;47,7;24;6,1;6,2;16;4,6;62,5;24,9;6,1;1,9;6,31;5,28;5,61;7,18
95488;0;966;0;1,2;0;5,2;87,2;12,8;5,2;20,4;35,3;34,4;4,8;1,2;2,4;28,5;55,8;10,6;1,5;0;0;53,5;7;15,6;1,1;22,7;7;51,2;35;6,8;0;7,11;6,14;6,59;7,8
95491;0;431;65;4;0;3,8;85,1;14,9;3;35,4;36,8;21,8;3;2,5;3,5;34;40,7;19,2;0;0;0;0;0;28,4;24,2;47,3;23,7;0;50,5;15,1;10,7;8,62;7,4;8,23;8,87
95500;0;4898;17;0,7;0,3;6,5;97,9;2,1;15;13,3;31,9;30;9,9;11,4;5,6;20,3;41,7;17,3;2,9;0,8;1,9;59;13,1;9,7;1,2;15,2;1;61,8;20,9;3,8;12,5;8,29;5,73;6,54;8,2
95539;0;1111;0;1,4;0;4,9;92,7;7,3;1,5;15,4;36,8;44;2,3;1;1,8;17;60,2;18,9;1,2;0;1,3;52,2;0;21,4;15,5;9,6;6;38,4;33;21;1,7;7,22;5,91;6,51;7,97
95555;0;2501;0;0,5;0,7;4,1;98,4;1,6;4,1;15,1;30;40,6;10,1;1;3,5;23,4;56,9;13,1;2,1;0;8,9;77;3,2;3,9;6,2;0,9;2,5;73,5;14,1;5,4;4,5;7,15;6,33;6,72;7,55
95563;0;1137;0;1,1;0;10,4;98,9;1,1;7;25,3;40,3;22,6;4,8;1;6,1;30,9;46;13,5;2,5;0;1,5;5,7;39,8;10,9;8,3;33,8;13,6;21,8;52,2;12,4;0;7,81;6,58;7,59;8,41
95572;0;3064;13;0,8;0;4,4;96,9;3,1;3;20,9;40,5;28,3;7,3;0,9;2,3;28;51,6;14,7;2,5;0;0;54,6;4,5;8;20,9;12;3,7;53,6;35,2;2,5;5,1;7,13;6,1;6,88;7,9
95574;0;558;97;2,6;0;6,7;100;0;6,2;25,9;35,6;22,9;9,4;2,2;5,1;30,7;34,7;24,5;2,7;0;0;54,3;2;0;0;43,7;17,4;54,7;19,1;8,7;0;6,95;5,59;6,21;7,76
95582;0;2815;0;0,9;0,4;4,1;99,6;0,4;5,4;18,6;41,8;28;6,2;2,2;2,5;27,7;49,6;15,9;1,6;0,4;0;60,4;24,3;1,7;1;12,5;5,4;47;39,4;6,8;1,5;7,08;5,97;6,62;7,82
95585;0;11465;233;1,4;0,7;8,1;98,3;1,7;4,3;9,6;34,7;41,6;9,7;2,5;2,2;26,9;56,6;9,9;1,8;0,1;0;77,5;8,8;0,5;2,6;10,6;9,3;30,7;44,7;7;8,2;7,05;6,32;6,75;7,33
95598;0;1595;11;1,6;0,9;4,3;98,8;1,2;0,9;16,2;43,6;32,6;6,7;0;0;39,4;40,8;18,3;1,5;0;0;68,9;12,1;9,6;8,7;0,7;1,2;74,2;17,8;6,1;0,7;6,63;5,78;6,4;7,17
95607;0;2116;0;1,6;0;4,9;93,5;6,5;5,7;15,5;39,3;29,1;10,4;1,6;4,3;19,2;43,7;26,5;4,2;0,6;0;38,5;33,8;8,6;9,1;9,9;3,9;43,9;38,2;8,6;5,4;7,03;5,9;6,58;7,84
95637;0;1569;0;1,8;0,8;5,3;78,1;21,9;5,2;25,9;32,8;25,3;10,9;0,8;3,8;26,8;43,6;22,2;2,8;0;0;0;38,6;23;15,7;22,7;8,5;0;86,8;4,7;0;7,76;7,14;7,56;8,08
95680;0;5318;0;0,8;0,6;5,1;98,4;1,6;3,6;20,5;39,7;29,1;7;1,5;2,8;35,5;41;14,9;3,7;0,6;0;70,4;4,9;5,8;10,2;8,7;4,2;31,8;50,7;8,9;4,4;7,03;5,9;6,89;7,77
97101;0;10124;565;2,5;1,4;4,8;82,4;17,6;2,7;13,7;47,6;30,6;5,5;1,4;1,4;20,2;54,6;20,2;2;0,1;0;16,5;14,5;23,7;26,5;18,9;13,4;16,1;56,3;2,3;12;6,48;5,89;6,57;7,15
97102;0;120;0;;;;;;0;10,7;41,2;38,9;9,2;;;10,4;;;;;0;0;0;0;;24,1;;;;;;5,83;5,57;5,61;5,77
97103;0;4071;0;2,3;0,7;7,6;82,6;17,4;3,3;7,6;50,8;34,2;4;0;2;8,3;56,5;25,3;7,7;0,3;0;0;0,3;44,4;45,3;10;10,4;0,3;74,3;7,5;7,5;7,07;6,48;6,9;7,47
97104;0;232;53;4,7;0;10,8;57,1;42,9;0;12;64;24;0;0;0;7,4;70,1;22,5;0;0;0;0;0;45,3;31,9;22,8;22,1;0;77,9;0;0;6,73;6,49;6,78;7,15
97105;0;1691;0;5,7;3,7;5,5;91,5;8,5;3,5;12,9;43,6;34,7;5,3;2,7;0,7;15,5;51,1;25,9;4,2;0;0;12,9;27,9;37;19,3;2,9;11,1;21,2;52,6;3,3;11,8;6,27;5,71;6,29;6,91
97106;0;214;0;5;7,5;9,1;94,2;5,8;4,3;9,7;52,1;28,8;5,1;0;5,1;5,1;63,6;20,1;6,1;0;0;0;29,9;17,8;52,3;0;22,9;29,9;47,2;0;0;6,29;5,93;6,11;6,95
97107;0;954;0;6,5;3,8;6,3;73,4;26,6;1,4;11,9;61,4;22,9;2,3;0;0;13,9;66;20;0;0;0;0;11,4;22,7;38,4;27,5;19,3;7,4;73,3;0;0;6,61;5,96;6,88;7,12
97109;0;832;0;6,9;4,6;6,2;72,4;27,6;1,4;9;62,1;26,2;1,3;0;0;8,3;51,1;29,5;11,1;0;0;0;0;55,9;33,2;10,9;9,9;0;90,1;0;0;6,42;6,05;6,5;6,78
97112;0;352;0;5,6;0;5,3;19;81;0;7,5;53;36,2;3,3;0;0;5,3;48,4;42,1;4,2;0;0;0;0;29,5;42,2;28,3;21,4;0;75,1;0;3,5;6,15;5,52;6,29;6,89
97113;0;935;0;3,5;1,5;8,9;97,6;2,4;0;20,2;62,3;16,3;1,2;0;0;14,4;63,3;16,7;5,5;0;0;0;0;21,5;55,3;23,1;21,6;0;72,3;6,1;0;6,61;5,73;6,59;7,2
97114;0;1278;0;8,6;6,4;7;71,1;28,9;0,9;12,9;54;31,5;0,9;0;0;7,2;56,4;28,1;4,5;3,9;0;0;0;29,7;65,1;5,1;17,2;0;77,6;3,8;1,5;6,48;6,03;6,56;7,1
97115;0;2238;36;4,4;2,8;9,4;86,3;13,7;0;9,6;59,2;30;1,2;0;0;5,5;62;31,1;1,4;0;0;0;3,6;26,3;16,1;54;9,3;4,3;82,9;2,1;1,5;6,65;5,97;6,83;7,12
97116;0;1258;0;8,4;4,6;5,8;73,1;26,9;0,9;13;66,9;19,3;0;0;0,9;11,7;68,5;18,9;0;0;0;0;4;25,8;60,6;9,6;21,8;0;78,2;0;0;6,49;6,21;6,59;7,13
97117;0;1301;41;6,1;2,9;5,9;71,2;28,8;0,9;14,4;53,6;29,1;1,9;1;1;10,8;55,7;28,6;2,1;0,8;0;0;6,1;35,9;51;7,1;18,6;4,2;65,1;5,9;6,2;6,66;6,25;6,59;7,13
97118;0;1991;74;5,1;3,1;8;68,9;31,1;1,7;12,4;54;28,9;3;0;1,7;10,6;61,2;23,4;1,9;1,3;0;0;0;42,2;41,1;16,7;10,8;0;80,2;8,1;0,9;6,84;6,3;6,98;7,19
97119;0;168;0;10,2;7,8;7;23,9;76,1;0;9,9;63;17,7;9,4;0;0;7,1;73,4;19,5;0;0;0;0;6;39,6;54,4;0;37,1;0;57;0;5,9;6,04;5,29;5,77;6,68
97120;0;6435;1531;3,3;1,9;5,7;100;0;10,9;19,2;38,3;25,8;5,8;7,7;7,2;30,4;35,4;16,9;2;0,5;0;36,8;24,2;12,3;17,8;9;8,6;37,7;49,6;2,5;1,6;6,12;5,33;6,19;6,61
97121;0;125;0;;;10,9;;;0;0;52,2;39;8,8;0;0;0;65,2;25,8;9,1;0;0;0;14,4;0;8,8;;;16,8;;;;6,78;6,47;6,76;7,22
97122;0;699;0;7,4;5,5;6,5;30,1;69,9;0;10,9;64,6;24,4;0;0;0;8,4;47,4;42,4;1,9;0;0;0;0;15,9;77,8;6,3;34,9;0;65,1;0;0;6;5,11;5,99;6,81
97124;0;1144;0;7,1;4,5;9,1;68,6;31,4;25,1;17,1;38,2;16,1;3,6;25,3;0;14,4;42,5;16,5;1,2;0;0;6,9;4,1;3,5;67,9;17,6;8;5,5;62,8;8,9;14,9;7,25;6,46;7,04;7,73
97125;0;575;0;2,6;0;5,7;38,9;61,1;0;8,4;56,5;30,5;4,6;0;0;4,6;65,2;30,2;0;0;0;0;2;40;47,6;10,5;18,7;2,9;78,4;0;0;6,62;6,29;6,58;7,16
97128;0;1140;235;5,8;3,7;7,4;81,3;18,7;4;14;53,6;26,1;2,2;3,3;1;15,8;52,7;27,2;0;0;0;0;2,4;16,2;55;26,4;15,5;2,4;73,3;5,1;3,8;6,96;6,2;6,97;7,44
97129;0;964;0;3,6;2,6;7,3;66,4;33,6;3,6;15,1;57,9;22,1;1,2;0;3,1;12,4;53,5;26,7;4,3;0;0;0;0;16,6;73,7;9,8;18,5;0;81,5;0;0;6,11;5,3;6,24;6,74
97132;0;473;0;2,8;0;4,7;51,1;48,9;0;9,7;55,9;29,8;4,5;0;0;7,8;43,8;34,9;13,4;0;0;0;0;5,9;54,1;40;8,6;0;85,5;5,9;0;6,63;6,07;6,71;7,3
97134;0;305;0;0;3,9;7,5;36,4;63,6;0;6,4;46,2;42,6;4,8;0;0;6,8;56,3;32,2;4,8;0;0;0;11,8;4,1;25,2;58,9;15,8;12,2;72;0;0;6,68;5,94;6,8;7,25
97207;0;1403;0;2,1;1,5;4,4;100;0;0,9;7,7;50,1;32,4;8,8;0;1,4;11,9;52,9;25,7;8,1;0;0;0;42,5;22,2;20,3;15,1;14,3;41,3;38,3;6,1;0;5,24;3,19;5,16;7,33
97209;0;11426;58;3,4;2,2;5,4;99,6;0,4;2,8;14,6;38,8;34,9;8,8;1;2,5;21,6;41,4;27,4;5,8;0,3;0;24,2;23,5;21,7;16,4;14,2;10;20,3;59;3,2;7,4;5,77;4,73;5,77;6,81
97210;0;1016;11;1,5;2;6,8;100;0;2;24,5;41,7;28,9;2,9;0;3,9;16,6;49,6;19,9;9;1,1;0;9;15,9;31,4;25,6;18,1;12,4;15,9;70,6;1,1;0;6,16;5,26;5,85;6,83
97212;0;541;59;3,2;0;4,3;100;0;0;12,5;52,7;32,7;2,1;0;0;18,5;55,9;25,6;0;0;0;0;14;15,6;35,9;34,5;22,6;14,2;63,2;0;0;6,58;5,78;6,57;7,51
97213;0;4599;122;4;2,8;5,1;99,8;0,2;3;13,5;47,8;31;4,8;0,9;2;22,4;49,2;22,3;2,3;1;0;2,8;11,5;42,7;28,5;14,5;11,4;11,4;67,7;8,3;1,2;6,68;5,59;6,71;7,69
97214;0;701;0;2,2;0;8,7;97,6;2,4;0;3,2;63,8;31,3;1,7;0;0;6,6;60,3;33,1;0;0;0;0;4,4;27,2;29,9;38,6;28,6;4,4;67;0;0;5,95;5,25;6,25;6,64
97217;0;885;0;3,8;1,6;5,6;100;0;4,5;12,8;43,4;37;2,3;0;4,9;17,5;56,2;21,5;0;0;0;6,4;11,8;45,6;30,8;5,4;20,5;1,9;69,7;7,9;0;6,89;6,19;6,83;7,72
97220;0;525;0;2,2;0;7,3;100;0;0;3;51;46;0;0;0;3,5;48,3;48,3;0;0;0;0;0;70,9;20,4;8,7;9,3;0;90,7;0;0;6,57;6,24;6,72;7,09
97221;0;1406;11;3,5;2,3;5,7;100;0;0;4,2;58,1;32,6;5,1;0;1,9;12,1;45,7;36,8;3,5;0;0;0,9;11,2;67,9;17,8;2,1;5,7;11,2;82,1;1,1;0;5,87;5,36;5,94;6,44
97222;0;1703;64;4,9;3,8;7,4;100;0;3,1;12;47,6;35,3;2;1,3;1,6;19,1;53,3;22,8;1,9;0;0;0;2,7;44,7;37,4;15,2;22,2;2,7;73,7;0;1,3;6,39;5,77;6,48;7,16
97223;0;608;100;3;2,1;7,2;100;0;2;21,7;49,9;23,8;2,6;0;0;27,9;58;14,1;0;0;0;0;14,8;35,3;24,7;25,2;22,5;14,7;60,9;0;1,8;5,83;5,28;6,01;6,55
97224;0;928;0;3,4;1,3;6,4;96,9;3,1;1,2;17,7;48,6;29,6;2,9;1,3;0;18,7;56,3;20,8;2,9;0;0;0;0;35,3;31;33,7;17,6;0;65,8;2,6;13,9;6,64;5,68;6,72;7,41
97227;0;746;0;1,9;1,5;4,7;100;0;3,4;24,7;33,4;36;2,6;1,6;6,7;21,6;40,8;27,3;2,1;0;0;0;8,7;43,2;48,1;0;9,8;8,6;71,4;10,3;0;6,49;5,51;6,13;7,93
97228;0;845;50;1,9;0;8,5;98,7;1,3;1,4;19,3;52,1;23,6;3,6;1,4;2,8;19,5;56,6;19,7;0;0;0;9,2;4,7;37,2;1,5;47,4;20;4,6;75,5;0;0;6,33;5,85;6,33;7,37
97229;0;2221;44;2,6;0,7;4,9;100;0;20,6;5,4;31,8;31,9;10,3;20,8;1,4;9,5;25,7;41,5;1,2;0;0;40,5;7,1;26,9;13,4;12,1;2,8;48,4;39,5;7,4;1,9;5,77;4,7;5,21;6,24
97230;0;1264;0;4;1,3;3,6;100;0;1,9;11,1;40;40,7;6,3;0;0,9;14,7;49,2;33,3;1,9;0;12;29,2;9,7;33,3;10,5;5,3;11,7;9,3;79;0;0;6,09;5,42;6,06;6,48
97232;0;534;0;8,2;7,2;2,1;100;0;0;2,4;58,5;29,7;9,4;0;2,3;13,8;57,5;20,1;6,3;0;0;0;0;56,5;43,5;0;20,2;0;79,8;0;0;6,41;5,81;6,39;7,01
97302;0;7229;305;5,8;2,8;6,6;89;11;2,1;19,5;39,2;33,2;6,1;0,5;1,4;12,7;34,2;38,3;10,8;2;0;22,3;3,3;20,3;26,2;27,9;15;0;75,2;7,1;2,8;6,44;5,84;6,55;6,86
97304;0;3189;0;1,3;0,6;7;73,4;26,6;6,7;24;31,9;25,9;11,4;2,8;3,3;11,9;36;33,4;11,8;0,7;0;11,2;14;35,7;30,8;8,3;2,6;5,8;70,9;8,9;11,9;7,66;6,51;6,82;8,61
97305;0;2560;0;12,4;10,6;7,6;67,1;32,9;0;15,8;37,2;35,1;12;0;0;13,2;37,9;35,9;11,3;1,7;0;0;1,1;8,2;45,5;45,3;8,6;0;81,2;10,2;0;7,06;6,55;6,71;7,86
97306;0;198;0;5,8;0;0;40,6;59,4;0;13,7;40,3;31,3;14,7;0;0;13,1;25,8;39,4;21,6;0;0;0;0;17,4;82,6;0;16;0;68;0;16;6,86;6,08;6,44;7,93
97307;0;2654;187;9,3;8,4;12,5;80,1;19,9;0,5;17,7;36;33;12,9;0;1,6;12,8;29,9;32,3;19,5;3,9;0;0;4;40,8;13;42,2;5,8;0;90,8;3,4;0;6,56;5,68;6,62;6,98
97309;0;1553;0;6,3;5,7;6,4;64,7;35,3;1,5;20,1;30,6;32,8;14,9;0;4,7;11,5;26,2;39,6;16,6;1,4;0;7;23,5;2,9;18,8;47,8;9,6;2,9;79,4;7,4;0,7;6,69;5,73;6,34;6,78
97311;0;3463;157;1,9;1;7,1;71,3;28,7;0,8;15,4;35,4;34,1;14,3;0,8;2,3;5,1;25,6;43,6;19,2;3,3;0;0,9;2,5;5,8;45,3;45,5;10,8;0;80,8;5,2;3,1;6,79;6,31;6,67;7,15
97353;0;26;0;;;;;;;;;;;;;;;;;;;;;;;;;;;;;6,25;;;
97357;0;27;0;;;;;;;;;;;;;;;;;;;;;;;;;;;;;6,33;;;
97360;0;70;0;;;;;;;;;;;;;;;;;;;;;;;;;;;;;6,83;6,2;6,89;7,3
97362;0;0;0;;;;;;;;;;;;;;;;;;;;;;;;;;;;;;;;
97401;0;648;0;12,1;0;4,6;86,6;13,4;3,9;37,7;31,8;21,6;4,9;2,6;0;30,3;44,8;20,6;1,7;0;0;0;0;15,1;39,7;45,2;48,4;0;51,6;0;0;6,7;5,99;6,73;7,26
97402;0;1639;0;0,9;0;6,4;91,6;8,4;8,1;28,9;35,3;23;4,6;2,6;4,3;25;47,9;19,4;0,9;0;0;0;0,7;19,9;54,3;25;40,3;0,7;59;0;0;6,38;5,78;6,35;7,06
97403;0;261;15;0;0;6,5;89,3;10,7;8,6;47,9;31,8;11,6;0;4,1;4,1;44,4;37,8;9,6;0;0;0;0;0;28,5;44,9;26,6;48;0;52;0;0;6,73;5,93;6,7;7,31
97404;0;1010;0;1,1;0;6,8;84;16;2,5;26,3;38,3;25,2;7,7;0;1,1;22,4;47,5;26;2,9;0;0;0;4,4;34,6;12;49,1;14,8;4,2;65,6;12,8;2,7;7,06;6,37;6,83;7,49
97405;0;295;0;0;0;5,5;84,3;15,7;4;20,9;35,4;29,3;10,4;0;0;15,3;51,7;33;0;0;0;0;0;27,9;29,5;42,6;66,1;0;33,9;0;0;6;5,65;5,92;6,11
97407;0;7224;0;0,7;0,2;3,8;82,9;17,1;6,7;22,2;37,4;24,7;8,9;2,3;3,9;27;47,7;17,2;1,9;0;0;17,3;18,9;37,1;17,5;9,2;21,7;24,5;40;2,7;11;6,08;5,3;5,9;6,75
97408;0;4438;134;1,4;0;7,2;96,2;3,8;6,9;22,2;35,5;27,3;8;1,4;3,4;17,4;47,6;25,4;4,3;0,6;4,1;0,2;6;21,4;24;44,2;26,2;5,2;55;8,3;5,4;6,9;6,03;6,78;7,67
97409;0;5262;0;1,9;0,7;5,9;83,2;16,8;5,6;20,3;37,6;29;7,6;1,8;3,2;15,6;49,9;26,4;3;0,2;0;0;8,7;30;31,1;30,2;34,9;6,1;52,1;2,6;4,3;6,3;5,77;6,17;6,8
97410;0;4879;0;1,4;0,6;8,3;86,6;13,4;10,2;20,8;37,7;25,2;6,1;1,9;5,5;23,1;44,4;22,6;2,5;0;0;4,8;10,1;26,5;35,8;22,8;30;2,4;55,6;1,2;10,7;6,33;5,73;6,24;6,84
97411;0;24747;90;1,2;0,4;5,4;92,5;7,5;9,5;21,8;38,4;23,2;7,2;3,9;4,9;27,9;42,3;18,1;2,5;0,4;0;19,7;17,7;29,8;17,4;15,4;12,8;13,5;38,2;3,9;31,6;6,55;5,76;6,43;7,13
97412;0;2073;0;1,3;0,6;5,5;85,3;14,7;8,4;41,7;26,5;20,3;3;2,3;5;39,2;39,4;13,4;0,7;0;0;0;0;31,8;37,9;30,3;59,3;0;40,2;0;0,6;6,5;5,88;6,34;7,03
97413;0;1743;143;0,7;0;4,8;88,5;11,5;3;19,9;37,7;31,2;8,2;0,7;0,7;13,9;47;36,1;1,6;0;0;0;0,7;24,4;28,6;46,3;47,9;0,7;51,4;0;0;6,23;5,71;6,16;6,83
97414;0;3931;51;0,7;0,3;5,2;77,5;22,5;1,6;18,9;38,8;31;9,7;0,3;1,3;15,4;51,5;28,1;3,4;0;0;0,7;3,1;30,6;38,6;27;41,5;2,7;53,4;1,6;0,8;6,43;5,76;6,37;6,99
97415;0;7145;196;1,1;0;5,1;79,9;20,1;4,7;18,2;39,2;29,8;8,2;1,3;1,3;13,5;50,4;29,9;3,4;0,2;0;0,5;1,6;32,1;23,2;42,7;41,2;2,9;45,7;5,9;4,3;6,53;5,79;6,3;6,89
97416;0;7487;43;1,2;0,3;5,8;94;6;10,5;23;34,1;25,3;7,2;5,6;4,1;22,7;42,8;22,1;2,7;0;0;4,1;17,7;37,6;23,6;17;23;9;51,3;4,7;12;6,5;5,72;6,42;7,09
97417;0;201;0;0;0;6,5;25,7;74,3;0;31,5;38,7;23,2;6,6;0;0;18;39,5;42,4;0;0;0;0;0;22,6;28;49,5;65,7;0;34,3;0;0;5,79;5,52;5,64;5,84
97418;0;4111;91;1,8;0,4;8,1;92,5;7,5;6,2;27,5;36,6;24,6;5,1;0,5;3,7;17;47,6;26,5;3,9;0,8;2;0;0,3;28,4;27,1;42,2;35,2;0;43,8;6;15,1;7,01;6,1;6,68;7,57
97419;0;351;0;0;0;9,6;54,5;45,5;12,9;19,1;33,7;28,8;5,4;0;7;16,4;41,5;32;3,1;0;0;0;0;23,4;30,4;46,2;64,8;0;35,2;0;0;6,03;5,62;5,96;6,33
97420;0;2373;135;1,6;0,5;9,4;91,2;8,8;5,7;21,8;36,8;29,2;6,4;1;2,6;25,6;47,6;21,4;1,8;0;0;1;2,3;37,1;17,7;42,1;28,5;2,3;65,5;2,7;1;6,88;6,22;6,86;7,36
97421;0;63;0;;;;;;;;;;;;;;;;;;;;;;;;;;;;;5,89;5,5;5,94;5,95
97422;0;5309;199;2,4;0,5;13;83,5;16,5;14,5;24,2;32,6;22,5;6,2;8,6;4,6;21,7;42,8;20,2;1,8;0,3;0;0,7;5;32,6;26,9;34,8;26,9;1,8;61,3;5,7;4,4;6,73;5,87;6,62;7,2
97423;0;270;12;11,1;0;14,8;41,7;58,3;0;8,6;39;38,7;13,8;0;0;12,8;38,7;44,4;4,1;0;0;0;0;37,7;4,3;58;46,6;0;53,4;0;0;6,06;5,81;6,01;6,15
97424;0;59;0;;;;;;;;;;;;;;;;;;;;;;;;;;;;;6,06;5,27;5,87;6,99
