FID,date_maj,the_geom,code_no2,code_o3,code_pm10,code_pm25,code_qual,code_so2,code_zone,coul_qual,date_dif,date_ech,epsg_reg,lib_qual,lib_zone,source,type_zone,x_reg,x_wgs84,y_reg,y_wgs84,metropole,nom_commune
ind_atmo_2021.fid-3d3c9ea3_19f17b50f06_-2c74,2026-06-29T14:04:11.891Z,POINT (124910.92619232257 6344149.767199912),1,2,1,1,2,0,76005,#50CCAA,2026-06-29T08:32:31Z,2026-06-29,2154,Moyen,Amfreville-la-Mi-Voie,Atmo Normandie,commune,563678.9,1.1221,6924643.5,49.4067,Rouen,Amfreville-la-Mi-Voie
ind_atmo_2021.fid-3d3c9ea3_19f17b50f06_-2c65,2026-06-29T14:04:11.891Z,POINT (98537.6122996395 6353647.08132932),1,2,1,1,2,0,76020,#50CCAA,2026-06-29T08:32:31Z,2026-06-29,2154,Moyen,Anneville-Ambourville,Atmo Normandie,commune,546649.9,0.8852,6931249,49.4622,Rouen,Anneville-Ambourville
ind_atmo_2021.fid-3d3c9ea3_19f17b50f06_-2c55,2026-06-29T14:04:11.891Z,POINT (126153.36067560413 6332848.017223117),1,2,1,1,2,0,76039,#50CCAA,2026-06-29T08:32:31Z,2026-06-29,2154,Moyen,Les Authieux-sur-le-Port-Saint-Ouen,Atmo Normandie,commune,564315.1,1.1333,6917272,49.3406,Rouen,Les Authieux-sur-le-Port-Saint-Ouen
ind_atmo_2021.fid-3d3c9ea3_19f17b50f06_-2c45,2026-06-29T14:04:11.891Z,POINT (103297.01365202977 6349125.221961483),1,2,1,1,2,0,76056,#50CCAA,2026-06-29T08:32:31Z,2026-06-29,2154,Moyen,Bardouville,Atmo Normandie,commune,549672.3,0.9279,6928229.5,49.4357,Rouen,Bardouville
ind_atmo_2021.fid-3d3c9ea3_19f17b50f06_-2c39,2026-06-29T14:04:11.891Z,POINT (126802.35022654352 6340999.885439564),1,2,1,1,2,0,76069,#50CCAA,2026-06-29T08:32:31Z,2026-06-29,2154,Moyen,Belbeuf,Atmo Normandie,commune,564863.8,1.1391,6922566,49.3883,Rouen,Belbeuf
ind_atmo_2021.fid-3d3c9ea3_19f17b50f06_-2c2a,2026-06-29T14:04:11.891Z,POINT (100370.43486178346 6355385.586874072),1,2,1,1,2,0,76088,#50CCAA,2026-06-29T08:32:31Z,2026-06-29,2154,Moyen,Berville-sur-Seine,Atmo Normandie,commune,547873.5,0.9016,6932346,49.4723,Rouen,Berville-sur-Seine
ind_atmo_2021.fid-3d3c9ea3_19f17b50f06_-2c24,2026-06-29T14:04:11.891Z,POINT (124263.92493732591 6352323.404746357),1,2,1,1,2,0,76095,#50CCAA,2026-06-29T08:32:31Z,2026-06-29,2154,Moyen,Bihorel,Atmo Normandie,commune,563383.8,1.1163,6929965,49.4544,Rouen,Bihorel
ind_atmo_2021.fid-3d3c9ea3_19f17b50f06_-2c1e,2026-06-29T14:04:11.891Z,POINT (125412.02575735385 6346820.198149597),1,2,1,1,2,0,76103,#50CCAA,2026-06-29T08:32:31Z,2026-06-29,2154,Moyen,Bonsecours,Atmo Normandie,commune,564046.8,1.1266,6926371.5,49.4223,Rouen,Bonsecours
ind_atmo_2021.fid-3d3c9ea3_19f17b50f06_-2c19,2026-06-29T14:04:11.891Z,POINT (124620.5572982979 6355044.778930995),1,2,1,1,2,0,76108,#50CCAA,2026-06-29T08:32:31Z,2026-06-29,2154,Moyen,Bois-Guillaume,Atmo Normandie,commune,563658.2,1.1195,6931726.5,49.4703,Rouen,Bois-Guillaume
ind_atmo_2021.fid-3d3c9ea3_19f17b50f06_-2c11,2026-06-29T14:04:11.891Z,POINT (133679.9305484156 6341166.52860537),1,2,1,1,2,0,76116,#50CCAA,2026-06-29T08:32:31Z,2026-06-29,2154,Moyen,Boos,Atmo Normandie,commune,569352,1.2009,6922570.5,49.3892,Rouen,Boos
ind_atmo_2021.fid-3d3c9ea3_19f17b50f06_-2c03,2026-06-29T14:04:11.891Z,POINT (103695.59470411242 6334645.370150662),1,2,1,1,2,0,76131,#50CCAA,2026-06-29T08:32:31Z,2026-06-29,2154,Moyen,La Bouille,Atmo Normandie,commune,549685.3,0.9315,6918807,49.3511,Rouen,La Bouille
ind_atmo_2021.fid-3d3c9ea3_19f17b50f06_-2bec,2026-06-29T14:04:11.891Z,POINT (115336.42571631838 6351766.380077963),1,2,1,1,2,0,76157,#50CCAA,2026-06-29T08:32:31Z,2026-06-29,2154,Moyen,Canteleu,Atmo Normandie,commune,557559.7,1.0361,6929744.5,49.4512,Rouen,Canteleu
ind_atmo_2021.fid-3d3c9ea3_19f17b50f06_-2be4,2026-06-29T14:04:11.891Z,POINT (113335.26943277413 6323048.681795843),1,2,1,1,2,0,76165,#50CCAA,2026-06-29T08:32:31Z,2026-06-29,2154,Moyen,Caudebec-lès-Elbeuf,Atmo Normandie,commune,555787.1,1.0181,6911093.5,49.2832,Rouen,Caudebec-lès-Elbeuf
ind_atmo_2021.fid-3d3c9ea3_19f17b50f06_-2bd7,2026-06-29T14:04:11.891Z,POINT (114953.2639864315 6328290.472861627),1,2,1,1,2,0,76178,#50CCAA,2026-06-29T08:32:31Z,2026-06-29,2154,Moyen,Cléon,Atmo Normandie,commune,556929.6,1.0326,6914482,49.3139,Rouen,Cléon
ind_atmo_2021.fid-3d3c9ea3_19f17b50f06_-2bb6,2026-06-29T14:04:11.891Z,POINT (127446.25838984917 6349905.512904681),1,2,1,1,2,0,76212,#50CCAA,2026-06-29T08:32:31Z,2026-06-29,2154,Moyen,Darnétal,Atmo Normandie,commune,565419.8,1.1449,6928345,49.4403,Rouen,Darnétal
ind_atmo_2021.fid-3d3c9ea3_19f17b50f06_-2bb3,2026-06-29T14:04:11.891Z,POINT (116841.96740840744 6354931.592468936),1,2,1,1,2,0,76216,#50CCAA,2026-06-29T08:32:31Z,2026-06-29,2154,Moyen,Déville-lès-Rouen,Atmo Normandie,commune,558591.2,1.0496,6931776,49.4697,Rouen,Déville-lès-Rouen
ind_atmo_2021.fid-3d3c9ea3_19f17b50f06_-2bad,2026-06-29T14:04:11.891Z,POINT (97456.37198133566 6357105.965621759),1,2,1,1,2,0,76222,#50CCAA,2026-06-29T08:32:31Z,2026-06-29,2154,Moyen,Duclair,Atmo Normandie,commune,546006.2,0.8755,6933513.5,49.4823,Rouen,Duclair
ind_atmo_2021.fid-3d3c9ea3_19f17b50f06_-2ba4,2026-06-29T14:04:11.891Z,POINT (112112.90959801107 6324564.940000304),1,2,1,1,2,0,76231,#50CCAA,2026-06-29T08:32:31Z,2026-06-29,2154,Moyen,Elbeuf,Atmo Normandie,commune,555013.2,1.0071,6912101.5,49.2921,Rouen,Elbeuf
ind_atmo_2021.fid-3d3c9ea3_19f17b50f06_-2b9e,2026-06-29T14:04:11.891Z,POINT (92944.69146288812 6364302.500371301),1,2,1,1,2,0,76237,#50CCAA,2026-06-29T08:32:31Z,2026-06-29,2154,Moyen,Épinay-sur-Duclair,Atmo Normandie,commune,543197.3,0.8349,6938262.5,49.5243,Rouen,Épinay-sur-Duclair
ind_atmo_2021.fid-3d3c9ea3_19f17b50f06_-2b7e,2026-06-29T14:04:11.891Z,POINT (129880.45749118504 6357011.401089312),1,2,1,1,2,0,76273,#50CCAA,2026-06-29T08:32:31Z,2026-06-29,2154,Moyen,Fontaine-sous-Préaux,Atmo Normandie,commune,567113,1.1667,6932923,49.4818,Rouen,Fontaine-sous-Préaux
ind_atmo_2021.fid-3d3c9ea3_19f17b50f06_-2b76,2026-06-29T14:04:11.891Z,POINT (119190.56890059233 6327620.435663363),1,2,1,1,2,0,76282,#50CCAA,2026-06-29T08:32:31Z,2026-06-29,2154,Moyen,Freneuse,Atmo Normandie,commune,559686.5,1.0707,6913977,49.31,Rouen,Freneuse
ind_atmo_2021.fid-3d3c9ea3_19f17b50f06_-2b59,2026-06-29T14:04:11.891Z,POINT (127768.05467581732 6335224.555031814),1,2,1,1,2,0,76313,#50CCAA,2026-06-29T08:32:31Z,2026-06-29,2154,Moyen,Gouy,Atmo Normandie,commune,565405.5,1.1478,6918794,49.3545,Rouen,Gouy
ind_atmo_2021.fid-3d3c9ea3_19f17b50f06_-2b53,2026-06-29T14:04:11.891Z,POINT (112227.23255786934 6335825.982165071),1,2,1,1,2,0,76319,#50CCAA,2026-06-29T08:32:31Z,2026-06-29,2154,Moyen,Grand-Couronne,Atmo Normandie,commune,555272.9,1.0082,6919432,49.358,Rouen,Grand-Couronne
ind_atmo_2021.fid-3d3c9ea3_19f17b50f06_-2b50,2026-06-29T14:04:11.891Z,POINT (117168.5103351205 6344135.313187972),1,2,1,1,2,0,76322,#50CCAA,2026-06-29T08:32:31Z,2026-06-29,2154,Moyen,Le Grand-Quevilly,Atmo Normandie,commune,558630.8,1.0525,6924756,49.4066,Rouen,Le Grand-Quevilly
ind_atmo_2021.fid-3d3c9ea3_19f17b50f06_-2b36,2026-06-29T14:04:11.891Z,POINT (108951.87673368766 6336444.6727985265),1,2,1,1,2,0,76350,#50CCAA,2026-06-29T08:32:31Z,2026-06-29,2154,Moyen,Hautot-sur-Seine,Atmo Normandie,commune,553145.8,0.9787,6919889,49.3616,Rouen,Hautot-sur-Seine
ind_atmo_2021.fid-3d3c9ea3_19f17b50f06_-2b32,2026-06-29T14:04:11.891Z,POINT (106717.90214099064 6355986.220960762),1,2,1,1,2,0,76354,#50CCAA,2026-06-29T08:32:31Z,2026-06-29,2154,Moyen,Hénouville,Atmo Normandie,commune,552016.5,0.9587,6932627.5,49.4758,Rouen,Hénouville
ind_atmo_2021.fid-3d3c9ea3_19f17b50f06_-2b26,2026-06-29T14:04:11.891Z,POINT (115661.75486231474 6361364.583187417),1,2,1,1,2,0,76366,#50CCAA,2026-06-29T08:32:31Z,2026-06-29,2154,Moyen,Le Houlme,Atmo Normandie,commune,557926.4,1.039,6935970.5,49.5072,Rouen,Le Houlme
ind_atmo_2021.fid-3d3c9ea3_19f17b50f06_-2b25,2026-06-29T14:04:11.891Z,POINT (120348.76188020063 6361851.055104254),1,2,1,1,2,0,76367,#50CCAA,2026-06-29T08:32:31Z,2026-06-29,2154,Moyen,Houppeville,Atmo Normandie,commune,560983.9,1.0811,6936211.5,49.51,Rouen,Houppeville
ind_atmo_2021.fid-3d3c9ea3_19f17b50f06_-2b1c,2026-06-29T14:04:11.891Z,POINT (126996.78808850348 6359882.057352055),1,2,1,1,2,0,76377,#50CCAA,2026-06-29T08:32:31Z,2026-06-29,2154,Moyen,Isneauville,Atmo Normandie,commune,565279.5,1.1408,6934830,49.4986,Rouen,Isneauville
ind_atmo_2021.fid-3d3c9ea3_19f17b50f06_-2b1b,2026-06-29T14:04:11.891Z,POINT (91188.55932409548 6348652.688275764),1,2,1,1,2,0,76378,#50CCAA,2026-06-29T08:32:31Z,2026-06-29,2154,Moyen,Jumièges,Atmo Normandie,commune,541774.4,0.8192,6928135,49.433,Rouen,Jumièges
ind_atmo_2021.fid-3d3c9ea3_19f17b50f06_-2b0e,2026-06-29T14:04:11.891Z,POINT (106141.17678173867 6327132.151603682),1,2,1,1,2,0,76391,#50CCAA,2026-06-29T08:32:31Z,2026-06-29,2154,Moyen,La Londe,Atmo Normandie,commune,551154.6,0.9535,6913874,49.3071,Rouen,La Londe
ind_atmo_2021.fid-3d3c9ea3_19f17b50f06_-2b03,2026-06-29T14:04:11.891Z,POINT (115823.68869200053 6364185.891691024),1,2,1,1,2,0,76402,#50CCAA,2026-06-29T08:32:31Z,2026-06-29,2154,Moyen,Malaunay,Atmo Normandie,commune,558077.2,1.0405,6937798.5,49.5237,Rouen,Malaunay
ind_atmo_2021.fid-3d3c9ea3_19f17b50f06_-2afb,2026-06-29T14:04:11.891Z,POINT (115706.39673880395 6356906.927306862),1,2,1,1,2,0,76410,#50CCAA,2026-06-29T08:32:31Z,2026-06-29,2154,Moyen,Maromme,Atmo Normandie,commune,557883.6,1.0394,6933077,49.4812,Rouen,Maromme
ind_atmo_2021.fid-3d3c9ea3_19f17b50f06_-2ae8,2026-06-29T14:04:11.891Z,POINT (126748.4590406001 6345060.357133968),1,2,1,1,2,0,76429,#50CCAA,2026-06-29T08:32:31Z,2026-06-29,2154,Moyen,Le Mesnil-Esnard,Atmo Normandie,commune,564890.9,1.1386,6925207,49.412,Rouen,Le Mesnil-Esnard
ind_atmo_2021.fid-3d3c9ea3_19f17b50f06_-2ae1,2026-06-29T14:04:11.891Z,POINT (95511.7314528768 6345043.878701742),1,2,1,1,2,0,76436,#50CCAA,2026-06-29T08:32:31Z,2026-06-29,2154,Moyen,Le Mesnil-sous-Jumièges,Atmo Normandie,commune,544527.7,0.858,6925712.5,49.4119,Rouen,Le Mesnil-sous-Jumièges
ind_atmo_2021.fid-3d3c9ea3_19f17b50f06_-2ad6,2026-06-29T14:04:11.891Z,POINT (138083.0344270819 6344395.630076478),1,2,1,1,2,0,76448,#50CCAA,2026-06-29T08:32:31Z,2026-06-29,2154,Moyen,Montmain,Atmo Normandie,commune,572270.6,1.2404,6924605.5,49.4081,Rouen,Montmain
ind_atmo_2021.fid-3d3c9ea3_19f17b50f06_-2ad3,2026-06-29T14:04:11.891Z,POINT (120199.4075555959 6353217.211896343),1,2,1,1,2,0,76451,#50CCAA,2026-06-29T08:32:31Z,2026-06-29,2154,Moyen,Mont-Saint-Aignan,Atmo Normandie,commune,560750.4,1.0798,6930609,49.4597,Rouen,Mont-Saint-Aignan
ind_atmo_2021.fid-3d3c9ea3_19f17b50f06_-2acd,2026-06-29T14:04:11.891Z,POINT (107527.09101100473 6333140.98785956),1,2,1,1,2,0,76457,#50CCAA,2026-06-29T08:32:31Z,2026-06-29,2154,Moyen,Moulineaux,Atmo Normandie,commune,552160.7,0.9659,6917763,49.3423,Rouen,Moulineaux
ind_atmo_2021.fid-3d3c9ea3_19f17b50f06_-2ac6,2026-06-29T14:04:11.891Z,POINT (138453.8779808153 6337526.28443577),1,2,1,1,2,0,76464,#50CCAA,2026-06-29T08:32:31Z,2026-06-29,2154,Moyen,La Neuville-Chant-d'Oisel,Atmo Normandie,commune,572413,1.2438,6920132,49.3679,Rouen,La Neuville-Chant-d'Oisel
ind_atmo_2021.fid-3d3c9ea3_19f17b50f06_-2abd,2026-06-29T14:04:11.891Z,POINT (116708.8022314381 6358116.491709197),1,2,1,1,2,0,76474,#50CCAA,2026-06-29T08:32:31Z,2026-06-29,2154,Moyen,Notre-Dame-de-Bondeville,Atmo Normandie,commune,558555.6,1.0484,6933846,49.4882,Rouen,Notre-Dame-de-Bondeville
ind_atmo_2021.fid-3d3c9ea3_19f17b50f06_-2abc,2026-06-29T14:04:11.891Z,POINT (130546.15212944277 6343511.950339928),1,2,1,1,2,0,76475,#50CCAA,2026-06-29T08:32:31Z,2026-06-29,2154,Moyen,Franqueville-Saint-Pierre,Atmo Normandie,commune,567343.4,1.1727,6924142.5,49.4029,Rouen,Franqueville-Saint-Pierre
ind_atmo_2021.fid-3d3c9ea3_19f17b50f06_-2ab3,2026-06-29T14:04:11.891Z,POINT (121300.71199566413 6332701.493034345),1,2,1,1,2,0,76484,#50CCAA,2026-06-29T08:32:31Z,2026-06-29,2154,Moyen,Oissel,Atmo Normandie,commune,561144.9,1.0897,6917252,49.3397,Rouen,Oissel
ind_atmo_2021.fid-3d3c9ea3_19f17b50f06_-2ab1,2026-06-29T14:04:11.891Z,POINT (110883.88250204787 6327646.59624688),1,2,1,1,2,0,76486,#50CCAA,2026-06-29T08:32:31Z,2026-06-29,2154,Moyen,Orival,Atmo Normandie,commune,554261.1,0.9961,6914129.5,49.3101,Rouen,Orival
ind_atmo_2021.fid-3d3c9ea3_19f17b50f06_-2aa7,2026-06-29T14:04:11.891Z,POINT (113630.3761066689 6340494.409970655),1,2,1,1,2,0,76497,#50CCAA,2026-06-29T08:32:31Z,2026-06-29,2154,Moyen,Petit-Couronne,Atmo Normandie,commune,556264.7,1.0208,6922446,49.3853,Rouen,Petit-Couronne
ind_atmo_2021.fid-3d3c9ea3_19f17b50f06_-2aa6,2026-06-29T14:04:11.891Z,POINT (117185.70859747265 6348188.871807361),1,2,1,1,2,0,76498,#50CCAA,2026-06-29T08:32:31Z,2026-06-29,2154,Moyen,Le Petit-Quevilly,Atmo Normandie,commune,558707,1.0527,6927390.5,49.4303,Rouen,Le Petit-Quevilly
ind_atmo_2021.fid-3d3c9ea3_19f17b50f06_-2a97,2026-06-29T14:04:11.891Z,POINT (106098.33286433145 6346212.509949037),1,2,1,1,2,0,76513,#50CCAA,2026-06-29T08:32:31Z,2026-06-29,2154,Moyen,Quevillon,Atmo Normandie,commune,551448.5,0.9531,6926289,49.4187,Rouen,Quevillon
ind_atmo_2021.fid-3d3c9ea3_19f17b50f06_-2a96,2026-06-29T14:04:11.891Z,POINT (132454.96941142078 6335263.048160565),1,2,1,1,2,0,76514,#50CCAA,2026-06-29T08:32:31Z,2026-06-29,2154,Moyen,Quévreville-la-Poterie,Atmo Normandie,commune,568465,1.1899,6918748,49.3547,Rouen,Quévreville-la-Poterie
ind_atmo_2021.fid-3d3c9ea3_19f17b50f06_-2a81,2026-06-29T14:04:11.891Z,POINT (131821.38692352377 6354572.113710045),1,2,1,1,2,0,76536,#50CCAA,2026-06-29T08:32:31Z,2026-06-29,2154,Moyen,Roncherolles-sur-le-Vivier,Atmo Normandie,commune,568340.2,1.1842,6931310,49.4676,Rouen,Roncherolles-sur-le-Vivier
ind_atmo_2021.fid-3d3c9ea3_19f17b50f06_-2a7e,2026-06-29T14:04:11.891Z,POINT (122458.13076577621 6350452.407267188),1,2,1,1,2,0,76540,#50CCAA,2026-06-29T08:32:31Z,2026-06-29,2154,Moyen,Rouen,Atmo Normandie,commune,562178.3,1.1001,6928777.5,49.4435,Rouen,Rouen
ind_atmo_2021.fid-3d3c9ea3_19f17b50f06_-2a74,2026-06-29T14:04:11.891Z,POINT (104999.98526627236 6335930.739783264),1,2,1,1,2,0,76550,#50CCAA,2026-06-29T08:32:31Z,2026-06-29,2154,Moyen,Sahurs,Atmo Normandie,commune,550558.4,0.9432,6919621,49.3586,Rouen,Sahurs
ind_atmo_2021.fid-3d3c9ea3_19f17b50f06_-2a6c,2026-06-29T14:04:11.891Z,POINT (128742.42508320704 6337098.7620831765),1,2,1,1,2,0,76558,#50CCAA,2026-06-29T08:32:31Z,2026-06-29,2154,Moyen,Saint-Aubin-Celloville,Atmo Normandie,commune,566069.9,1.1565,6919998.5,49.3654,Rouen,Saint-Aubin-Celloville
ind_atmo_2021.fid-3d3c9ea3_19f17b50f06_-2a6a,2026-06-29T14:04:11.891Z,POINT (131223.06672737727 6346687.765384978),1,2,1,1,2,0,76560,#50CCAA,2026-06-29T08:32:31Z,2026-06-29,2154,Moyen,Saint-Aubin-Épinay,Atmo Normandie,commune,567832.4,1.1788,6926196.5,49.4215,Rouen,Saint-Aubin-Épinay
ind_atmo_2021.fid-3d3c9ea3_19f17b50f06_-2a69,2026-06-29T14:04:11.891Z,POINT (112803.01870034229 6325765.042051431),1,2,1,1,2,0,76561,#50CCAA,2026-06-29T08:32:31Z,2026-06-29,2154,Moyen,Saint-Aubin-lès-Elbeuf,Atmo Normandie,commune,555483.8,1.0133,6912872,49.2991,Rouen,Saint-Aubin-lès-Elbeuf
ind_atmo_2021.fid-3d3c9ea3_19f17b50f06_-2a5b,2026-06-29T14:04:11.891Z,POINT (123374.81726062157 6339555.671007789),1,2,1,1,2,0,76575,#50CCAA,2026-06-29T08:32:31Z,2026-06-29,2154,Moyen,Saint-Étienne-du-Rouvray,Atmo Normandie,commune,562605.8,1.1083,6921679.5,49.3798,Rouen,Saint-Étienne-du-Rouvray
ind_atmo_2021.fid-3d3c9ea3_19f17b50f06_-2a4c,2026-06-29T14:04:11.891Z,POINT (133831.3518179561 6349904.355367165),1,2,1,1,2,0,76591,#50CCAA,2026-06-29T08:32:31Z,2026-06-29,2154,Moyen,Saint-Jacques-sur-Darnétal,Atmo Normandie,commune,569580.1,1.2022,6928248,49.4403,Rouen,Saint-Jacques-sur-Darnétal
ind_atmo_2021.fid-3d3c9ea3_19f17b50f06_-2a44,2026-06-29T14:04:11.891Z,POINT (128829.59583956178 6348617.665789582),1,2,1,1,2,0,76599,#50CCAA,2026-06-29T08:32:31Z,2026-06-29,2154,Moyen,Saint-Léger-du-Bourg-Denis,Atmo Normandie,commune,566301.6,1.1573,6927487,49.4328,Rouen,Saint-Léger-du-Bourg-Denis
ind_atmo_2021.fid-3d3c9ea3_19f17b50f06_-2a3c,2026-06-29T14:04:11.891Z,POINT (93716.15322745866 6361771.443554734),1,2,1,1,2,0,76608,#50CCAA,2026-06-29T08:32:31Z,2026-06-29,2154,Moyen,Sainte-Marguerite-sur-Duclair,Atmo Normandie,commune,543654.2,0.8419,6936607,49.5096,Rouen,Sainte-Marguerite-sur-Duclair
ind_atmo_2021.fid-3d3c9ea3_19f17b50f06_-2a36,2026-06-29T14:04:11.891Z,POINT (107117.60349679332 6350680.770840697),1,2,1,1,2,0,76614,#50CCAA,2026-06-29T08:32:31Z,2026-06-29,2154,Moyen,Saint-Martin-de-Boscherville,Atmo Normandie,commune,552187.8,0.9623,6929175,49.4448,Rouen,Saint-Martin-de-Boscherville
ind_atmo_2021.fid-3d3c9ea3_19f17b50f06_-2a33,2026-06-29T14:04:11.891Z,POINT (129266.70586643147 6354569.793887969),1,2,1,1,2,0,76617,#50CCAA,2026-06-29T08:32:31Z,2026-06-29,2154,Moyen,Saint-Martin-du-Vivier,Atmo Normandie,commune,566676.5,1.1612,6931347,49.4675,Rouen,Saint-Martin-du-Vivier
ind_atmo_2021.fid-3d3c9ea3_19f17b50f06_-2a26,2026-06-29T14:04:11.891Z,POINT (98144.013098766 6362967.3421447035),1,2,1,1,2,0,76631,#50CCAA,2026-06-29T08:32:31Z,2026-06-29,2154,Moyen,Saint-Paër,Atmo Normandie,commune,546555.9,0.8816,6937305,49.5165,Rouen,Saint-Paër
ind_atmo_2021.fid-3d3c9ea3_19f17b50f06_-2a24,2026-06-29T14:04:11.891Z,POINT (103697.27118120734 6341521.618590421),1,2,1,1,2,0,76634,#50CCAA,2026-06-29T08:32:31Z,2026-06-29,2154,Moyen,Saint-Pierre-de-Manneville,Atmo Normandie,commune,549803.6,0.9315,6923280,49.3913,Rouen,Saint-Pierre-de-Manneville
ind_atmo_2021.fid-3d3c9ea3_19f17b50f06_-2a22,2026-06-29T14:04:11.891Z,POINT (103622.01488818375 6360538.5727906935),1,2,1,1,2,0,76636,#50CCAA,2026-06-29T08:32:31Z,2026-06-29,2154,Moyen,Saint-Pierre-de-Varengeville,Atmo Normandie,commune,550078.3,0.9309,6935634.5,49.5024,Rouen,Saint-Pierre-de-Varengeville
ind_atmo_2021.fid-3d3c9ea3_19f17b50f06_-2a1f,2026-06-29T14:04:11.891Z,POINT (115843.95346113147 6321967.239741183),1,2,1,1,2,0,76640,#50CCAA,2026-06-29T08:32:31Z,2026-06-29,2154,Moyen,Saint-Pierre-lès-Elbeuf,Atmo Normandie,commune,557409.1,1.0406,6910348,49.2768,Rouen,Saint-Pierre-lès-Elbeuf
ind_atmo_2021.fid-3d3c9ea3_19f17b50f06_-29fa,2026-06-29T14:04:11.891Z,POINT (121221.08762175372 6345439.729954188),1,2,1,1,2,0,76681,#50CCAA,2026-06-29T08:32:31Z,2026-06-29,2154,Moyen,Sotteville-lès-Rouen,Atmo Normandie,commune,561293.5,1.0889,6925539.5,49.4142,Rouen,Sotteville-lès-Rouen
ind_atmo_2021.fid-3d3c9ea3_19f17b50f06_-29f9,2026-06-29T14:04:11.891Z,POINT (125211.22807220054 6329378.459111574),1,2,1,1,2,0,76682,#50CCAA,2026-06-29T08:32:31Z,2026-06-29,2154,Moyen,Sotteville-sous-le-Val,Atmo Normandie,commune,563646.4,1.1248,6915027.5,49.3203,Rouen,Sotteville-sous-le-Val
ind_atmo_2021.fid-3d3c9ea3_19f17b50f06_-29e6,2026-06-29T14:04:11.891Z,POINT (123054.8440691137 6330753.052245245),1,2,1,1,2,0,76705,#50CCAA,2026-06-29T08:32:31Z,2026-06-29,2154,Moyen,Tourville-la-Rivière,Atmo Normandie,commune,562259.6,1.1054,6915956,49.3283,Rouen,Tourville-la-Rivière
ind_atmo_2021.fid-3d3c9ea3_19f17b50f06_-29e2,2026-06-29T14:04:11.891Z,POINT (89491.81171973971 6357795.734761588),1,2,1,1,2,0,76709,#50CCAA,2026-06-29T08:32:31Z,2026-06-29,2154,Moyen,Le Trait,Atmo Normandie,commune,540834,0.8039,6934103,49.4864,Rouen,Le Trait
ind_atmo_2021.fid-3d3c9ea3_19f17b50f06_-29db,2026-06-29T14:04:11.891Z,POINT (111583.74915531912 6339222.886513428),1,2,1,1,2,0,76717,#50CCAA,2026-06-29T08:32:31Z,2026-06-29,2154,Moyen,Val-de-la-Haye,Atmo Normandie,commune,554908.9,1.0024,6921652.5,49.3779,Rouen,Val-de-la-Haye
ind_atmo_2021.fid-3d3c9ea3_19f17b50f06_-29bd,2026-06-29T14:04:11.891Z,POINT (92488.28198844148 6352015.048515251),1,2,1,1,2,0,76750,#50CCAA,2026-06-29T08:32:31Z,2026-06-29,2154,Moyen,Yainville,Atmo Normandie,commune,542681.3,0.8308,6930296,49.4526,Rouen,Yainville
ind_atmo_2021.fid-3d3c9ea3_19f17b50f06_-29ba,2026-06-29T14:04:11.891Z,POINT (130897.35357204927 6334457.143646472),1,2,1,1,2,0,76753,#50CCAA,2026-06-29T08:32:31Z,2026-06-29,2154,Moyen,Ymare,Atmo Normandie,commune,567436.3,1.1759,6918247,49.35,Rouen,Ymare
ind_atmo_2021.fid-3d3c9ea3_19f17b50f06_-29b4,2026-06-29T14:04:11.891Z,POINT (98136.36511964115 6342968.57096706),1,2,1,1,2,0,76759,#50CCAA,2026-06-29T08:32:31Z,2026-06-29,2154,Moyen,Yville-sur-Seine,Atmo Normandie,commune,546202.4,0.8816,6924317,49.3998,Rouen,Yville-sur-Seine
ind_atmo_2021.fid-3d3c9ea3_19f17b50f06_-2218,2026-06-29T14:04:11.891Z,POINT (124910.92619232257 6344149.767199912),1,2,1,1,2,0,76005,#50CCAA,2026-06-29T08:32:31Z,2026-06-30,2154,Moyen,Amfreville-la-Mi-Voie,Atmo Normandie,commune,563678.9,1.1221,6924643.5,49.4067,Rouen,Amfreville-la-Mi-Voie
ind_atmo_2021.fid-3d3c9ea3_19f17b50f06_-2209,2026-06-29T14:04:11.891Z,POINT (98537.6122996395 6353647.08132932),1,2,1,1,2,0,76020,#50CCAA,2026-06-29T08:32:31Z,2026-06-30,2154,Moyen,Anneville-Ambourville,Atmo Normandie,commune,546649.9,0.8852,6931249,49.4622,Rouen,Anneville-Ambourville
ind_atmo_2021.fid-3d3c9ea3_19f17b50f06_-21f9,2026-06-29T14:04:11.891Z,POINT (126153.36067560413 6332848.017223117),1,2,1,1,2,0,76039,#50CCAA,2026-06-29T08:32:31Z,2026-06-30,2154,Moyen,Les Authieux-sur-le-Port-Saint-Ouen,Atmo Normandie,commune,564315.1,1.1333,6917272,49.3406,Rouen,Les Authieux-sur-le-Port-Saint-Ouen
ind_atmo_2021.fid-3d3c9ea3_19f17b50f06_-21e9,2026-06-29T14:04:11.891Z,POINT (103297.01365202977 6349125.221961483),1,2,1,1,2,0,76056,#50CCAA,2026-06-29T08:32:31Z,2026-06-30,2154,Moyen,Bardouville,Atmo Normandie,commune,549672.3,0.9279,6928229.5,49.4357,Rouen,Bardouville
ind_atmo_2021.fid-3d3c9ea3_19f17b50f06_-21dd,2026-06-29T14:04:11.891Z,POINT (126802.35022654352 6340999.885439564),1,2,1,1,2,0,76069,#50CCAA,2026-06-29T08:32:31Z,2026-06-30,2154,Moyen,Belbeuf,Atmo Normandie,commune,564863.8,1.1391,6922566,49.3883,Rouen,Belbeuf
ind_atmo_2021.fid-3d3c9ea3_19f17b50f06_-21ce,2026-06-29T14:04:11.891Z,POINT (100370.43486178346 6355385.586874072),1,2,1,1,2,0,76088,#50CCAA,2026-06-29T08:32:31Z,2026-06-30,2154,Moyen,Berville-sur-Seine,Atmo Normandie,commune,547873.5,0.9016,6932346,49.4723,Rouen,Berville-sur-Seine
ind_atmo_2021.fid-3d3c9ea3_19f17b50f06_-21c8,2026-06-29T14:04:11.891Z,POINT (124263.92493732591 6352323.404746357),1,2,1,1,2,0,76095,#50CCAA,2026-06-29T08:32:31Z,2026-06-30,2154,Moyen,Bihorel,Atmo Normandie,commune,563383.8,1.1163,6929965,49.4544,Rouen,Bihorel
ind_atmo_2021.fid-3d3c9ea3_19f17b50f06_-21c2,2026-06-29T14:04:11.891Z,POINT (125412.02575735385 6346820.198149597),1,2,1,1,2,0,76103,#50CCAA,2026-06-29T08:32:31Z,2026-06-30,2154,Moyen,Bonsecours,Atmo Normandie,commune,564046.8,1.1266,6926371.5,49.4223,Rouen,Bonsecours
ind_atmo_2021.fid-3d3c9ea3_19f17b50f06_-21bd,2026-06-29T14:04:11.891Z,POINT (124620.5572982979 6355044.778930995),1,2,1,1,2,0,76108,#50CCAA,2026-06-29T08:32:31Z,2026-06-30,2154,Moyen,Bois-Guillaume,Atmo Normandie,commune,563658.2,1.1195,6931726.5,49.4703,Rouen,Bois-Guillaume
ind_atmo_2021.fid-3d3c9ea3_19f17b50f06_-21b5,2026-06-29T14:04:11.891Z,POINT (133679.9305484156 6341166.52860537),1,2,1,1,2,0,76116,#50CCAA,2026-06-29T08:32:31Z,2026-06-30,2154,Moyen,Boos,Atmo Normandie,commune,569352,1.2009,6922570.5,49.3892,Rouen,Boos
ind_atmo_2021.fid-3d3c9ea3_19f17b50f06_-21a7,2026-06-29T14:04:11.891Z,POINT (103695.59470411242 6334645.370150662),1,2,1,1,2,0,76131,#50CCAA,2026-06-29T08:32:31Z,2026-06-30,2154,Moyen,La Bouille,Atmo Normandie,commune,549685.3,0.9315,6918807,49.3511,Rouen,La Bouille
ind_atmo_2021.fid-3d3c9ea3_19f17b50f06_-2190,2026-06-29T14:04:11.891Z,POINT (115336.42571631838 6351766.380077963),1,2,1,1,2,0,76157,#50CCAA,2026-06-29T08:32:31Z,2026-06-30,2154,Moyen,Canteleu,Atmo Normandie,commune,557559.7,1.0361,6929744.5,49.4512,Rouen,Canteleu
ind_atmo_2021.fid-3d3c9ea3_19f17b50f06_-2188,2026-06-29T14:04:11.891Z,POINT (113335.26943277413 6323048.681795843),1,2,1,1,2,0,76165,#50CCAA,2026-06-29T08:32:31Z,2026-06-30,2154,Moyen,Caudebec-lès-Elbeuf,Atmo Normandie,commune,555787.1,1.0181,6911093.5,49.2832,Rouen,Caudebec-lès-Elbeuf
ind_atmo_2021.fid-3d3c9ea3_19f17b50f06_-217b,2026-06-29T14:04:11.891Z,POINT (114953.2639864315 6328290.472861627),1,2,1,1,2,0,76178,#50CCAA,2026-06-29T08:32:31Z,2026-06-30,2154,Moyen,Cléon,Atmo Normandie,commune,556929.6,1.0326,6914482,49.3139,Rouen,Cléon
ind_atmo_2021.fid-3d3c9ea3_19f17b50f06_-215a,2026-06-29T14:04:11.891Z,POINT (127446.25838984917 6349905.512904681),1,2,1,1,2,0,76212,#50CCAA,2026-06-29T08:32:31Z,2026-06-30,2154,Moyen,Darnétal,Atmo Normandie,commune,565419.8,1.1449,6928345,49.4403,Rouen,Darnétal
ind_atmo_2021.fid-3d3c9ea3_19f17b50f06_-2157,2026-06-29T14:04:11.891Z,POINT (116841.96740840744 6354931.592468936),1,2,1,1,2,0,76216,#50CCAA,2026-06-29T08:32:31Z,2026-06-30,2154,Moyen,Déville-lès-Rouen,Atmo Normandie,commune,558591.2,1.0496,6931776,49.4697,Rouen,Déville-lès-Rouen
ind_atmo_2021.fid-3d3c9ea3_19f17b50f06_-2151,2026-06-29T14:04:11.891Z,POINT (97456.37198133566 6357105.965621759),1,2,1,1,2,0,76222,#50CCAA,2026-06-29T08:32:31Z,2026-06-30,2154,Moyen,Duclair,Atmo Normandie,commune,546006.2,0.8755,6933513.5,49.4823,Rouen,Duclair
ind_atmo_2021.fid-3d3c9ea3_19f17b50f06_-2148,2026-06-29T14:04:11.891Z,POINT (112112.90959801107 6324564.940000304),1,2,1,1,2,0,76231,#50CCAA,2026-06-29T08:32:31Z,2026-06-30,2154,Moyen,Elbeuf,Atmo Normandie,commune,555013.2,1.0071,6912101.5,49.2921,Rouen,Elbeuf
ind_atmo_2021.fid-3d3c9ea3_19f17b50f06_-2142,2026-06-29T14:04:11.891Z,POINT (92944.69146288812 6364302.500371301),1,2,1,1,2,0,76237,#50CCAA,2026-06-29T08:32:31Z,2026-06-30,2154,Moyen,Épinay-sur-Duclair,Atmo Normandie,commune,543197.3,0.8349,6938262.5,49.5243,Rouen,Épinay-sur-Duclair
ind_atmo_2021.fid-3d3c9ea3_19f17b50f06_-2122,2026-06-29T14:04:11.891Z,POINT (129880.45749118504 6357011.401089312),1,2,1,1,2,0,76273,#50CCAA,2026-06-29T08:32:31Z,2026-06-30,2154,Moyen,Fontaine-sous-Préaux,Atmo Normandie,commune,567113,1.1667,6932923,49.4818,Rouen,Fontaine-sous-Préaux
ind_atmo_2021.fid-3d3c9ea3_19f17b50f06_-211a,2026-06-29T14:04:11.891Z,POINT (119190.56890059233 6327620.435663363),1,2,1,1,2,0,76282,#50CCAA,2026-06-29T08:32:31Z,2026-06-30,2154,Moyen,Freneuse,Atmo Normandie,commune,559686.5,1.0707,6913977,49.31,Rouen,Freneuse
ind_atmo_2021.fid-3d3c9ea3_19f17b50f06_-20fd,2026-06-29T14:04:11.891Z,POINT (127768.05467581732 6335224.555031814),1,2,1,1,2,0,76313,#50CCAA,2026-06-29T08:32:31Z,2026-06-30,2154,Moyen,Gouy,Atmo Normandie,commune,565405.5,1.1478,6918794,49.3545,Rouen,Gouy
ind_atmo_2021.fid-3d3c9ea3_19f17b50f06_-20f7,2026-06-29T14:04:11.891Z,POINT (112227.23255786934 6335825.982165071),1,2,1,1,2,0,76319,#50CCAA,2026-06-29T08:32:31Z,2026-06-30,2154,Moyen,Grand-Couronne,Atmo Normandie,commune,555272.9,1.0082,6919432,49.358,Rouen,Grand-Couronne
ind_atmo_2021.fid-3d3c9ea3_19f17b50f06_-20f4,2026-06-29T14:04:11.891Z,POINT (117168.5103351205 6344135.313187972),1,2,1,1,2,0,76322,#50CCAA,2026-06-29T08:32:31Z,2026-06-30,2154,Moyen,Le Grand-Quevilly,Atmo Normandie,commune,558630.8,1.0525,6924756,49.4066,Rouen,Le Grand-Quevilly
ind_atmo_2021.fid-3d3c9ea3_19f17b50f06_-20da,2026-06-29T14:04:11.891Z,POINT (108951.87673368766 6336444.6727985265),1,2,1,1,2,0,76350,#50CCAA,2026-06-29T08:32:31Z,2026-06-30,2154,Moyen,Hautot-sur-Seine,Atmo Normandie,commune,553145.8,0.9787,6919889,49.3616,Rouen,Hautot-sur-Seine
ind_atmo_2021.fid-3d3c9ea3_19f17b50f06_-20d6,2026-06-29T14:04:11.891Z,POINT (106717.90214099064 6355986.220960762),1,2,1,1,2,0,76354,#50CCAA,2026-06-29T08:32:31Z,2026-06-30,2154,Moyen,Hénouville,Atmo Normandie,commune,552016.5,0.9587,6932627.5,49.4758,Rouen,Hénouville
ind_atmo_2021.fid-3d3c9ea3_19f17b50f06_-20ca,2026-06-29T14:04:11.891Z,POINT (115661.75486231474 6361364.583187417),1,2,1,1,2,0,76366,#50CCAA,2026-06-29T08:32:31Z,2026-06-30,2154,Moyen,Le Houlme,Atmo Normandie,commune,557926.4,1.039,6935970.5,49.5072,Rouen,Le Houlme
ind_atmo_2021.fid-3d3c9ea3_19f17b50f06_-20c9,2026-06-29T14:04:11.891Z,POINT (120348.76188020063 6361851.055104254),1,2,1,1,2,0,76367,#50CCAA,2026-06-29T08:32:31Z,2026-06-30,2154,Moyen,Houppeville,Atmo Normandie,commune,560983.9,1.0811,6936211.5,49.51,Rouen,Houppeville
ind_atmo_2021.fid-3d3c9ea3_19f17b50f06_-20c0,2026-06-29T14:04:11.891Z,POINT (126996.78808850348 6359882.057352055),1,2,1,1,2,0,76377,#50CCAA,2026-06-29T08:32:31Z,2026-06-30,2154,Moyen,Isneauville,Atmo Normandie,commune,565279.5,1.1408,6934830,49.4986,Rouen,Isneauville
ind_atmo_2021.fid-3d3c9ea3_19f17b50f06_-20bf,2026-06-29T14:04:11.891Z,POINT (91188.55932409548 6348652.688275764),1,2,1,1,2,0,76378,#50CCAA,2026-06-29T08:32:31Z,2026-06-30,2154,Moyen,Jumièges,Atmo Normandie,commune,541774.4,0.8192,6928135,49.433,Rouen,Jumièges
ind_atmo_2021.fid-3d3c9ea3_19f17b50f06_-20b2,2026-06-29T14:04:11.891Z,POINT (106141.17678173867 6327132.151603682),1,2,1,1,2,0,76391,#50CCAA,2026-06-29T08:32:31Z,2026-06-30,2154,Moyen,La Londe,Atmo Normandie,commune,551154.6,0.9535,6913874,49.3071,Rouen,La Londe
ind_atmo_2021.fid-3d3c9ea3_19f17b50f06_-20a7,2026-06-29T14:04:11.891Z,POINT (115823.68869200053 6364185.891691024),1,2,1,1,2,0,76402,#50CCAA,2026-06-29T08:32:31Z,2026-06-30,2154,Moyen,Malaunay,Atmo Normandie,commune,558077.2,1.0405,6937798.5,49.5237,Rouen,Malaunay
ind_atmo_2021.fid-3d3c9ea3_19f17b50f06_-209f,2026-06-29T14:04:11.891Z,POINT (115706.39673880395 6356906.927306862),1,2,1,1,2,0,76410,#50CCAA,2026-06-29T08:32:31Z,2026-06-30,2154,Moyen,Maromme,Atmo Normandie,commune,557883.6,1.0394,6933077,49.4812,Rouen,Maromme
ind_atmo_2021.fid-3d3c9ea3_19f17b50f06_-208c,2026-06-29T14:04:11.891Z,POINT (126748.4590406001 6345060.357133968),1,2,1,1,2,0,76429,#50CCAA,2026-06-29T08:32:31Z,2026-06-30,2154,Moyen,Le Mesnil-Esnard,Atmo Normandie,commune,564890.9,1.1386,6925207,49.412,Rouen,Le Mesnil-Esnard
ind_atmo_2021.fid-3d3c9ea3_19f17b50f06_-2085,2026-06-29T14:04:11.891Z,POINT (95511.7314528768 6345043.878701742),1,2,1,1,2,0,76436,#50CCAA,2026-06-29T08:32:31Z,2026-06-30,2154,Moyen,Le Mesnil-sous-Jumièges,Atmo Normandie,commune,544527.7,0.858,6925712.5,49.4119,Rouen,Le Mesnil-sous-Jumièges
ind_atmo_2021.fid-3d3c9ea3_19f17b50f06_-207a,2026-06-29T14:04:11.891Z,POINT (138083.0344270819 6344395.630076478),1,2,1,1,2,0,76448,#50CCAA,2026-06-29T08:32:31Z,2026-06-30,2154,Moyen,Montmain,Atmo Normandie,commune,572270.6,1.2404,6924605.5,49.4081,Rouen,Montmain
ind_atmo_2021.fid-3d3c9ea3_19f17b50f06_-2077,2026-06-29T14:04:11.891Z,POINT (120199.4075555959 6353217.211896343),1,2,1,1,2,0,76451,#50CCAA,2026-06-29T08:32:31Z,2026-06-30,2154,Moyen,Mont-Saint-Aignan,Atmo Normandie,commune,560750.4,1.0798,6930609,49.4597,Rouen,Mont-Saint-Aignan
ind_atmo_2021.fid-3d3c9ea3_19f17b50f06_-2071,2026-06-29T14:04:11.891Z,POINT (107527.09101100473 6333140.98785956),1,2,1,1,2,0,76457,#50CCAA,2026-06-29T08:32:31Z,2026-06-30,2154,Moyen,Moulineaux,Atmo Normandie,commune,552160.7,0.9659,6917763,49.3423,Rouen,Moulineaux
ind_atmo_2021.fid-3d3c9ea3_19f17b50f06_-206a,2026-06-29T14:04:11.891Z,POINT (138453.8779808153 6337526.28443577),1,2,1,1,2,0,76464,#50CCAA,2026-06-29T08:32:31Z,2026-06-30,2154,Moyen,La Neuville-Chant-d'Oisel,Atmo Normandie,commune,572413,1.2438,6920132,49.3679,Rouen,La Neuville-Chant-d'Oisel
ind_atmo_2021.fid-3d3c9ea3_19f17b50f06_-2061,2026-06-29T14:04:11.891Z,POINT (116708.8022314381 6358116.491709197),1,2,1,1,2,0,76474,#50CCAA,2026-06-29T08:32:31Z,2026-06-30,2154,Moyen,Notre-Dame-de-Bondeville,Atmo Normandie,commune,558555.6,1.0484,6933846,49.4882,Rouen,Notre-Dame-de-Bondeville
ind_atmo_2021.fid-3d3c9ea3_19f17b50f06_-2060,2026-06-29T14:04:11.891Z,POINT (130546.15212944277 6343511.950339928),1,2,1,1,2,0,76475,#50CCAA,2026-06-29T08:32:31Z,2026-06-30,2154,Moyen,Franqueville-Saint-Pierre,Atmo Normandie,commune,567343.4,1.1727,6924142.5,49.4029,Rouen,Franqueville-Saint-Pierre
ind_atmo_2021.fid-3d3c9ea3_19f17b50f06_-2057,2026-06-29T14:04:11.891Z,POINT (121300.71199566413 6332701.493034345),1,2,1,1,2,0,76484,#50CCAA,2026-06-29T08:32:31Z,2026-06-30,2154,Moyen,Oissel,Atmo Normandie,commune,561144.9,1.0897,6917252,49.3397,Rouen,Oissel
ind_atmo_2021.fid-3d3c9ea3_19f17b50f06_-2055,2026-06-29T14:04:11.891Z,POINT (110883.88250204787 6327646.59624688),1,2,1,1,2,0,76486,#50CCAA,2026-06-29T08:32:31Z,2026-06-30,2154,Moyen,Orival,Atmo Normandie,commune,554261.1,0.9961,6914129.5,49.3101,Rouen,Orival
ind_atmo_2021.fid-3d3c9ea3_19f17b50f06_-204b,2026-06-29T14:04:11.891Z,POINT (113630.3761066689 6340494.409970655),1,2,1,1,2,0,76497,#50CCAA,2026-06-29T08:32:31Z,2026-06-30,2154,Moyen,Petit-Couronne,Atmo Normandie,commune,556264.7,1.0208,6922446,49.3853,Rouen,Petit-Couronne
ind_atmo_2021.fid-3d3c9ea3_19f17b50f06_-204a,2026-06-29T14:04:11.891Z,POINT (117185.70859747265 6348188.871807361),1,2,1,1,2,0,76498,#50CCAA,2026-06-29T08:32:31Z,2026-06-30,2154,Moyen,Le Petit-Quevilly,Atmo Normandie,commune,558707,1.0527,6927390.5,49.4303,Rouen,Le Petit-Quevilly
ind_atmo_2021.fid-3d3c9ea3_19f17b50f06_-203b,2026-06-29T14:04:11.891Z,POINT (106098.33286433145 6346212.509949037),1,2,1,1,2,0,76513,#50CCAA,2026-06-29T08:32:31Z,2026-06-30,2154,Moyen,Quevillon,Atmo Normandie,commune,551448.5,0.9531,6926289,49.4187,Rouen,Quevillon
ind_atmo_2021.fid-3d3c9ea3_19f17b50f06_-203a,2026-06-29T14:04:11.891Z,POINT (132454.96941142078 6335263.048160565),1,2,1,1,2,0,76514,#50CCAA,2026-06-29T08:32:31Z,2026-06-30,2154,Moyen,Quévreville-la-Poterie,Atmo Normandie,commune,568465,1.1899,6918748,49.3547,Rouen,Quévreville-la-Poterie
ind_atmo_2021.fid-3d3c9ea3_19f17b50f06_-2025,2026-06-29T14:04:11.891Z,POINT (131821.38692352377 6354572.113710045),1,2,1,1,2,0,76536,#50CCAA,2026-06-29T08:32:31Z,2026-06-30,2154,Moyen,Roncherolles-sur-le-Vivier,Atmo Normandie,commune,568340.2,1.1842,6931310,49.4676,Rouen,Roncherolles-sur-le-Vivier
ind_atmo_2021.fid-3d3c9ea3_19f17b50f06_-2022,2026-06-29T14:04:11.891Z,POINT (122458.13076577621 6350452.407267188),1,2,1,1,2,0,76540,#50CCAA,2026-06-29T08:32:31Z,2026-06-30,2154,Moyen,Rouen,Atmo Normandie,commune,562178.3,1.1001,6928777.5,49.4435,Rouen,Rouen
ind_atmo_2021.fid-3d3c9ea3_19f17b50f06_-2018,2026-06-29T14:04:11.891Z,POINT (104999.98526627236 6335930.739783264),1,2,1,1,2,0,76550,#50CCAA,2026-06-29T08:32:31Z,2026-06-30,2154,Moyen,Sahurs,Atmo Normandie,commune,550558.4,0.9432,6919621,49.3586,Rouen,Sahurs
ind_atmo_2021.fid-3d3c9ea3_19f17b50f06_-2010,2026-06-29T14:04:11.891Z,POINT (128742.42508320704 6337098.7620831765),1,2,1,1,2,0,76558,#50CCAA,2026-06-29T08:32:31Z,2026-06-30,2154,Moyen,Saint-Aubin-Celloville,Atmo Normandie,commune,566069.9,1.1565,6919998.5,49.3654,Rouen,Saint-Aubin-Celloville
ind_atmo_2021.fid-3d3c9ea3_19f17b50f06_-200e,2026-06-29T14:04:11.891Z,POINT (131223.06672737727 6346687.765384978),1,2,1,1,2,0,76560,#50CCAA,2026-06-29T08:32:31Z,2026-06-30,2154,Moyen,Saint-Aubin-Épinay,Atmo Normandie,commune,567832.4,1.1788,6926196.5,49.4215,Rouen,Saint-Aubin-Épinay
ind_atmo_2021.fid-3d3c9ea3_19f17b50f06_-200d,2026-06-29T14:04:11.891Z,POINT (112803.01870034229 6325765.042051431),1,2,1,1,2,0,76561,#50CCAA,2026-06-29T08:32:31Z,2026-06-30,2154,Moyen,Saint-Aubin-lès-Elbeuf,Atmo Normandie,commune,555483.8,1.0133,6912872,49.2991,Rouen,Saint-Aubin-lès-Elbeuf
ind_atmo_2021.fid-3d3c9ea3_19f17b50f06_-1fff,2026-06-29T14:04:11.891Z,POINT (123374.81726062157 6339555.671007789),1,2,1,1,2,0,76575,#50CCAA,2026-06-29T08:32:31Z,2026-06-30,2154,Moyen,Saint-Étienne-du-Rouvray,Atmo Normandie,commune,562605.8,1.1083,6921679.5,49.3798,Rouen,Saint-Étienne-du-Rouvray
ind_atmo_2021.fid-3d3c9ea3_19f17b50f06_-1ff0,2026-06-29T14:04:11.891Z,POINT (133831.3518179561 6349904.355367165),1,2,1,1,2,0,76591,#50CCAA,2026-06-29T08:32:31Z,2026-06-30,2154,Moyen,Saint-Jacques-sur-Darnétal,Atmo Normandie,commune,569580.1,1.2022,6928248,49.4403,Rouen,Saint-Jacques-sur-Darnétal
ind_atmo_2021.fid-3d3c9ea3_19f17b50f06_-1fe8,2026-06-29T14:04:11.891Z,POINT (128829.59583956178 6348617.665789582),1,2,1,1,2,0,76599,#50CCAA,2026-06-29T08:32:31Z,2026-06-30,2154,Moyen,Saint-Léger-du-Bourg-Denis,Atmo Normandie,commune,566301.6,1.1573,6927487,49.4328,Rouen,Saint-Léger-du-Bourg-Denis
ind_atmo_2021.fid-3d3c9ea3_19f17b50f06_-1fe0,2026-06-29T14:04:11.891Z,POINT (93716.15322745866 6361771.443554734),1,2,1,1,2,0,76608,#50CCAA,2026-06-29T08:32:31Z,2026-06-30,2154,Moyen,Sainte-Marguerite-sur-Duclair,Atmo Normandie,commune,543654.2,0.8419,6936607,49.5096,Rouen,Sainte-Marguerite-sur-Duclair
ind_atmo_2021.fid-3d3c9ea3_19f17b50f06_-1fda,2026-06-29T14:04:11.891Z,POINT (107117.60349679332 6350680.770840697),1,2,1,1,2,0,76614,#50CCAA,2026-06-29T08:32:31Z,2026-06-30,2154,Moyen,Saint-Martin-de-Boscherville,Atmo Normandie,commune,552187.8,0.9623,6929175,49.4448,Rouen,Saint-Martin-de-Boscherville
ind_atmo_2021.fid-3d3c9ea3_19f17b50f06_-1fd7,2026-06-29T14:04:11.891Z,POINT (129266.70586643147 6354569.793887969),1,2,1,1,2,0,76617,#50CCAA,2026-06-29T08:32:31Z,2026-06-30,2154,Moyen,Saint-Martin-du-Vivier,Atmo Normandie,commune,566676.5,1.1612,6931347,49.4675,Rouen,Saint-Martin-du-Vivier
ind_atmo_2021.fid-3d3c9ea3_19f17b50f06_-1fca,2026-06-29T14:04:11.891Z,POINT (98144.013098766 6362967.3421447035),1,2,1,1,2,0,76631,#50CCAA,2026-06-29T08:32:31Z,2026-06-30,2154,Moyen,Saint-Paër,Atmo Normandie,commune,546555.9,0.8816,6937305,49.5165,Rouen,Saint-Paër
ind_atmo_2021.fid-3d3c9ea3_19f17b50f06_-1fc8,2026-06-29T14:04:11.891Z,POINT (103697.27118120734 6341521.618590421),1,2,1,1,2,0,76634,#50CCAA,2026-06-29T08:32:31Z,2026-06-30,2154,Moyen,Saint-Pierre-de-Manneville,Atmo Normandie,commune,549803.6,0.9315,6923280,49.3913,Rouen,Saint-Pierre-de-Manneville
ind_atmo_2021.fid-3d3c9ea3_19f17b50f06_-1fc6,2026-06-29T14:04:11.891Z,POINT (103622.01488818375 6360538.5727906935),1,2,1,1,2,0,76636,#50CCAA,2026-06-29T08:32:31Z,2026-06-30,2154,Moyen,Saint-Pierre-de-Varengeville,Atmo Normandie,commune,550078.3,0.9309,6935634.5,49.5024,Rouen,Saint-Pierre-de-Varengeville
ind_atmo_2021.fid-3d3c9ea3_19f17b50f06_-1fc3,2026-06-29T14:04:11.891Z,POINT (115843.95346113147 6321967.239741183),1,2,1,1,2,0,76640,#50CCAA,2026-06-29T08:32:31Z,2026-06-30,2154,Moyen,Saint-Pierre-lès-Elbeuf,Atmo Normandie,commune,557409.1,1.0406,6910348,49.2768,Rouen,Saint-Pierre-lès-Elbeuf
ind_atmo_2021.fid-3d3c9ea3_19f17b50f06_-1f9e,2026-06-29T14:04:11.891Z,POINT (121221.08762175372 6345439.729954188),1,2,1,1,2,0,76681,#50CCAA,2026-06-29T08:32:31Z,2026-06-30,2154,Moyen,Sotteville-lès-Rouen,Atmo Normandie,commune,561293.5,1.0889,6925539.5,49.4142,Rouen,Sotteville-lès-Rouen
ind_atmo_2021.fid-3d3c9ea3_19f17b50f06_-1f9d,2026-06-29T14:04:11.891Z,POINT (125211.22807220054 6329378.459111574),1,2,1,1,2,0,76682,#50CCAA,2026-06-29T08:32:31Z,2026-06-30,2154,Moyen,Sotteville-sous-le-Val,Atmo Normandie,commune,563646.4,1.1248,6915027.5,49.3203,Rouen,Sotteville-sous-le-Val
ind_atmo_2021.fid-3d3c9ea3_19f17b50f06_-1f8a,2026-06-29T14:04:11.891Z,POINT (123054.8440691137 6330753.052245245),1,2,1,1,2,0,76705,#50CCAA,2026-06-29T08:32:31Z,2026-06-30,2154,Moyen,Tourville-la-Rivière,Atmo Normandie,commune,562259.6,1.1054,6915956,49.3283,Rouen,Tourville-la-Rivière
ind_atmo_2021.fid-3d3c9ea3_19f17b50f06_-1f86,2026-06-29T14:04:11.891Z,POINT (89491.81171973971 6357795.734761588),1,2,1,1,2,0,76709,#50CCAA,2026-06-29T08:32:31Z,2026-06-30,2154,Moyen,Le Trait,Atmo Normandie,commune,540834,0.8039,6934103,49.4864,Rouen,Le Trait
ind_atmo_2021.fid-3d3c9ea3_19f17b50f06_-1f7f,2026-06-29T14:04:11.891Z,POINT (111583.74915531912 6339222.886513428),1,2,1,1,2,0,76717,#50CCAA,2026-06-29T08:32:31Z,2026-06-30,2154,Moyen,Val-de-la-Haye,Atmo Normandie,commune,554908.9,1.0024,6921652.5,49.3779,Rouen,Val-de-la-Haye
ind_atmo_2021.fid-3d3c9ea3_19f17b50f06_-1f61,2026-06-29T14:04:11.891Z,POINT (92488.28198844148 6352015.048515251),1,2,1,1,2,0,76750,#50CCAA,2026-06-29T08:32:31Z,2026-06-30,2154,Moyen,Yainville,Atmo Normandie,commune,542681.3,0.8308,6930296,49.4526,Rouen,Yainville
ind_atmo_2021.fid-3d3c9ea3_19f17b50f06_-1f5e,2026-06-29T14:04:11.891Z,POINT (130897.35357204927 6334457.143646472),1,2,1,1,2,0,76753,#50CCAA,2026-06-29T08:32:31Z,2026-06-30,2154,Moyen,Ymare,Atmo Normandie,commune,567436.3,1.1759,6918247,49.35,Rouen,Ymare
ind_atmo_2021.fid-3d3c9ea3_19f17b50f06_-1f58,2026-06-29T14:04:11.891Z,POINT (98136.36511964115 6342968.57096706),1,2,1,1,2,0,76759,#50CCAA,2026-06-29T08:32:31Z,2026-06-30,2154,Moyen,Yville-sur-Seine,Atmo Normandie,commune,546202.4,0.8816,6924317,49.3998,Rouen,Yville-sur-Seine
ind_atmo_2021.fid-3d3c9ea3_19f17b50f06_-17bc,2026-06-29T14:04:11.891Z,POINT (124910.92619232257 6344149.767199912),1,2,1,1,2,0,76005,#50CCAA,2026-06-29T08:32:31Z,2026-07-01,2154,Moyen,Amfreville-la-Mi-Voie,Atmo Normandie,commune,563678.9,1.1221,6924643.5,49.4067,Rouen,Amfreville-la-Mi-Voie
ind_atmo_2021.fid-3d3c9ea3_19f17b50f06_-17ad,2026-06-29T14:04:11.891Z,POINT (98537.6122996395 6353647.08132932),1,2,1,1,2,0,76020,#50CCAA,2026-06-29T08:32:31Z,2026-07-01,2154,Moyen,Anneville-Ambourville,Atmo Normandie,commune,546649.9,0.8852,6931249,49.4622,Rouen,Anneville-Ambourville
ind_atmo_2021.fid-3d3c9ea3_19f17b50f06_-179d,2026-06-29T14:04:11.891Z,POINT (126153.36067560413 6332848.017223117),1,2,1,1,2,0,76039,#50CCAA,2026-06-29T08:32:31Z,2026-07-01,2154,Moyen,Les Authieux-sur-le-Port-Saint-Ouen,Atmo Normandie,commune,564315.1,1.1333,6917272,49.3406,Rouen,Les Authieux-sur-le-Port-Saint-Ouen
ind_atmo_2021.fid-3d3c9ea3_19f17b50f06_-178d,2026-06-29T14:04:11.891Z,POINT (103297.01365202977 6349125.221961483),1,2,1,1,2,0,76056,#50CCAA,2026-06-29T08:32:31Z,2026-07-01,2154,Moyen,Bardouville,Atmo Normandie,commune,549672.3,0.9279,6928229.5,49.4357,Rouen,Bardouville
ind_atmo_2021.fid-3d3c9ea3_19f17b50f06_-1781,2026-06-29T14:04:11.891Z,POINT (126802.35022654352 6340999.885439564),1,2,1,1,2,0,76069,#50CCAA,2026-06-29T08:32:31Z,2026-07-01,2154,Moyen,Belbeuf,Atmo Normandie,commune,564863.8,1.1391,6922566,49.3883,Rouen,Belbeuf
ind_atmo_2021.fid-3d3c9ea3_19f17b50f06_-1772,2026-06-29T14:04:11.891Z,POINT (100370.43486178346 6355385.586874072),1,2,1,1,2,0,76088,#50CCAA,2026-06-29T08:32:31Z,2026-07-01,2154,Moyen,Berville-sur-Seine,Atmo Normandie,commune,547873.5,0.9016,6932346,49.4723,Rouen,Berville-sur-Seine
ind_atmo_2021.fid-3d3c9ea3_19f17b50f06_-176c,2026-06-29T14:04:11.891Z,POINT (124263.92493732591 6352323.404746357),1,2,1,1,2,0,76095,#50CCAA,2026-06-29T08:32:31Z,2026-07-01,2154,Moyen,Bihorel,Atmo Normandie,commune,563383.8,1.1163,6929965,49.4544,Rouen,Bihorel
ind_atmo_2021.fid-3d3c9ea3_19f17b50f06_-1766,2026-06-29T14:04:11.891Z,POINT (125412.02575735385 6346820.198149597),1,2,1,1,2,0,76103,#50CCAA,2026-06-29T08:32:31Z,2026-07-01,2154,Moyen,Bonsecours,Atmo Normandie,commune,564046.8,1.1266,6926371.5,49.4223,Rouen,Bonsecours
ind_atmo_2021.fid-3d3c9ea3_19f17b50f06_-1761,2026-06-29T14:04:11.891Z,POINT (124620.5572982979 6355044.778930995),1,2,1,1,2,0,76108,#50CCAA,2026-06-29T08:32:31Z,2026-07-01,2154,Moyen,Bois-Guillaume,Atmo Normandie,commune,563658.2,1.1195,6931726.5,49.4703,Rouen,Bois-Guillaume
ind_atmo_2021.fid-3d3c9ea3_19f17b50f06_-1759,2026-06-29T14:04:11.891Z,POINT (133679.9305484156 6341166.52860537),1,2,1,1,2,0,76116,#50CCAA,2026-06-29T08:32:31Z,2026-07-01,2154,Moyen,Boos,Atmo Normandie,commune,569352,1.2009,6922570.5,49.3892,Rouen,Boos
ind_atmo_2021.fid-3d3c9ea3_19f17b50f06_-174b,2026-06-29T14:04:11.891Z,POINT (103695.59470411242 6334645.370150662),1,2,1,1,2,0,76131,#50CCAA,2026-06-29T08:32:31Z,2026-07-01,2154,Moyen,La Bouille,Atmo Normandie,commune,549685.3,0.9315,6918807,49.3511,Rouen,La Bouille
ind_atmo_2021.fid-3d3c9ea3_19f17b50f06_-1734,2026-06-29T14:04:11.891Z,POINT (115336.42571631838 6351766.380077963),1,2,1,1,2,0,76157,#50CCAA,2026-06-29T08:32:31Z,2026-07-01,2154,Moyen,Canteleu,Atmo Normandie,commune,557559.7,1.0361,6929744.5,49.4512,Rouen,Canteleu
ind_atmo_2021.fid-3d3c9ea3_19f17b50f06_-172c,2026-06-29T14:04:11.891Z,POINT (113335.26943277413 6323048.681795843),1,2,1,1,2,0,76165,#50CCAA,2026-06-29T08:32:31Z,2026-07-01,2154,Moyen,Caudebec-lès-Elbeuf,Atmo Normandie,commune,555787.1,1.0181,6911093.5,49.2832,Rouen,Caudebec-lès-Elbeuf
ind_atmo_2021.fid-3d3c9ea3_19f17b50f06_-171f,2026-06-29T14:04:11.891Z,POINT (114953.2639864315 6328290.472861627),1,2,1,1,2,0,76178,#50CCAA,2026-06-29T08:32:31Z,2026-07-01,2154,Moyen,Cléon,Atmo Normandie,commune,556929.6,1.0326,6914482,49.3139,Rouen,Cléon
ind_atmo_2021.fid-3d3c9ea3_19f17b50f06_-16fe,2026-06-29T14:04:11.891Z,POINT (127446.25838984917 6349905.512904681),1,2,1,1,2,0,76212,#50CCAA,2026-06-29T08:32:31Z,2026-07-01,2154,Moyen,Darnétal,Atmo Normandie,commune,565419.8,1.1449,6928345,49.4403,Rouen,Darnétal
ind_atmo_2021.fid-3d3c9ea3_19f17b50f06_-16fb,2026-06-29T14:04:11.891Z,POINT (116841.96740840744 6354931.592468936),1,2,1,1,2,0,76216,#50CCAA,2026-06-29T08:32:31Z,2026-07-01,2154,Moyen,Déville-lès-Rouen,Atmo Normandie,commune,558591.2,1.0496,6931776,49.4697,Rouen,Déville-lès-Rouen
ind_atmo_2021.fid-3d3c9ea3_19f17b50f06_-16f5,2026-06-29T14:04:11.891Z,POINT (97456.37198133566 6357105.965621759),1,2,1,1,2,0,76222,#50CCAA,2026-06-29T08:32:31Z,2026-07-01,2154,Moyen,Duclair,Atmo Normandie,commune,546006.2,0.8755,6933513.5,49.4823,Rouen,Duclair
ind_atmo_2021.fid-3d3c9ea3_19f17b50f06_-16ec,2026-06-29T14:04:11.891Z,POINT (112112.90959801107 6324564.940000304),1,2,1,1,2,0,76231,#50CCAA,2026-06-29T08:32:31Z,2026-07-01,2154,Moyen,Elbeuf,Atmo Normandie,commune,555013.2,1.0071,6912101.5,49.2921,Rouen,Elbeuf
ind_atmo_2021.fid-3d3c9ea3_19f17b50f06_-16e6,2026-06-29T14:04:11.891Z,POINT (92944.69146288812 6364302.500371301),1,2,1,1,2,0,76237,#50CCAA,2026-06-29T08:32:31Z,2026-07-01,2154,Moyen,Épinay-sur-Duclair,Atmo Normandie,commune,543197.3,0.8349,6938262.5,49.5243,Rouen,Épinay-sur-Duclair
ind_atmo_2021.fid-3d3c9ea3_19f17b50f06_-16c6,2026-06-29T14:04:11.891Z,POINT (129880.45749118504 6357011.401089312),1,2,1,1,2,0,76273,#50CCAA,2026-06-29T08:32:31Z,2026-07-01,2154,Moyen,Fontaine-sous-Préaux,Atmo Normandie,commune,567113,1.1667,6932923,49.4818,Rouen,Fontaine-sous-Préaux
ind_atmo_2021.fid-3d3c9ea3_19f17b50f06_-16be,2026-06-29T14:04:11.891Z,POINT (119190.56890059233 6327620.435663363),1,2,1,1,2,0,76282,#50CCAA,2026-06-29T08:32:31Z,2026-07-01,2154,Moyen,Freneuse,Atmo Normandie,commune,559686.5,1.0707,6913977,49.31,Rouen,Freneuse
ind_atmo_2021.fid-3d3c9ea3_19f17b50f06_-16a1,2026-06-29T14:04:11.891Z,POINT (127768.05467581732 6335224.555031814),1,2,1,1,2,0,76313,#50CCAA,2026-06-29T08:32:31Z,2026-07-01,2154,Moyen,Gouy,Atmo Normandie,commune,565405.5,1.1478,6918794,49.3545,Rouen,Gouy
ind_atmo_2021.fid-3d3c9ea3_19f17b50f06_-169b,2026-06-29T14:04:11.891Z,POINT (112227.23255786934 6335825.982165071),1,2,1,1,2,0,76319,#50CCAA,2026-06-29T08:32:31Z,2026-07-01,2154,Moyen,Grand-Couronne,Atmo Normandie,commune,555272.9,1.0082,6919432,49.358,Rouen,Grand-Couronne
ind_atmo_2021.fid-3d3c9ea3_19f17b50f06_-1698,2026-06-29T14:04:11.891Z,POINT (117168.5103351205 6344135.313187972),1,2,1,1,2,0,76322,#50CCAA,2026-06-29T08:32:31Z,2026-07-01,2154,Moyen,Le Grand-Quevilly,Atmo Normandie,commune,558630.8,1.0525,6924756,49.4066,Rouen,Le Grand-Quevilly
ind_atmo_2021.fid-3d3c9ea3_19f17b50f06_-167e,2026-06-29T14:04:11.891Z,POINT (108951.87673368766 6336444.6727985265),1,2,1,1,2,0,76350,#50CCAA,2026-06-29T08:32:31Z,2026-07-01,2154,Moyen,Hautot-sur-Seine,Atmo Normandie,commune,553145.8,0.9787,6919889,49.3616,Rouen,Hautot-sur-Seine
ind_atmo_2021.fid-3d3c9ea3_19f17b50f06_-167a,2026-06-29T14:04:11.891Z,POINT (106717.90214099064 6355986.220960762),1,2,1,1,2,0,76354,#50CCAA,2026-06-29T08:32:31Z,2026-07-01,2154,Moyen,Hénouville,Atmo Normandie,commune,552016.5,0.9587,6932627.5,49.4758,Rouen,Hénouville
ind_atmo_2021.fid-3d3c9ea3_19f17b50f06_-166e,2026-06-29T14:04:11.891Z,POINT (115661.75486231474 6361364.583187417),1,2,1,1,2,0,76366,#50CCAA,2026-06-29T08:32:31Z,2026-07-01,2154,Moyen,Le Houlme,Atmo Normandie,commune,557926.4,1.039,6935970.5,49.5072,Rouen,Le Houlme
ind_atmo_2021.fid-3d3c9ea3_19f17b50f06_-166d,2026-06-29T14:04:11.891Z,POINT (120348.76188020063 6361851.055104254),1,2,1,1,2,0,76367,#50CCAA,2026-06-29T08:32:31Z,2026-07-01,2154,Moyen,Houppeville,Atmo Normandie,commune,560983.9,1.0811,6936211.5,49.51,Rouen,Houppeville
ind_atmo_2021.fid-3d3c9ea3_19f17b50f06_-1664,2026-06-29T14:04:11.891Z,POINT (126996.78808850348 6359882.057352055),1,2,1,1,2,0,76377,#50CCAA,2026-06-29T08:32:31Z,2026-07-01,2154,Moyen,Isneauville,Atmo Normandie,commune,565279.5,1.1408,6934830,49.4986,Rouen,Isneauville
ind_atmo_2021.fid-3d3c9ea3_19f17b50f06_-1663,2026-06-29T14:04:11.891Z,POINT (91188.55932409548 6348652.688275764),1,2,1,1,2,0,76378,#50CCAA,2026-06-29T08:32:31Z,2026-07-01,2154,Moyen,Jumièges,Atmo Normandie,commune,541774.4,0.8192,6928135,49.433,Rouen,Jumièges
ind_atmo_2021.fid-3d3c9ea3_19f17b50f06_-1656,2026-06-29T14:04:11.891Z,POINT (106141.17678173867 6327132.151603682),1,2,1,1,2,0,76391,#50CCAA,2026-06-29T08:32:31Z,2026-07-01,2154,Moyen,La Londe,Atmo Normandie,commune,551154.6,0.9535,6913874,49.3071,Rouen,La Londe
ind_atmo_2021.fid-3d3c9ea3_19f17b50f06_-164b,2026-06-29T14:04:11.891Z,POINT (115823.68869200053 6364185.891691024),1,2,1,1,2,0,76402,#50CCAA,2026-06-29T08:32:31Z,2026-07-01,2154,Moyen,Malaunay,Atmo Normandie,commune,558077.2,1.0405,6937798.5,49.5237,Rouen,Malaunay
ind_atmo_2021.fid-3d3c9ea3_19f17b50f06_-1643,2026-06-29T14:04:11.891Z,POINT (115706.39673880395 6356906.927306862),1,2,1,1,2,0,76410,#50CCAA,2026-06-29T08:32:31Z,2026-07-01,2154,Moyen,Maromme,Atmo Normandie,commune,557883.6,1.0394,6933077,49.4812,Rouen,Maromme
ind_atmo_2021.fid-3d3c9ea3_19f17b50f06_-1630,2026-06-29T14:04:11.891Z,POINT (126748.4590406001 6345060.357133968),1,2,1,1,2,0,76429,#50CCAA,2026-06-29T08:32:31Z,2026-07-01,2154,Moyen,Le Mesnil-Esnard,Atmo Normandie,commune,564890.9,1.1386,6925207,49.412,Rouen,Le Mesnil-Esnard
ind_atmo_2021.fid-3d3c9ea3_19f17b50f06_-1629,2026-06-29T14:04:11.891Z,POINT (95511.7314528768 6345043.878701742),1,2,1,1,2,0,76436,#50CCAA,2026-06-29T08:32:31Z,2026-07-01,2154,Moyen,Le Mesnil-sous-Jumièges,Atmo Normandie,commune,544527.7,0.858,6925712.5,49.4119,Rouen,Le Mesnil-sous-Jumièges
ind_atmo_2021.fid-3d3c9ea3_19f17b50f06_-161e,2026-06-29T14:04:11.891Z,POINT (138083.0344270819 6344395.630076478),1,2,1,1,2,0,76448,#50CCAA,2026-06-29T08:32:31Z,2026-07-01,2154,Moyen,Montmain,Atmo Normandie,commune,572270.6,1.2404,6924605.5,49.4081,Rouen,Montmain
ind_atmo_2021.fid-3d3c9ea3_19f17b50f06_-161b,2026-06-29T14:04:11.891Z,POINT (120199.4075555959 6353217.211896343),1,2,1,1,2,0,76451,#50CCAA,2026-06-29T08:32:31Z,2026-07-01,2154,Moyen,Mont-Saint-Aignan,Atmo Normandie,commune,560750.4,1.0798,6930609,49.4597,Rouen,Mont-Saint-Aignan
ind_atmo_2021.fid-3d3c9ea3_19f17b50f06_-1615,2026-06-29T14:04:11.891Z,POINT (107527.09101100473 6333140.98785956),1,2,1,1,2,0,76457,#50CCAA,2026-06-29T08:32:31Z,2026-07-01,2154,Moyen,Moulineaux,Atmo Normandie,commune,552160.7,0.9659,6917763,49.3423,Rouen,Moulineaux
ind_atmo_2021.fid-3d3c9ea3_19f17b50f06_-160e,2026-06-29T14:04:11.891Z,POINT (138453.8779808153 6337526.28443577),1,2,1,1,2,0,76464,#50CCAA,2026-06-29T08:32:31Z,2026-07-01,2154,Moyen,La Neuville-Chant-d'Oisel,Atmo Normandie,commune,572413,1.2438,6920132,49.3679,Rouen,La Neuville-Chant-d'Oisel
ind_atmo_2021.fid-3d3c9ea3_19f17b50f06_-1605,2026-06-29T14:04:11.891Z,POINT (116708.8022314381 6358116.491709197),1,2,1,1,2,0,76474,#50CCAA,2026-06-29T08:32:31Z,2026-07-01,2154,Moyen,Notre-Dame-de-Bondeville,Atmo Normandie,commune,558555.6,1.0484,6933846,49.4882,Rouen,Notre-Dame-de-Bondeville
ind_atmo_2021.fid-3d3c9ea3_19f17b50f06_-1604,2026-06-29T14:04:11.891Z,POINT (130546.15212944277 6343511.950339928),1,2,1,1,2,0,76475,#50CCAA,2026-06-29T08:32:31Z,2026-07-01,2154,Moyen,Franqueville-Saint-Pierre,Atmo Normandie,commune,567343.4,1.1727,6924142.5,49.4029,Rouen,Franqueville-Saint-Pierre
ind_atmo_2021.fid-3d3c9ea3_19f17b50f06_-15fb,2026-06-29T14:04:11.891Z,POINT (121300.71199566413 6332701.493034345),1,2,1,1,2,0,76484,#50CCAA,2026-06-29T08:32:31Z,2026-07-01,2154,Moyen,Oissel,Atmo Normandie,commune,561144.9,1.0897,6917252,49.3397,Rouen,Oissel
ind_atmo_2021.fid-3d3c9ea3_19f17b50f06_-15f9,2026-06-29T14:04:11.891Z,POINT (110883.88250204787 6327646.59624688),1,2,1,1,2,0,76486,#50CCAA,2026-06-29T08:32:31Z,2026-07-01,2154,Moyen,Orival,Atmo Normandie,commune,554261.1,0.9961,6914129.5,49.3101,Rouen,Orival
ind_atmo_2021.fid-3d3c9ea3_19f17b50f06_-15ef,2026-06-29T14:04:11.891Z,POINT (113630.3761066689 6340494.409970655),1,2,1,1,2,0,76497,#50CCAA,2026-06-29T08:32:31Z,2026-07-01,2154,Moyen,Petit-Couronne,Atmo Normandie,commune,556264.7,1.0208,6922446,49.3853,Rouen,Petit-Couronne
ind_atmo_2021.fid-3d3c9ea3_19f17b50f06_-15ee,2026-06-29T14:04:11.891Z,POINT (117185.70859747265 6348188.871807361),1,2,1,1,2,0,76498,#50CCAA,2026-06-29T08:32:31Z,2026-07-01,2154,Moyen,Le Petit-Quevilly,Atmo Normandie,commune,558707,1.0527,6927390.5,49.4303,Rouen,Le Petit-Quevilly
ind_atmo_2021.fid-3d3c9ea3_19f17b50f06_-15df,2026-06-29T14:04:11.891Z,POINT (106098.33286433145 6346212.509949037),1,2,1,1,2,0,76513,#50CCAA,2026-06-29T08:32:31Z,2026-07-01,2154,Moyen,Quevillon,Atmo Normandie,commune,551448.5,0.9531,6926289,49.4187,Rouen,Quevillon
ind_atmo_2021.fid-3d3c9ea3_19f17b50f06_-15de,2026-06-29T14:04:11.891Z,POINT (132454.96941142078 6335263.048160565),1,2,1,1,2,0,76514,#50CCAA,2026-06-29T08:32:31Z,2026-07-01,2154,Moyen,Quévreville-la-Poterie,Atmo Normandie,commune,568465,1.1899,6918748,49.3547,Rouen,Quévreville-la-Poterie
ind_atmo_2021.fid-3d3c9ea3_19f17b50f06_-15c9,2026-06-29T14:04:11.891Z,POINT (131821.38692352377 6354572.113710045),1,2,1,1,2,0,76536,#50CCAA,2026-06-29T08:32:31Z,2026-07-01,2154,Moyen,Roncherolles-sur-le-Vivier,Atmo Normandie,commune,568340.2,1.1842,6931310,49.4676,Rouen,Roncherolles-sur-le-Vivier
ind_atmo_2021.fid-3d3c9ea3_19f17b50f06_-15c6,2026-06-29T14:04:11.891Z,POINT (122458.13076577621 6350452.407267188),1,2,1,1,2,0,76540,#50CCAA,2026-06-29T08:32:31Z,2026-07-01,2154,Moyen,Rouen,Atmo Normandie,commune,562178.3,1.1001,6928777.5,49.4435,Rouen,Rouen
ind_atmo_2021.fid-3d3c9ea3_19f17b50f06_-15bc,2026-06-29T14:04:11.891Z,POINT (104999.98526627236 6335930.739783264),1,2,1,1,2,0,76550,#50CCAA,2026-06-29T08:32:31Z,2026-07-01,2154,Moyen,Sahurs,Atmo Normandie,commune,550558.4,0.9432,6919621,49.3586,Rouen,Sahurs
ind_atmo_2021.fid-3d3c9ea3_19f17b50f06_-15b4,2026-06-29T14:04:11.891Z,POINT (128742.42508320704 6337098.7620831765),1,2,1,1,2,0,76558,#50CCAA,2026-06-29T08:32:31Z,2026-07-01,2154,Moyen,Saint-Aubin-Celloville,Atmo Normandie,commune,566069.9,1.1565,6919998.5,49.3654,Rouen,Saint-Aubin-Celloville
ind_atmo_2021.fid-3d3c9ea3_19f17b50f06_-15b2,2026-06-29T14:04:11.891Z,POINT (131223.06672737727 6346687.765384978),1,2,1,1,2,0,76560,#50CCAA,2026-06-29T08:32:31Z,2026-07-01,2154,Moyen,Saint-Aubin-Épinay,Atmo Normandie,commune,567832.4,1.1788,6926196.5,49.4215,Rouen,Saint-Aubin-Épinay
ind_atmo_2021.fid-3d3c9ea3_19f17b50f06_-15b1,2026-06-29T14:04:11.891Z,POINT (112803.01870034229 6325765.042051431),1,2,1,1,2,0,76561,#50CCAA,2026-06-29T08:32:31Z,2026-07-01,2154,Moyen,Saint-Aubin-lès-Elbeuf,Atmo Normandie,commune,555483.8,1.0133,6912872,49.2991,Rouen,Saint-Aubin-lès-Elbeuf
ind_atmo_2021.fid-3d3c9ea3_19f17b50f06_-15a3,2026-06-29T14:04:11.891Z,POINT (123374.81726062157 6339555.671007789),1,2,1,1,2,0,76575,#50CCAA,2026-06-29T08:32:31Z,2026-07-01,2154,Moyen,Saint-Étienne-du-Rouvray,Atmo Normandie,commune,562605.8,1.1083,6921679.5,49.3798,Rouen,Saint-Étienne-du-Rouvray
ind_atmo_2021.fid-3d3c9ea3_19f17b50f06_-1594,2026-06-29T14:04:11.891Z,POINT (133831.3518179561 6349904.355367165),1,2,1,1,2,0,76591,#50CCAA,2026-06-29T08:32:31Z,2026-07-01,2154,Moyen,Saint-Jacques-sur-Darnétal,Atmo Normandie,commune,569580.1,1.2022,6928248,49.4403,Rouen,Saint-Jacques-sur-Darnétal
ind_atmo_2021.fid-3d3c9ea3_19f17b50f06_-158c,2026-06-29T14:04:11.891Z,POINT (128829.59583956178 6348617.665789582),1,2,1,1,2,0,76599,#50CCAA,2026-06-29T08:32:31Z,2026-07-01,2154,Moyen,Saint-Léger-du-Bourg-Denis,Atmo Normandie,commune,566301.6,1.1573,6927487,49.4328,Rouen,Saint-Léger-du-Bourg-Denis
ind_atmo_2021.fid-3d3c9ea3_19f17b50f06_-1584,2026-06-29T14:04:11.891Z,POINT (93716.15322745866 6361771.443554734),1,2,1,1,2,0,76608,#50CCAA,2026-06-29T08:32:31Z,2026-07-01,2154,Moyen,Sainte-Marguerite-sur-Duclair,Atmo Normandie,commune,543654.2,0.8419,6936607,49.5096,Rouen,Sainte-Marguerite-sur-Duclair
ind_atmo_2021.fid-3d3c9ea3_19f17b50f06_-157e,2026-06-29T14:04:11.891Z,POINT (107117.60349679332 6350680.770840697),1,2,1,1,2,0,76614,#50CCAA,2026-06-29T08:32:31Z,2026-07-01,2154,Moyen,Saint-Martin-de-Boscherville,Atmo Normandie,commune,552187.8,0.9623,6929175,49.4448,Rouen,Saint-Martin-de-Boscherville
ind_atmo_2021.fid-3d3c9ea3_19f17b50f06_-157b,2026-06-29T14:04:11.891Z,POINT (129266.70586643147 6354569.793887969),1,2,1,1,2,0,76617,#50CCAA,2026-06-29T08:32:31Z,2026-07-01,2154,Moyen,Saint-Martin-du-Vivier,Atmo Normandie,commune,566676.5,1.1612,6931347,49.4675,Rouen,Saint-Martin-du-Vivier
ind_atmo_2021.fid-3d3c9ea3_19f17b50f06_-156e,2026-06-29T14:04:11.891Z,POINT (98144.013098766 6362967.3421447035),1,2,1,1,2,0,76631,#50CCAA,2026-06-29T08:32:31Z,2026-07-01,2154,Moyen,Saint-Paër,Atmo Normandie,commune,546555.9,0.8816,6937305,49.5165,Rouen,Saint-Paër
ind_atmo_2021.fid-3d3c9ea3_19f17b50f06_-156c,2026-06-29T14:04:11.891Z,POINT (103697.27118120734 6341521.618590421),1,2,1,1,2,0,76634,#50CCAA,2026-06-29T08:32:31Z,2026-07-01,2154,Moyen,Saint-Pierre-de-Manneville,Atmo Normandie,commune,549803.6,0.9315,6923280,49.3913,Rouen,Saint-Pierre-de-Manneville
ind_atmo_2021.fid-3d3c9ea3_19f17b50f06_-156a,2026-06-29T14:04:11.891Z,POINT (103622.01488818375 6360538.5727906935),1,2,1,1,2,0,76636,#50CCAA,2026-06-29T08:32:31Z,2026-07-01,2154,Moyen,Saint-Pierre-de-Varengeville,Atmo Normandie,commune,550078.3,0.9309,6935634.5,49.5024,Rouen,Saint-Pierre-de-Varengeville
ind_atmo_2021.fid-3d3c9ea3_19f17b50f06_-1567,2026-06-29T14:04:11.891Z,POINT (115843.95346113147 6321967.239741183),1,2,1,1,2,0,76640,#50CCAA,2026-06-29T08:32:31Z,2026-07-01,2154,Moyen,Saint-Pierre-lès-Elbeuf,Atmo Normandie,commune,557409.1,1.0406,6910348,49.2768,Rouen,Saint-Pierre-lès-Elbeuf
ind_atmo_2021.fid-3d3c9ea3_19f17b50f06_-1542,2026-06-29T14:04:11.891Z,POINT (121221.08762175372 6345439.729954188),1,2,1,1,2,0,76681,#50CCAA,2026-06-29T08:32:31Z,2026-07-01,2154,Moyen,Sotteville-lès-Rouen,Atmo Normandie,commune,561293.5,1.0889,6925539.5,49.4142,Rouen,Sotteville-lès-Rouen
ind_atmo_2021.fid-3d3c9ea3_19f17b50f06_-1541,2026-06-29T14:04:11.891Z,POINT (125211.22807220054 6329378.459111574),1,2,1,1,2,0,76682,#50CCAA,2026-06-29T08:32:31Z,2026-07-01,2154,Moyen,Sotteville-sous-le-Val,Atmo Normandie,commune,563646.4,1.1248,6915027.5,49.3203,Rouen,Sotteville-sous-le-Val
ind_atmo_2021.fid-3d3c9ea3_19f17b50f06_-152e,2026-06-29T14:04:11.891Z,POINT (123054.8440691137 6330753.052245245),1,2,1,1,2,0,76705,#50CCAA,2026-06-29T08:32:31Z,2026-07-01,2154,Moyen,Tourville-la-Rivière,Atmo Normandie,commune,562259.6,1.1054,6915956,49.3283,Rouen,Tourville-la-Rivière
ind_atmo_2021.fid-3d3c9ea3_19f17b50f06_-152a,2026-06-29T14:04:11.891Z,POINT (89491.81171973971 6357795.734761588),1,2,1,1,2,0,76709,#50CCAA,2026-06-29T08:32:31Z,2026-07-01,2154,Moyen,Le Trait,Atmo Normandie,commune,540834,0.8039,6934103,49.4864,Rouen,Le Trait
ind_atmo_2021.fid-3d3c9ea3_19f17b50f06_-1523,2026-06-29T14:04:11.891Z,POINT (111583.74915531912 6339222.886513428),1,2,1,1,2,0,76717,#50CCAA,2026-06-29T08:32:31Z,2026-07-01,2154,Moyen,Val-de-la-Haye,Atmo Normandie,commune,554908.9,1.0024,6921652.5,49.3779,Rouen,Val-de-la-Haye
ind_atmo_2021.fid-3d3c9ea3_19f17b50f06_-1505,2026-06-29T14:04:11.891Z,POINT (92488.28198844148 6352015.048515251),1,2,1,1,2,0,76750,#50CCAA,2026-06-29T08:32:31Z,2026-07-01,2154,Moyen,Yainville,Atmo Normandie,commune,542681.3,0.8308,6930296,49.4526,Rouen,Yainville
ind_atmo_2021.fid-3d3c9ea3_19f17b50f06_-1502,2026-06-29T14:04:11.891Z,POINT (130897.35357204927 6334457.143646472),1,2,1,1,2,0,76753,#50CCAA,2026-06-29T08:32:31Z,2026-07-01,2154,Moyen,Ymare,Atmo Normandie,commune,567436.3,1.1759,6918247,49.35,Rouen,Ymare
ind_atmo_2021.fid-3d3c9ea3_19f17b50f06_-14fc,2026-06-29T14:04:11.891Z,POINT (98136.36511964115 6342968.57096706),1,2,1,1,2,0,76759,#50CCAA,2026-06-29T08:32:31Z,2026-07-01,2154,Moyen,Yville-sur-Seine,Atmo Normandie,commune,546202.4,0.8816,6924317,49.3998,Rouen,Yville-sur-Seine
ind_atmo_2021.fid-3d3c9ea3_19f17b50f06_5df3,2026-06-29T13:12:11.789Z,POINT (639833.0968592782 5643137.376774846),1,3,2,1,3,1,38057,#f0e641,2026-06-29T16:13:10Z,2026-06-29,2154,Dégradé,Bresson,Atmo Auvergne-Rhône-Alpes,commune,915944.9,5.7477,6452407.8,45.1371,Grenoble,Bresson
ind_atmo_2021.fid-3d3c9ea3_19f17b50f06_5e15,2026-06-29T13:12:11.789Z,POINT (631520.1580390503 5640447.096952757),1,3,2,1,3,1,38111,#f0e641,2026-06-29T16:13:11Z,2026-06-29,2154,Dégradé,Claix,Atmo Auvergne-Rhône-Alpes,commune,910142.4,5.673,6450313.8,45.1201,Grenoble,Claix
ind_atmo_2021.fid-3d3c9ea3_19f17b50f06_5e28,2026-06-29T13:12:11.789Z,POINT (636391.1505493193 5644912.87168755),1,3,2,1,3,1,38151,#f0e641,2026-06-29T16:13:12Z,2026-06-29,2154,Dégradé,Échirolles,Atmo Auvergne-Rhône-Alpes,commune,913472.9,5.7168,6453572.4,45.1484,Grenoble,Échirolles
ind_atmo_2021.fid-3d3c9ea3_19f17b50f06_5e2e,2026-06-29T13:12:11.789Z,POINT (640179.1300599682 5644805.976714965),1,3,2,1,3,1,38158,#f0e641,2026-06-29T16:13:12Z,2026-06-29,2154,Dégradé,Eybens,Atmo Auvergne-Rhône-Alpes,commune,916148.2,5.7508,6453589.8,45.1477,Grenoble,Eybens
ind_atmo_2021.fid-3d3c9ea3_19f17b50f06_5e33,2026-06-29T13:12:11.789Z,POINT (633210.9286438085 5651767.414284882),1,3,2,1,3,1,38169,#f0e641,2026-06-29T16:13:12Z,2026-06-29,2154,Dégradé,Fontaine,Atmo Auvergne-Rhône-Alpes,commune,911064.9,5.6882,6458314,45.1918,Grenoble,Fontaine
ind_atmo_2021.fid-3d3c9ea3_19f17b50f06_5e34,2026-06-29T13:12:11.789Z,POINT (630707.0293311005 5661994.13594275),1,3,1,1,3,1,38170,#f0e641,2026-06-29T16:13:12Z,2026-06-29,2154,Dégradé,Fontanil-Cornillon,Atmo Auvergne-Rhône-Alpes,commune,909057,5.6657,6465436.2,45.2565,Grenoble,Fontanil-Cornillon
ind_atmo_2021.fid-3d3c9ea3_19f17b50f06_5e3e,2026-06-29T13:12:11.789Z,POINT (638577.8117198547 5650921.78697276),1,3,2,1,3,1,38185,#f0e641,2026-06-29T16:13:12Z,2026-06-29,2154,Dégradé,Grenoble,Atmo Auvergne-Rhône-Alpes,commune,914869.3,5.7364,6457849.8,45.1864,Grenoble,Grenoble
ind_atmo_2021.fid-3d3c9ea3_19f17b50f06_5e5f,2026-06-29T13:12:11.789Z,POINT (631609.6207557752 5664270.893001268),1,3,1,1,3,1,38258,#f0e641,2026-06-29T16:13:14Z,2026-06-29,2154,Dégradé,Mont-Saint-Martin,Atmo Auvergne-Rhône-Alpes,commune,909638.5,5.6738,6467055.5,45.2709,Grenoble,Mont-Saint-Martin
ind_atmo_2021.fid-3d3c9ea3_19f17b50f06_5e69,2026-06-29T13:12:11.789Z,POINT (626869.8848524452 5659941.58963989),1,3,1,1,3,1,38281,#f0e641,2026-06-29T16:13:14Z,2026-06-29,2154,Dégradé,le Maupas,Atmo Auvergne-Rhône-Alpes,commune,906402.8,5.6313,6463904.7,45.2435,Grenoble,Noyarey
ind_atmo_2021.fid-3d3c9ea3_19f17b50f06_5e7e,2026-06-29T13:12:11.789Z,POINT (634480.9666498707 5662934.776612065),1,3,1,1,3,1,38325,#f0e641,2026-06-29T16:13:15Z,2026-06-29,2154,Dégradé,Proveysieux,Atmo Auvergne-Rhône-Alpes,commune,911692.1,5.6996,6466186.7,45.2625,Grenoble,Proveysieux
ind_atmo_2021.fid-3d3c9ea3_19f17b50f06_5ea5,2026-06-29T13:12:11.789Z,POINT (632467.6303070772 5658394.659462735),1,3,2,1,3,1,38382,#f0e641,2026-06-29T16:13:16Z,2026-06-29,2154,Dégradé,Saint-Égrève,Atmo Auvergne-Rhône-Alpes,commune,910382.7,5.6816,6462951.3,45.2337,Grenoble,Saint-Égrève
ind_atmo_2021.fid-3d3c9ea3_19f17b50f06_5ed1,2026-06-29T13:12:11.789Z,POINT (640979.0006995137 5664715.4557205485),1,3,1,1,3,1,38472,#f0e641,2026-06-29T16:13:18Z,2026-06-29,2154,Dégradé,Sarcenas,Atmo Auvergne-Rhône-Alpes,commune,916223.9,5.758,6467594.4,45.2737,Grenoble,Sarcenas
ind_atmo_2021.fid-3d3c9ea3_19f17b50f06_5ed3,2026-06-29T13:12:11.789Z,POINT (630478.9609552599 5654114.847730278),1,3,2,1,3,1,38474,#f0e641,2026-06-29T16:13:18Z,2026-06-29,2154,Dégradé,Sassenage,Atmo Auvergne-Rhône-Alpes,commune,909083.1,5.6637,6459898,45.2067,Grenoble,Sassenage
ind_atmo_2021.fid-3d3c9ea3_19f17b50f06_5ed9,2026-06-29T13:12:11.789Z,POINT (634119.5966631962 5649990.46520755),1,3,2,1,3,1,38485,#f0e641,2026-06-29T16:13:18Z,2026-06-29,2154,Dégradé,les Îles,Atmo Auvergne-Rhône-Alpes,commune,911748.2,5.6964,6457087.1,45.1806,Grenoble,Seyssinet-Pariset
ind_atmo_2021.fid-3d3c9ea3_19f17b50f06_5eda,2026-06-29T13:12:11.789Z,POINT (633026.0678509278 5647084.3726043785),1,3,2,1,3,1,38486,#f0e641,2026-06-29T16:13:18Z,2026-06-29,2154,Dégradé,Seyssins,Atmo Auvergne-Rhône-Alpes,commune,911046.6,5.6866,6455018,45.1621,Grenoble,Seyssins
ind_atmo_2021.fid-3d3c9ea3_19f17b50f06_5ef5,2026-06-29T13:12:11.789Z,POINT (624816.919948837 5664464.78351673),1,3,1,1,3,1,38540,#f0e641,2026-06-29T16:13:19Z,2026-06-29,2154,Dégradé,Veurey-Voroize,Atmo Auvergne-Rhône-Alpes,commune,904851.6,5.6128,6467031.4,45.2721,Grenoble,Veurey-Voroize
ind_atmo_2021.fid-3d3c9ea3_19f17b50f06_5f05,2026-06-29T13:12:11.789Z,POINT (459808.126288222 5687082.7597260205),1,3,1,1,3,1,42001,#f0e641,2026-06-29T16:13:20Z,2026-06-29,2154,Dégradé,Aboën,Atmo Auvergne-Rhône-Alpes,commune,788422,4.1305,6480134.4,45.4149,Saint-Etienne,Aboën
ind_atmo_2021.fid-3d3c9ea3_19f17b50f06_5f08,2026-06-29T13:12:11.789Z,POINT (474132.5940124654 5704549.8598968135),1,3,1,1,3,1,42005,#f0e641,2026-06-29T16:13:20Z,2026-06-29,2154,Dégradé,Andrézieux,Atmo Auvergne-Rhône-Alpes,commune,798290.7,4.2592,6492505.3,45.525,Saint-Etienne,Andrézieux-Bouthéon
ind_atmo_2021.fid-3d3c9ea3_19f17b50f06_5f20,2026-06-29T13:12:11.789Z,POINT (505526.4148728619 5704274.454621093),1,3,1,1,3,1,42032,#f0e641,2026-06-29T16:13:20Z,2026-06-29,2154,Dégradé,Cellieu,Atmo Auvergne-Rhône-Alpes,commune,820305.4,4.5412,6492703.2,45.5232,Saint-Etienne,Cellieu
ind_atmo_2021.fid-3d3c9ea3_19f17b50f06_5f24,2026-06-29T13:12:11.789Z,POINT (506906.6734806738 5706087.487257533),1,3,1,1,3,1,42036,#f0e641,2026-06-29T16:13:20Z,2026-06-29,2154,Dégradé,Chagnon,Atmo Auvergne-Rhône-Alpes,commune,821248.2,4.5536,6493989,45.5346,Saint-Etienne,Chagnon
ind_atmo_2021.fid-3d3c9ea3_19f17b50f06_5f2a,2026-06-29T13:12:11.789Z,POINT (480943.66992650594 5712795.657517992),1,3,1,1,3,1,42043,#f0e641,2026-06-29T16:13:21Z,2026-06-29,2154,Dégradé,Chambœuf,Atmo Auvergne-Rhône-Alpes,commune,802969.9,4.3204,6498343,45.5768,Saint-Etienne,Chambœuf
ind_atmo_2021.fid-3d3c9ea3_19f17b50f06_5f2b,2026-06-29T13:12:11.789Z,POINT (481461.15971563203 5684071.058236516),1,3,1,1,3,1,42044,#f0e641,2026-06-29T16:13:21Z,2026-06-29,2154,Dégradé,Le Chambon-Feugerolles,Atmo Auvergne-Rhône-Alpes,commune,803669.5,4.325,6478261.8,45.3959,Saint-Etienne,Le Chambon-Feugerolles
ind_atmo_2021.fid-3d3c9ea3_19f17b50f06_5f34,2026-06-29T13:12:11.789Z,POINT (514858.17597576015 5704061.530396665),1,3,1,1,3,1,42053,#f0e641,2026-06-29T16:13:21Z,2026-06-29,2154,Dégradé,Mairie de Châteauneuf,Atmo Auvergne-Rhône-Alpes,commune,826851.1,4.625,6492685.6,45.5219,Saint-Etienne,Châteauneuf
ind_atmo_2021.fid-3d3c9ea3_19f17b50f06_5f4d,2026-06-29T13:12:11.789Z,POINT (519532.41485052294 5710156.703735402),1,3,1,1,3,1,42083,#f0e641,2026-06-29T16:13:21Z,2026-06-29,2154,Dégradé,Dargoire,Atmo Auvergne-Rhône-Alpes,commune,830038.4,4.667,6497011.8,45.5602,Saint-Etienne,Dargoire
ind_atmo_2021.fid-3d3c9ea3_19f17b50f06_5f4f,2026-06-29T13:12:11.789Z,POINT (510543.5297824575 5689009.495900578),1,3,1,1,3,1,42085,#f0e641,2026-06-29T16:13:21Z,2026-06-29,2154,Dégradé,Doizieux,Atmo Auvergne-Rhône-Alpes,commune,824037.5,4.5863,6482096.5,45.4271,Saint-Etienne,Doizieux
ind_atmo_2021.fid-3d3c9ea3_19f17b50f06_5f56,2026-06-29T13:12:11.789Z,POINT (487276.8730249014 5698287.227055081),1,3,1,1,3,1,42092,#f0e641,2026-06-29T16:13:22Z,2026-06-29,2154,Dégradé,L'Étrat,Atmo Auvergne-Rhône-Alpes,commune,807583,4.3773,6488281.2,45.4855,Saint-Etienne,L'Étrat
ind_atmo_2021.fid-3d3c9ea3_19f17b50f06_5f57,2026-06-29T13:12:11.789Z,POINT (511768.0937844134 5699335.106151811),1,3,1,1,3,1,42093,#f0e641,2026-06-29T16:13:22Z,2026-06-29,2154,Dégradé,Farnay,Atmo Auvergne-Rhône-Alpes,commune,824751.4,4.5973,6489337.6,45.4921,Saint-Etienne,Farnay
ind_atmo_2021.fid-3d3c9ea3_19f17b50f06_5f59,2026-06-29T13:12:11.789Z,POINT (477246.0601447006 5682806.809304461),1,3,1,1,3,1,42095,#f0e641,2026-06-29T16:13:22Z,2026-06-29,2154,Dégradé,Firminy,Atmo Auvergne-Rhône-Alpes,commune,800721.7,4.2872,6477327.2,45.388,Saint-Etienne,Firminy
ind_atmo_2021.fid-3d3c9ea3_19f17b50f06_5f5a,2026-06-29T13:12:11.789Z,POINT (493961.60063591663 5708028.458647636),1,3,1,1,3,1,42096,#f0e641,2026-06-29T16:13:22Z,2026-06-29,2154,Dégradé,Fontanès,Atmo Auvergne-Rhône-Alpes,commune,812149.2,4.4373,6495173.1,45.5469,Saint-Etienne,Fontanès
ind_atmo_2021.fid-3d3c9ea3_19f17b50f06_5f5b,2026-06-29T13:12:11.789Z,POINT (480803.57082622463 5700635.905979272),1,3,1,1,3,1,42097,#f0e641,2026-06-29T16:13:22Z,2026-06-29,2154,Dégradé,La Fouillouse,Atmo Auvergne-Rhône-Alpes,commune,803013.7,4.3191,6489845.9,45.5003,Saint-Etienne,La Fouillouse
ind_atmo_2021.fid-3d3c9ea3_19f17b50f06_5f5d,2026-06-29T13:12:11.789Z,POINT (490859.53387229535 5709731.602297561),1,3,1,1,3,1,42100,#f0e641,2026-06-29T16:13:22Z,2026-06-29,2154,Dégradé,La Gimond,Atmo Auvergne-Rhône-Alpes,commune,809953.9,4.4095,6496323.5,45.5576,Saint-Etienne,La Gimond
ind_atmo_2021.fid-3d3c9ea3_19f17b50f06_5f60,2026-06-29T13:12:11.789Z,POINT (508676.23248091276 5701215.610599158),1,3,1,1,3,1,42103,#f0e641,2026-06-29T16:13:22Z,2026-06-29,2154,Dégradé,La Grand-Croix,Atmo Auvergne-Rhône-Alpes,commune,822556.3,4.5695,6490608.8,45.504,Saint-Etienne,La Grand-Croix
ind_atmo_2021.fid-3d3c9ea3_19f17b50f06_5f66,2026-06-29T13:12:11.789Z,POINT (505718.77625927597 5698306.408343924),1,3,1,1,3,1,42110,#f0e641,2026-06-29T16:13:22Z,2026-06-29,2154,Dégradé,L'Horme,Atmo Auvergne-Rhône-Alpes,commune,820521.8,4.5429,6488533.9,45.4857,Saint-Etienne,L'Horme
ind_atmo_2021.fid-3d3c9ea3_19f17b50f06_5f71,2026-06-29T13:12:11.789Z,POINT (509913.57215360383 5702660.53919677),1,3,1,1,3,1,42123,#f0e641,2026-06-29T16:13:22Z,2026-06-29,2154,Dégradé,Lorette,Atmo Auvergne-Rhône-Alpes,commune,823403.9,4.5806,6491636.1,45.5131,Saint-Etienne,Lorette
ind_atmo_2021.fid-3d3c9ea3_19f17b50f06_5f78,2026-06-29T13:12:11.789Z,POINT (498908.3061335458 5712044.5570345195),1,3,1,1,3,1,42133,#f0e641,2026-06-29T16:13:22Z,2026-06-29,2154,Dégradé,Marcenod,Atmo Auvergne-Rhône-Alpes,commune,815563.4,4.4818,6498041.9,45.5721,Saint-Etienne,Marcenod
ind_atmo_2021.fid-3d3c9ea3_19f17b50f06_5f99,2026-06-29T13:12:11.789Z,POINT (519974.2831698341 5695141.657185019),1,3,1,1,3,1,42167,#f0e641,2026-06-29T16:13:23Z,2026-06-29,2154,Dégradé,Pavezin,Atmo Auvergne-Rhône-Alpes,commune,830570.1,4.671,6486524.1,45.4657,Saint-Etienne,Pavezin
ind_atmo_2021.fid-3d3c9ea3_19f17b50f06_5fa9,2026-06-29T13:12:11.789Z,POINT (486027.9870536805 5685382.640250442),1,3,1,1,3,1,42183,#f0e641,2026-06-29T16:13:24Z,2026-06-29,2154,Dégradé,La Ricamarie,Atmo Auvergne-Rhône-Alpes,commune,806863,4.3661,6479235.1,45.4042,Saint-Etienne,La Ricamarie
ind_atmo_2021.fid-3d3c9ea3_19f17b50f06_5fac,2026-06-29T13:12:11.789Z,POINT (514183.3926857796 5705289.295806168),1,3,1,1,3,1,42186,#f0e641,2026-06-29T16:13:24Z,2026-06-29,2154,Dégradé,Rive-de-Gier,Atmo Auvergne-Rhône-Alpes,commune,826360.4,4.619,6493533.8,45.5296,Saint-Etienne,Rive-de-Gier
ind_atmo_2021.fid-3d3c9ea3_19f17b50f06_5faf,2026-06-29T13:12:11.789Z,POINT (481189.6748515194 5689946.039983202),1,3,1,1,3,1,42189,#f0e641,2026-06-29T16:13:24Z,2026-06-29,2154,Dégradé,Roche-la-Molière,Atmo Auvergne-Rhône-Alpes,commune,803409.8,4.3226,6482372.3,45.433,Saint-Etienne,Roche-la-Molière
ind_atmo_2021.fid-3d3c9ea3_19f17b50f06_5fb1,2026-06-29T13:12:11.789Z,POINT (456814.7558341427 5680188.496084446),1,3,1,1,3,1,42192,#f0e641,2026-06-29T16:13:24Z,2026-06-29,2154,Dégradé,Rozier-Côtes-d'Aurec,Atmo Auvergne-Rhône-Alpes,commune,786386.5,4.1036,6475275.2,45.3714,Saint-Etienne,Rozier-Côtes-d'Aurec
ind_atmo_2021.fid-3d3c9ea3_19f17b50f06_5fbf,2026-06-29T13:12:11.789Z,POINT (481878.98566850007 5707424.567136043),1,3,1,1,3,1,42206,#f0e641,2026-06-29T16:13:24Z,2026-06-29,2154,Dégradé,Saint-Bonnet-les-Oules,Atmo Auvergne-Rhône-Alpes,commune,803688.2,4.3288,6494602.9,45.5431,Saint-Etienne,Saint-Bonnet-les-Oules
ind_atmo_2021.fid-3d3c9ea3_19f17b50f06_5fc0,2026-06-29T13:12:11.789Z,POINT (502357.15963382233 5696805.775470081),1,3,1,1,3,1,42207,#f0e641,2026-06-29T16:13:24Z,2026-06-29,2154,Dégradé,Saint-Chamond,Atmo Auvergne-Rhône-Alpes,commune,818183.4,4.5128,6487438.8,45.4762,Saint-Etienne,Saint-Chamond
ind_atmo_2021.fid-3d3c9ea3_19f17b50f06_5fc1,2026-06-29T13:12:11.789Z,POINT (499378.6337620658 5707546.192610114),1,3,1,1,3,1,42208,#f0e641,2026-06-29T16:13:24Z,2026-06-29,2154,Dégradé,Saint-Christo-en-Jarez,Atmo Auvergne-Rhône-Alpes,commune,815952,4.486,6494906.5,45.5438,Saint-Etienne,Saint-Christo-en-Jarez
ind_atmo_2021.fid-3d3c9ea3_19f17b50f06_5fc3,2026-06-29T13:12:11.789Z,POINT (517228.1995266202 5697289.259722824),1,3,1,1,3,1,42210,#f0e641,2026-06-29T16:13:24Z,2026-06-29,2154,Dégradé,Sainte-Croix-en-Jarez,Atmo Auvergne-Rhône-Alpes,commune,828611.5,4.6463,6487985.7,45.4793,Saint-Etienne,Sainte-Croix-en-Jarez
ind_atmo_2021.fid-3d3c9ea3_19f17b50f06_5fce,2026-06-29T13:12:11.789Z,POINT (480749.1200372793 5714950.358782938),1,3,1,1,3,1,42222,#f0e641,2026-06-29T16:13:24Z,2026-06-29,2154,Dégradé,Saint-Galmier,Atmo Auvergne-Rhône-Alpes,commune,802808.5,4.3186,6499844.9,45.5904,Saint-Etienne,Saint-Galmier
ind_atmo_2021.fid-3d3c9ea3_19f17b50f06_5fcf,2026-06-29T13:12:11.789Z,POINT (482720.5165574478 5691997.781822447),1,3,1,1,3,1,42223,#f0e641,2026-06-29T16:13:24Z,2026-06-29,2154,Dégradé,Saint-Genest-Lerpt,Atmo Auvergne-Rhône-Alpes,commune,804460.6,4.3364,6483826.4,45.4459,Saint-Etienne,Saint-Genest-Lerpt
ind_atmo_2021.fid-3d3c9ea3_19f17b50f06_5fd1,2026-06-29T13:12:11.789Z,POINT (509904.38198255165 5705866.913700324),1,3,1,1,3,1,42225,#f0e641,2026-06-29T16:13:24Z,2026-06-29,2154,Dégradé,Genilac,Atmo Auvergne-Rhône-Alpes,commune,823352.6,4.5805,6493876.6,45.5333,Saint-Etienne,Genilac
ind_atmo_2021.fid-3d3c9ea3_19f17b50f06_5fda,2026-06-29T13:12:11.789Z,POINT (486840.45887176873 5705236.704597868),1,3,1,1,3,1,42234,#f0e641,2026-06-29T16:13:25Z,2026-06-29,2154,Dégradé,Saint-Héand,Atmo Auvergne-Rhône-Alpes,commune,807192.3,4.3734,6493133.8,45.5293,Saint-Etienne,Saint-Héand
ind_atmo_2021.fid-3d3c9ea3_19f17b50f06_5fdd,2026-06-29T13:12:11.789Z,POINT (494758.915891715 5692517.018903871),1,3,1,1,3,1,42237,#f0e641,2026-06-29T16:13:25Z,2026-06-29,2154,Dégradé,Saint-Jean-Bonnefonds,Atmo Auvergne-Rhône-Alpes,commune,812906.4,4.4445,6484338.6,45.4492,Saint-Etienne,Saint-Jean-Bonnefonds
ind_atmo_2021.fid-3d3c9ea3_19f17b50f06_5fe2,2026-06-29T13:12:11.789Z,POINT (514090.6479805323 5709450.943788531),1,3,1,1,3,1,42242,#f0e641,2026-06-29T16:13:25Z,2026-06-29,2154,Dégradé,Saint-Joseph,Atmo Auvergne-Rhône-Alpes,commune,826235.8,4.6182,6496439.6,45.5558,Saint-Etienne,Saint-Joseph
ind_atmo_2021.fid-3d3c9ea3_19f17b50f06_5fef,2026-06-29T13:12:11.789Z,POINT (511579.5698997568 5707615.364749692),1,3,1,1,3,1,42259,#f0e641,2026-06-29T16:13:25Z,2026-06-29,2154,Dégradé,Saint-Martin-la-Plaine,Atmo Auvergne-Rhône-Alpes,commune,824502.2,4.5956,6495121.7,45.5443,Saint-Etienne,Saint-Martin-la-Plaine
ind_atmo_2021.fid-3d3c9ea3_19f17b50f06_5ff4,2026-06-29T13:12:11.789Z,POINT (454244.8448161932 5685192.770144758),1,3,1,1,3,1,42266,#f0e641,2026-06-29T16:13:25Z,2026-06-29,2154,Dégradé,Saint-Nizier-de-Fornas,Atmo Auvergne-Rhône-Alpes,commune,784531.6,4.0806,6478756.1,45.403,Saint-Etienne,Saint-Nizier-de-Fornas
ind_atmo_2021.fid-3d3c9ea3_19f17b50f06_5ff8,2026-06-29T13:12:11.789Z,POINT (509162.1114624393 5697935.052478521),1,3,1,1,3,1,42271,#f0e641,2026-06-29T16:13:25Z,2026-06-29,2154,Dégradé,Saint-Paul-en-Jarez,Atmo Auvergne-Rhône-Alpes,commune,822942.8,4.5739,6488321.9,45.4833,Saint-Etienne,Saint-Paul-en-Jarez
ind_atmo_2021.fid-3d3c9ea3_19f17b50f06_5ffb,2026-06-29T13:12:11.789Z,POINT (487540.0724882984 5696361.641965153),1,3,1,1,3,1,42275,#f0e641,2026-06-29T16:13:26Z,2026-06-29,2154,Dégradé,Saint-Priest-en-Jarez,Atmo Auvergne-Rhône-Alpes,commune,807791.2,4.3796,6486937.7,45.4734,Saint-Etienne,Saint-Priest-en-Jarez
ind_atmo_2021.fid-3d3c9ea3_19f17b50f06_6003,2026-06-29T13:12:11.789Z,POINT (504800.2629125046 5709442.325402556),1,3,1,1,3,1,42283,#f0e641,2026-06-29T16:13:26Z,2026-06-29,2154,Dégradé,Saint-Romain-en-Jarez,Atmo Auvergne-Rhône-Alpes,commune,819726.1,4.5347,6496303.6,45.5558,Saint-Etienne,Saint-Romain-en-Jarez
ind_atmo_2021.fid-3d3c9ea3_19f17b50f06_6014,2026-06-29T13:12:11.789Z,POINT (495322.6695534138 5699104.288432696),1,3,1,1,3,1,42302,#f0e641,2026-06-29T16:13:26Z,2026-06-29,2154,Dégradé,Sorbiers,Atmo Auvergne-Rhône-Alpes,commune,813217.6,4.4496,6488953.6,45.4907,Saint-Etienne,Sorbiers
ind_atmo_2021.fid-3d3c9ea3_19f17b50f06_6017,2026-06-29T13:12:11.789Z,POINT (493708.4756824608 5697653.661104534),1,3,1,1,3,1,42305,#f0e641,2026-06-29T16:13:26Z,2026-06-29,2154,Dégradé,La Talaudière,Atmo Auvergne-Rhône-Alpes,commune,812103.6,4.4351,6487918.5,45.4816,Saint-Etienne,La Talaudière
ind_atmo_2021.fid-3d3c9ea3_19f17b50f06_6019,2026-06-29T13:12:11.789Z,POINT (519645.1519437947 5709057.901616148),1,3,1,1,3,1,42307,#f0e641,2026-06-29T16:13:26Z,2026-06-29,2154,Dégradé,Tartaras,Atmo Auvergne-Rhône-Alpes,commune,830133.6,4.6681,6496246.1,45.5533,Saint-Etienne,Tartaras
ind_atmo_2021.fid-3d3c9ea3_19f17b50f06_601a,2026-06-29T13:12:11.789Z,POINT (510181.8657282662 5692130.158253066),1,3,1,1,3,1,42308,#f0e641,2026-06-29T16:13:26Z,2026-06-29,2154,Dégradé,La Terrasse-sur-Dorlay,Atmo Auvergne-Rhône-Alpes,commune,823739.7,4.583,6484275.5,45.4468,Saint-Etienne,La Terrasse-sur-Dorlay
ind_atmo_2021.fid-3d3c9ea3_19f17b50f06_601c,2026-06-29T13:12:11.789Z,POINT (488343.8855290551 5698306.954054828),1,3,1,1,3,1,42311,#f0e641,2026-06-29T16:13:26Z,2026-06-29,2154,Dégradé,La Tour-en-Jarez,Atmo Auvergne-Rhône-Alpes,commune,808331.4,4.3869,6488308.1,45.4857,Saint-Etienne,La Tour-en-Jarez
ind_atmo_2021.fid-3d3c9ea3_19f17b50f06_6024,2026-06-29T13:12:11.789Z,POINT (500147.6077783561 5703977.477497768),1,3,1,1,3,1,42320,#f0e641,2026-06-29T16:13:26Z,2026-06-29,2154,Dégradé,Valfleury,Atmo Auvergne-Rhône-Alpes,commune,816538.1,4.4929,6492423.2,45.5214,Saint-Etienne,Valfleury
ind_atmo_2021.fid-3d3c9ea3_19f17b50f06_6026,2026-06-29T13:12:11.789Z,POINT (502730.9337501976 5687338.703600841),1,3,1,1,3,1,42322,#f0e641,2026-06-29T16:13:26Z,2026-06-29,2154,Dégradé,La Valla-en-Gier,Atmo Auvergne-Rhône-Alpes,commune,818572.9,4.5161,6480819,45.4165,Saint-Etienne,La Valla-en-Gier
ind_atmo_2021.fid-3d3c9ea3_19f17b50f06_602e,2026-06-29T13:12:11.789Z,POINT (484526.38637451985 5695456.558120563),1,3,1,1,3,1,42330,#f0e641,2026-06-29T16:13:27Z,2026-06-29,2154,Dégradé,Villars,Atmo Auvergne-Rhône-Alpes,commune,805687.1,4.3526,6486268,45.4677,Saint-Etienne,Villars
ind_atmo_2021.fid-3d3c9ea3_19f17b50f06_6701,2026-06-29T13:12:11.789Z,POINT (644178.8997239827 5639124.806902286),1,4,1,1,4,1,38059,#ff5050,2026-06-29T16:13:10Z,2026-06-29,2154,Mauvais,Brié Bas,Atmo Auvergne-Rhône-Alpes,commune,919111.4,5.7868,6449692.5,45.1117,Grenoble,Brié-et-Angonnes
ind_atmo_2021.fid-3d3c9ea3_19f17b50f06_6704,2026-06-29T13:12:11.789Z,POINT (637901.0402255324 5638392.686173809),1,4,2,1,4,1,38068,#ff5050,2026-06-29T16:13:10Z,2026-06-29,2154,Mauvais,Champagnier,Atmo Auvergne-Rhône-Alpes,commune,914696.9,5.7304,6449022.4,45.1071,Grenoble,Champagnier
ind_atmo_2021.fid-3d3c9ea3_19f17b50f06_6706,2026-06-29T13:12:11.789Z,POINT (638329.0922340989 5634551.603123415),1,4,1,1,4,1,38071,#ff5050,2026-06-29T16:13:10Z,2026-06-29,2154,Mauvais,Champ-sur-Drac,Atmo Auvergne-Rhône-Alpes,commune,915092.8,5.7342,6446329.2,45.0827,Grenoble,Champ-sur-Drac
ind_atmo_2021.fid-3d3c9ea3_19f17b50f06_6717,2026-06-29T13:12:11.789Z,POINT (640149.9761390255 5654875.918545599),1,4,2,1,4,1,38126,#ff5050,2026-06-29T16:13:11Z,2026-06-29,2154,Mauvais,Montfleury,Atmo Auvergne-Rhône-Alpes,commune,915881,5.7506,6460666.4,45.2115,Grenoble,Corenc
ind_atmo_2021.fid-3d3c9ea3_19f17b50f06_671e,2026-06-29T13:12:11.789Z,POINT (649929.0990293869 5653421.851342802),1,4,2,1,4,1,38150,#ff5050,2026-06-29T16:13:12Z,2026-06-29,2154,Mauvais,Domène,Atmo Auvergne-Rhône-Alpes,commune,922809.6,5.8384,6459889,45.2023,Grenoble,Domène
ind_atmo_2021.fid-3d3c9ea3_19f17b50f06_6725,2026-06-29T13:12:11.789Z,POINT (644667.8028565128 5649904.716132447),1,4,2,1,4,1,38179,#ff5050,2026-06-29T16:13:12Z,2026-06-29,2154,Mauvais,Gières,Atmo Auvergne-Rhône-Alpes,commune,919188.5,5.7911,6457285.4,45.18,Grenoble,Gières
ind_atmo_2021.fid-3d3c9ea3_19f17b50f06_6727,2026-06-29T13:12:11.789Z,POINT (628406.9309729083 5624963.758529322),1,4,1,1,4,1,38187,#ff5050,2026-06-29T16:13:12Z,2026-06-29,2154,Mauvais,les Saillants du Gua,Atmo Auvergne-Rhône-Alpes,commune,908310,5.6451,6439336.3,45.0219,Grenoble,Le Gua
ind_atmo_2021.fid-3d3c9ea3_19f17b50f06_6728,2026-06-29T13:12:11.789Z,POINT (644916.6710591838 5643445.7347946735),1,4,1,1,4,1,38188,#ff5050,2026-06-29T16:13:12Z,2026-06-29,2154,Mauvais,Herbeys,Atmo Auvergne-Rhône-Alpes,commune,919524.7,5.7934,6452750.6,45.1391,Grenoble,Herbeys
ind_atmo_2021.fid-3d3c9ea3_19f17b50f06_672d,2026-06-29T13:12:11.789Z,POINT (639244.3379264448 5636776.887028787),1,4,2,1,4,1,38200,#ff5050,2026-06-29T16:13:13Z,2026-06-29,2154,Mauvais,le Clos Jouvin,Atmo Auvergne-Rhône-Alpes,commune,915684.9,5.7424,6447918.1,45.0968,Grenoble,Jarrie
ind_atmo_2021.fid-3d3c9ea3_19f17b50f06_673a,2026-06-29T13:12:11.789Z,POINT (643172.2371571927 5654607.999083446),1,4,2,1,4,1,38229,#ff5050,2026-06-29T16:13:13Z,2026-06-29,2154,Mauvais,Meylan,Atmo Auvergne-Rhône-Alpes,commune,918017.6,5.7777,6460552.8,45.2098,Grenoble,Meylan
ind_atmo_2021.fid-3d3c9ea3_19f17b50f06_673c,2026-06-29T13:12:11.789Z,POINT (625611.85398116 5617654.379291165),1,4,1,1,4,1,38235,#ff5050,2026-06-29T16:13:13Z,2026-06-29,2154,Mauvais,Lanchâtre,Atmo Auvergne-Rhône-Alpes,commune,906504.4,5.62,6434116.4,44.9754,Grenoble,Miribel-Lanchâtre
ind_atmo_2021.fid-3d3c9ea3_19f17b50f06_6744,2026-06-29T13:12:11.789Z,POINT (641518.0566958911 5636526.553933513),1,4,1,1,4,1,38252,#ff5050,2026-06-29T16:13:13Z,2026-06-29,2154,Mauvais,Montchaboud,Atmo Auvergne-Rhône-Alpes,commune,917296.8,5.7629,6447797.9,45.0952,Grenoble,Montchaboud
ind_atmo_2021.fid-3d3c9ea3_19f17b50f06_674d,2026-06-29T13:12:11.789Z,POINT (647733.4385044011 5651623.147105078),1,4,2,1,4,1,38271,#ff5050,2026-06-29T16:13:14Z,2026-06-29,2154,Mauvais,Murianette,Atmo Auvergne-Rhône-Alpes,commune,921307.1,5.8187,6458569.8,45.1909,Grenoble,Murianette
ind_atmo_2021.fid-3d3c9ea3_19f17b50f06_674f,2026-06-29T13:12:11.789Z,POINT (634412.5985892325 5623184.753949109),1,4,1,1,4,1,38277,#ff5050,2026-06-29T16:13:14Z,2026-06-29,2154,Mauvais,Notre-Dame-de-Commiers,Atmo Auvergne-Rhône-Alpes,commune,912600,5.699,6438226.1,45.0106,Grenoble,Notre-Dame-de-Commiers
ind_atmo_2021.fid-3d3c9ea3_19f17b50f06_6750,2026-06-29T13:12:11.789Z,POINT (640959.9186660941 5632580.224387245),1,4,1,1,4,1,38279,#ff5050,2026-06-29T16:13:14Z,2026-06-29,2154,Mauvais,la Commanderie,Atmo Auvergne-Rhône-Alpes,commune,916999.7,5.7578,6445005.8,45.0702,Grenoble,Notre-Dame-de-Mésage
ind_atmo_2021.fid-3d3c9ea3_19f17b50f06_675d,2026-06-29T13:12:11.789Z,POINT (641157.0828187923 5646657.409249184),1,4,2,1,4,1,38309,#ff5050,2026-06-29T16:13:14Z,2026-06-29,2154,Mauvais,Poisat,Atmo Auvergne-Rhône-Alpes,commune,916792.7,5.7596,6454915.7,45.1594,Grenoble,Poisat
ind_atmo_2021.fid-3d3c9ea3_19f17b50f06_6760,2026-06-29T13:12:11.789Z,POINT (634297.3762194194 5640948.259090301),1,4,2,1,4,1,38317,#ff5050,2026-06-29T16:13:15Z,2026-06-29,2154,Mauvais,Le Pont-de-Claix,Atmo Auvergne-Rhône-Alpes,commune,912090.9,5.698,6450733.1,45.1233,Grenoble,Le Pont-de-Claix
ind_atmo_2021.fid-3d3c9ea3_19f17b50f06_6765,2026-06-29T13:12:11.789Z,POINT (636502.4245255375 5661452.624614807),1,4,1,1,4,1,38328,#ff5050,2026-06-29T16:13:15Z,2026-06-29,2154,Mauvais,Quaix-en-Chartreuse,Atmo Auvergne-Rhône-Alpes,commune,913151.3,5.7178,6465195.3,45.2531,Grenoble,Quaix-en-Chartreuse
ind_atmo_2021.fid-3d3c9ea3_19f17b50f06_6770,2026-06-29T13:12:11.789Z,POINT (648482.2483462456 5628356.654660285),1,4,1,1,4,1,38364,#ff5050,2026-06-29T16:13:16Z,2026-06-29,2154,Mauvais,Saint-Barthélemy-de-Séchilienne,Atmo Auvergne-Rhône-Alpes,commune,922421,5.8254,6442219,45.0434,Grenoble,Saint-Barthélemy-de-Séchilienne
ind_atmo_2021.fid-3d3c9ea3_19f17b50f06_6773,2026-06-29T13:12:11.789Z,POINT (634655.4808521345 5627587.784258849),1,4,1,1,4,1,38388,#ff5050,2026-06-29T16:13:16Z,2026-06-29,2154,Mauvais,Saint-Georges-de-Commiers,Atmo Auvergne-Rhône-Alpes,commune,912665.6,5.7012,6441335.1,45.0385,Grenoble,Saint-Georges-de-Commiers
ind_atmo_2021.fid-3d3c9ea3_19f17b50f06_6782,2026-06-29T13:12:11.789Z,POINT (640661.9878678791 5650494.575668583),1,4,2,1,4,1,38421,#ff5050,2026-06-29T16:13:17Z,2026-06-29,2154,Mauvais,Saint-Martin-d'Hères,Atmo Auvergne-Rhône-Alpes,commune,916349.3,5.7552,6457600.7,45.1837,Grenoble,Saint-Martin-d'Hères
ind_atmo_2021.fid-3d3c9ea3_19f17b50f06_6784,2026-06-29T13:12:11.789Z,POINT (635134.5417985106 5654483.531565944),1,4,2,1,4,1,38423,#ff5050,2026-06-29T16:13:17Z,2026-06-29,2154,Mauvais,Saint-Martin-le-Vinoux,Atmo Auvergne-Rhône-Alpes,commune,912355.7,5.7055,6460268.6,45.209,Grenoble,Saint-Martin-le-Vinoux
ind_atmo_2021.fid-3d3c9ea3_19f17b50f06_678b,2026-06-29T13:12:11.789Z,POINT (628201.6429659445 5632869.9421933275),1,4,1,1,4,1,38436,#ff5050,2026-06-29T16:13:17Z,2026-06-29,2154,Mauvais,Saint-Paul-de-Varces,Atmo Auvergne-Rhône-Alpes,commune,907978.3,5.6432,6444901.4,45.072,Grenoble,Saint-Paul-de-Varces
ind_atmo_2021.fid-3d3c9ea3_19f17b50f06_6790,2026-06-29T13:12:11.789Z,POINT (641645.8286705945 5629706.633181034),1,4,1,1,4,1,38445,#ff5050,2026-06-29T16:13:17Z,2026-06-29,2154,Mauvais,le Petit David,Atmo Auvergne-Rhône-Alpes,commune,917555.2,5.764,6442998.9,45.052,Grenoble,Saint-Pierre-de-Mésage
ind_atmo_2021.fid-3d3c9ea3_19f17b50f06_679a,2026-06-29T13:12:11.789Z,POINT (643205.8855308895 5662455.043427564),1,4,1,1,4,1,38471,#ff5050,2026-06-29T16:13:18Z,2026-06-29,2154,Mauvais,Le Sappey-en-Chartreuse,Atmo Auvergne-Rhône-Alpes,commune,917847.4,5.778,6466063.2,45.2594,Grenoble,Le Sappey-en-Chartreuse
ind_atmo_2021.fid-3d3c9ea3_19f17b50f06_679b,2026-06-29T13:12:11.789Z,POINT (649480.1397112533 5630229.41961243),1,4,1,1,4,1,38478,#ff5050,2026-06-29T16:13:18Z,2026-06-29,2154,Mauvais,Séchilienne,Atmo Auvergne-Rhône-Alpes,commune,923079,5.8344,6443563.5,45.0553,Grenoble,Séchilienne
ind_atmo_2021.fid-3d3c9ea3_19f17b50f06_67a9,2026-06-29T13:12:11.789Z,POINT (638759.2203764676 5653863.875743425),1,4,2,1,4,1,38516,#ff5050,2026-06-29T16:13:19Z,2026-06-29,2154,Mauvais,La Tronche,Atmo Auvergne-Rhône-Alpes,commune,914925.5,5.7381,6459921.4,45.2051,Grenoble,La Tronche
ind_atmo_2021.fid-3d3c9ea3_19f17b50f06_67ad,2026-06-29T13:12:11.789Z,POINT (632470.3520436127 5635180.8207722055),1,4,2,1,4,1,38524,#ff5050,2026-06-29T16:13:19Z,2026-06-29,2154,Mauvais,Varces,Atmo Auvergne-Rhône-Alpes,commune,910939.1,5.6816,6446630.2,45.0867,Grenoble,Varces-Allières-et-Risset
ind_atmo_2021.fid-3d3c9ea3_19f17b50f06_67ae,2026-06-29T13:12:11.789Z,POINT (646045.7801341333 5637838.211841329),1,4,1,1,4,1,38528,#ff5050,2026-06-29T16:13:19Z,2026-06-29,2154,Mauvais,les Meynards,Atmo Auvergne-Rhône-Alpes,commune,920461.6,5.8035,6448833.8,45.1036,Grenoble,Vaulnaveys-le-Bas
ind_atmo_2021.fid-3d3c9ea3_19f17b50f06_67af,2026-06-29T13:12:11.789Z,POINT (646891.365417312 5640303.305174108),1,4,1,1,4,1,38529,#ff5050,2026-06-29T16:13:19Z,2026-06-29,2154,Mauvais,Vaulnaveys-le-Haut,Atmo Auvergne-Rhône-Alpes,commune,920996.9,5.8111,6450589.6,45.1192,Grenoble,Vaulnaveys-le-Haut
ind_atmo_2021.fid-3d3c9ea3_19f17b50f06_67b0,2026-06-29T13:12:11.789Z,POINT (646095.5779403693 5648682.985013957),1,4,1,1,4,1,38533,#ff5050,2026-06-29T16:13:19Z,2026-06-29,2154,Mauvais,Venon,Atmo Auvergne-Rhône-Alpes,commune,920225.8,5.804,6456462.4,45.1723,Grenoble,Venon
ind_atmo_2021.fid-3d3c9ea3_19f17b50f06_67b4,2026-06-29T13:12:11.789Z,POINT (631073.1989871077 5630397.396297987),1,4,2,1,4,1,38545,#ff5050,2026-06-29T16:13:19Z,2026-06-29,2154,Mauvais,Vif,Atmo Auvergne-Rhône-Alpes,commune,910066.1,5.669,6443228.3,45.0564,Grenoble,Vif
ind_atmo_2021.fid-3d3c9ea3_19f17b50f06_67bc,2026-06-29T13:12:11.789Z,POINT (642592.9470967088 5633700.579298655),1,4,1,1,4,1,38562,#ff5050,2026-06-29T16:13:20Z,2026-06-29,2154,Mauvais,Vizille,Atmo Auvergne-Rhône-Alpes,commune,918125.8,5.7725,6445835.1,45.0773,Grenoble,Vizille
ind_atmo_2021.fid-3d3c9ea3_19f17b50f06_67bf,2026-06-29T13:12:11.789Z,POINT (472286.13194444583 5687677.9675158635),1,4,1,1,4,1,42031,#ff5050,2026-06-29T16:13:20Z,2026-06-29,2154,Mauvais,Vareilles,Atmo Auvergne-Rhône-Alpes,commune,797181.8,4.2426,6480682.9,45.4187,Saint-Etienne,Caloire
ind_atmo_2021.fid-3d3c9ea3_19f17b50f06_67c2,2026-06-29T13:12:11.789Z,POINT (475235.83844215603 5682830.751735309),1,4,1,1,4,1,42099,#ff5050,2026-06-29T16:13:22Z,2026-06-29,2154,Mauvais,Fraisses,Atmo Auvergne-Rhône-Alpes,commune,799308.5,4.2691,6477321.1,45.3881,Saint-Etienne,Fraisses
ind_atmo_2021.fid-3d3c9ea3_19f17b50f06_67c6,2026-06-29T13:12:11.789Z,POINT (488390.93844277837 5691084.041419799),1,4,1,1,4,1,42218,#ff5050,2026-06-29T16:13:24Z,2026-06-29,2154,Mauvais,Saint-Étienne,Atmo Auvergne-Rhône-Alpes,commune,808453.2,4.3873,6483255.6,45.4402,Saint-Etienne,Saint-Étienne
ind_atmo_2021.fid-3d3c9ea3_19f17b50f06_67c7,2026-06-29T13:12:11.789Z,POINT (465474.7181628452 5685265.538604642),1,4,1,1,4,1,42262,#ff5050,2026-06-29T16:13:25Z,2026-06-29,2154,Mauvais,Saint-Maurice-en-Gourgois,Atmo Auvergne-Rhône-Alpes,commune,792422.1,4.1814,6478920.1,45.4035,Saint-Etienne,Saint-Maurice-en-Gourgois
ind_atmo_2021.fid-3d3c9ea3_19f17b50f06_67c8,2026-06-29T13:12:11.789Z,POINT (472178.4685437917 5684278.977041278),1,4,1,1,4,1,42270,#ff5050,2026-06-29T16:13:25Z,2026-06-29,2154,Mauvais,Cornillon,Atmo Auvergne-Rhône-Alpes,commune,797143.6,4.2417,6478301.4,45.3973,Saint-Etienne,Saint-Paul-en-Cornillon
ind_atmo_2021.fid-3d3c9ea3_19f17b50f06_67ca,2026-06-29T13:12:11.789Z,POINT (474381.51929842273 5684664.54676792),1,4,1,1,4,1,42316,#ff5050,2026-06-29T16:13:26Z,2026-06-29,2154,Mauvais,Unieux,Atmo Auvergne-Rhône-Alpes,commune,798687.5,4.2614,6478596,45.3997,Saint-Etienne,Unieux
ind_atmo_2021.fid-3d3c9ea3_19f17b50f06_6d1a,2026-06-29T13:12:11.789Z,POINT (640979.0006995137 5664715.4557205485),1,3,1,1,3,1,38472,#f0e641,2026-06-29T16:13:18Z,2026-06-30,2154,Dégradé,Sarcenas,Atmo Auvergne-Rhône-Alpes,commune,916223.9,5.758,6467594.4,45.2737,Grenoble,Sarcenas
ind_atmo_2021.fid-3d3c9ea3_19f17b50f06_6d20,2026-06-29T13:12:11.789Z,POINT (459808.126288222 5687082.7597260205),1,3,1,1,3,1,42001,#f0e641,2026-06-29T16:13:20Z,2026-06-30,2154,Dégradé,Aboën,Atmo Auvergne-Rhône-Alpes,commune,788422,4.1305,6480134.4,45.4149,Saint-Etienne,Aboën
ind_atmo_2021.fid-3d3c9ea3_19f17b50f06_6d23,2026-06-29T13:12:11.789Z,POINT (474132.5940124654 5704549.8598968135),1,3,1,1,3,1,42005,#f0e641,2026-06-29T16:13:20Z,2026-06-30,2154,Dégradé,Andrézieux,Atmo Auvergne-Rhône-Alpes,commune,798290.7,4.2592,6492505.3,45.525,Saint-Etienne,Andrézieux-Bouthéon
ind_atmo_2021.fid-3d3c9ea3_19f17b50f06_6d3b,2026-06-29T13:12:11.789Z,POINT (472286.13194444583 5687677.9675158635),1,3,1,1,3,1,42031,#f0e641,2026-06-29T16:13:20Z,2026-06-30,2154,Dégradé,Vareilles,Atmo Auvergne-Rhône-Alpes,commune,797181.8,4.2426,6480682.9,45.4187,Saint-Etienne,Caloire
ind_atmo_2021.fid-3d3c9ea3_19f17b50f06_6d3c,2026-06-29T13:12:11.789Z,POINT (505526.4148728619 5704274.454621093),1,3,1,1,3,1,42032,#f0e641,2026-06-29T16:13:20Z,2026-06-30,2154,Dégradé,Cellieu,Atmo Auvergne-Rhône-Alpes,commune,820305.4,4.5412,6492703.2,45.5232,Saint-Etienne,Cellieu
ind_atmo_2021.fid-3d3c9ea3_19f17b50f06_6d40,2026-06-29T13:12:11.789Z,POINT (506906.6734806738 5706087.487257533),1,3,1,1,3,1,42036,#f0e641,2026-06-29T16:13:20Z,2026-06-30,2154,Dégradé,Chagnon,Atmo Auvergne-Rhône-Alpes,commune,821248.2,4.5536,6493989,45.5346,Saint-Etienne,Chagnon
ind_atmo_2021.fid-3d3c9ea3_19f17b50f06_6d47,2026-06-29T13:12:11.789Z,POINT (480943.66992650594 5712795.657517992),1,3,1,1,3,1,42043,#f0e641,2026-06-29T16:13:21Z,2026-06-30,2154,Dégradé,Chambœuf,Atmo Auvergne-Rhône-Alpes,commune,802969.9,4.3204,6498343,45.5768,Saint-Etienne,Chambœuf
ind_atmo_2021.fid-3d3c9ea3_19f17b50f06_6d48,2026-06-29T13:12:11.789Z,POINT (481461.15971563203 5684071.058236516),1,3,1,1,3,1,42044,#f0e641,2026-06-29T16:13:21Z,2026-06-30,2154,Dégradé,Le Chambon-Feugerolles,Atmo Auvergne-Rhône-Alpes,commune,803669.5,4.325,6478261.8,45.3959,Saint-Etienne,Le Chambon-Feugerolles
ind_atmo_2021.fid-3d3c9ea3_19f17b50f06_6d50,2026-06-29T13:12:11.789Z,POINT (514858.17597576015 5704061.530396665),1,3,1,1,3,1,42053,#f0e641,2026-06-29T16:13:21Z,2026-06-30,2154,Dégradé,Mairie de Châteauneuf,Atmo Auvergne-Rhône-Alpes,commune,826851.1,4.625,6492685.6,45.5219,Saint-Etienne,Châteauneuf
ind_atmo_2021.fid-3d3c9ea3_19f17b50f06_6d69,2026-06-29T13:12:11.789Z,POINT (510543.5297824575 5689009.495900578),1,3,1,1,3,1,42085,#f0e641,2026-06-29T16:13:21Z,2026-06-30,2154,Dégradé,Doizieux,Atmo Auvergne-Rhône-Alpes,commune,824037.5,4.5863,6482096.5,45.4271,Saint-Etienne,Doizieux
ind_atmo_2021.fid-3d3c9ea3_19f17b50f06_6d70,2026-06-29T13:12:11.789Z,POINT (487276.8730249014 5698287.227055081),1,3,1,1,3,1,42092,#f0e641,2026-06-29T16:13:22Z,2026-06-30,2154,Dégradé,L'Étrat,Atmo Auvergne-Rhône-Alpes,commune,807583,4.3773,6488281.2,45.4855,Saint-Etienne,L'Étrat
ind_atmo_2021.fid-3d3c9ea3_19f17b50f06_6d71,2026-06-29T13:12:11.789Z,POINT (511768.0937844134 5699335.106151811),1,3,1,1,3,1,42093,#f0e641,2026-06-29T16:13:22Z,2026-06-30,2154,Dégradé,Farnay,Atmo Auvergne-Rhône-Alpes,commune,824751.4,4.5973,6489337.6,45.4921,Saint-Etienne,Farnay
ind_atmo_2021.fid-3d3c9ea3_19f17b50f06_6d73,2026-06-29T13:12:11.789Z,POINT (477246.0601447006 5682806.809304461),1,3,1,1,3,1,42095,#f0e641,2026-06-29T16:13:22Z,2026-06-30,2154,Dégradé,Firminy,Atmo Auvergne-Rhône-Alpes,commune,800721.7,4.2872,6477327.2,45.388,Saint-Etienne,Firminy
ind_atmo_2021.fid-3d3c9ea3_19f17b50f06_6d74,2026-06-29T13:12:11.789Z,POINT (493961.60063591663 5708028.458647636),1,3,1,1,3,1,42096,#f0e641,2026-06-29T16:13:22Z,2026-06-30,2154,Dégradé,Fontanès,Atmo Auvergne-Rhône-Alpes,commune,812149.2,4.4373,6495173.1,45.5469,Saint-Etienne,Fontanès
ind_atmo_2021.fid-3d3c9ea3_19f17b50f06_6d75,2026-06-29T13:12:11.789Z,POINT (480803.57082622463 5700635.905979272),1,3,1,1,3,1,42097,#f0e641,2026-06-29T16:13:22Z,2026-06-30,2154,Dégradé,La Fouillouse,Atmo Auvergne-Rhône-Alpes,commune,803013.7,4.3191,6489845.9,45.5003,Saint-Etienne,La Fouillouse
ind_atmo_2021.fid-3d3c9ea3_19f17b50f06_6d77,2026-06-29T13:12:11.789Z,POINT (475235.83844215603 5682830.751735309),1,3,1,1,3,1,42099,#f0e641,2026-06-29T16:13:22Z,2026-06-30,2154,Dégradé,Fraisses,Atmo Auvergne-Rhône-Alpes,commune,799308.5,4.2691,6477321.1,45.3881,Saint-Etienne,Fraisses
ind_atmo_2021.fid-3d3c9ea3_19f17b50f06_6d78,2026-06-29T13:12:11.789Z,POINT (490859.53387229535 5709731.602297561),1,3,1,1,3,1,42100,#f0e641,2026-06-29T16:13:22Z,2026-06-30,2154,Dégradé,La Gimond,Atmo Auvergne-Rhône-Alpes,commune,809953.9,4.4095,6496323.5,45.5576,Saint-Etienne,La Gimond
ind_atmo_2021.fid-3d3c9ea3_19f17b50f06_6d7b,2026-06-29T13:12:11.789Z,POINT (508676.23248091276 5701215.610599158),1,3,1,1,3,1,42103,#f0e641,2026-06-29T16:13:22Z,2026-06-30,2154,Dégradé,La Grand-Croix,Atmo Auvergne-Rhône-Alpes,commune,822556.3,4.5695,6490608.8,45.504,Saint-Etienne,La Grand-Croix
ind_atmo_2021.fid-3d3c9ea3_19f17b50f06_6d81,2026-06-29T13:12:11.789Z,POINT (505718.77625927597 5698306.408343924),1,3,1,1,3,1,42110,#f0e641,2026-06-29T16:13:22Z,2026-06-30,2154,Dégradé,L'Horme,Atmo Auvergne-Rhône-Alpes,commune,820521.8,4.5429,6488533.9,45.4857,Saint-Etienne,L'Horme
ind_atmo_2021.fid-3d3c9ea3_19f17b50f06_6d8b,2026-06-29T13:12:11.789Z,POINT (509913.57215360383 5702660.53919677),1,3,1,1,3,1,42123,#f0e641,2026-06-29T16:13:22Z,2026-06-30,2154,Dégradé,Lorette,Atmo Auvergne-Rhône-Alpes,commune,823403.9,4.5806,6491636.1,45.5131,Saint-Etienne,Lorette
ind_atmo_2021.fid-3d3c9ea3_19f17b50f06_6d92,2026-06-29T13:12:11.789Z,POINT (498908.3061335458 5712044.5570345195),1,3,1,1,3,1,42133,#f0e641,2026-06-29T16:13:22Z,2026-06-30,2154,Dégradé,Marcenod,Atmo Auvergne-Rhône-Alpes,commune,815563.4,4.4818,6498041.9,45.5721,Saint-Etienne,Marcenod
ind_atmo_2021.fid-3d3c9ea3_19f17b50f06_6dc0,2026-06-29T13:12:11.789Z,POINT (486027.9870536805 5685382.640250442),1,3,1,1,3,1,42183,#f0e641,2026-06-29T16:13:24Z,2026-06-30,2154,Dégradé,La Ricamarie,Atmo Auvergne-Rhône-Alpes,commune,806863,4.3661,6479235.1,45.4042,Saint-Etienne,La Ricamarie
ind_atmo_2021.fid-3d3c9ea3_19f17b50f06_6dc3,2026-06-29T13:12:11.789Z,POINT (514183.3926857796 5705289.295806168),1,3,1,1,3,1,42186,#f0e641,2026-06-29T16:13:24Z,2026-06-30,2154,Dégradé,Rive-de-Gier,Atmo Auvergne-Rhône-Alpes,commune,826360.4,4.619,6493533.8,45.5296,Saint-Etienne,Rive-de-Gier
ind_atmo_2021.fid-3d3c9ea3_19f17b50f06_6dc6,2026-06-29T13:12:11.789Z,POINT (481189.6748515194 5689946.039983202),1,3,1,1,3,1,42189,#f0e641,2026-06-29T16:13:24Z,2026-06-30,2154,Dégradé,Roche-la-Molière,Atmo Auvergne-Rhône-Alpes,commune,803409.8,4.3226,6482372.3,45.433,Saint-Etienne,Roche-la-Molière
ind_atmo_2021.fid-3d3c9ea3_19f17b50f06_6dc7,2026-06-29T13:12:11.789Z,POINT (456814.7558341427 5680188.496084446),1,3,1,1,3,1,42192,#f0e641,2026-06-29T16:13:24Z,2026-06-30,2154,Dégradé,Rozier-Côtes-d'Aurec,Atmo Auvergne-Rhône-Alpes,commune,786386.5,4.1036,6475275.2,45.3714,Saint-Etienne,Rozier-Côtes-d'Aurec
ind_atmo_2021.fid-3d3c9ea3_19f17b50f06_6dd4,2026-06-29T13:12:11.789Z,POINT (481878.98566850007 5707424.567136043),1,3,1,1,3,1,42206,#f0e641,2026-06-29T16:13:24Z,2026-06-30,2154,Dégradé,Saint-Bonnet-les-Oules,Atmo Auvergne-Rhône-Alpes,commune,803688.2,4.3288,6494602.9,45.5431,Saint-Etienne,Saint-Bonnet-les-Oules
ind_atmo_2021.fid-3d3c9ea3_19f17b50f06_6dd5,2026-06-29T13:12:11.789Z,POINT (499378.6337620658 5707546.192610114),1,3,1,1,3,1,42208,#f0e641,2026-06-29T16:13:24Z,2026-06-30,2154,Dégradé,Saint-Christo-en-Jarez,Atmo Auvergne-Rhône-Alpes,commune,815952,4.486,6494906.5,45.5438,Saint-Etienne,Saint-Christo-en-Jarez
ind_atmo_2021.fid-3d3c9ea3_19f17b50f06_6dd7,2026-06-29T13:12:11.789Z,POINT (517228.1995266202 5697289.259722824),1,3,1,1,3,1,42210,#f0e641,2026-06-29T16:13:24Z,2026-06-30,2154,Dégradé,Sainte-Croix-en-Jarez,Atmo Auvergne-Rhône-Alpes,commune,828611.5,4.6463,6487985.7,45.4793,Saint-Etienne,Sainte-Croix-en-Jarez
ind_atmo_2021.fid-3d3c9ea3_19f17b50f06_6ddf,2026-06-29T13:12:11.789Z,POINT (488390.93844277837 5691084.041419799),1,3,1,1,3,1,42218,#f0e641,2026-06-29T16:13:24Z,2026-06-30,2154,Dégradé,Saint-Étienne,Atmo Auvergne-Rhône-Alpes,commune,808453.2,4.3873,6483255.6,45.4402,Saint-Etienne,Saint-Étienne
ind_atmo_2021.fid-3d3c9ea3_19f17b50f06_6de3,2026-06-29T13:12:11.789Z,POINT (480749.1200372793 5714950.358782938),1,3,1,1,3,1,42222,#f0e641,2026-06-29T16:13:24Z,2026-06-30,2154,Dégradé,Saint-Galmier,Atmo Auvergne-Rhône-Alpes,commune,802808.5,4.3186,6499844.9,45.5904,Saint-Etienne,Saint-Galmier
ind_atmo_2021.fid-3d3c9ea3_19f17b50f06_6de4,2026-06-29T13:12:11.789Z,POINT (482720.5165574478 5691997.781822447),1,3,1,1,3,1,42223,#f0e641,2026-06-29T16:13:24Z,2026-06-30,2154,Dégradé,Saint-Genest-Lerpt,Atmo Auvergne-Rhône-Alpes,commune,804460.6,4.3364,6483826.4,45.4459,Saint-Etienne,Saint-Genest-Lerpt
ind_atmo_2021.fid-3d3c9ea3_19f17b50f06_6de6,2026-06-29T13:12:11.789Z,POINT (509904.38198255165 5705866.913700324),1,3,1,1,3,1,42225,#f0e641,2026-06-29T16:13:24Z,2026-06-30,2154,Dégradé,Genilac,Atmo Auvergne-Rhône-Alpes,commune,823352.6,4.5805,6493876.6,45.5333,Saint-Etienne,Genilac
ind_atmo_2021.fid-3d3c9ea3_19f17b50f06_6def,2026-06-29T13:12:11.789Z,POINT (486840.45887176873 5705236.704597868),1,3,1,1,3,1,42234,#f0e641,2026-06-29T16:13:25Z,2026-06-30,2154,Dégradé,Saint-Héand,Atmo Auvergne-Rhône-Alpes,commune,807192.3,4.3734,6493133.8,45.5293,Saint-Etienne,Saint-Héand
ind_atmo_2021.fid-3d3c9ea3_19f17b50f06_6df2,2026-06-29T13:12:11.789Z,POINT (494758.915891715 5692517.018903871),1,3,1,1,3,1,42237,#f0e641,2026-06-29T16:13:25Z,2026-06-30,2154,Dégradé,Saint-Jean-Bonnefonds,Atmo Auvergne-Rhône-Alpes,commune,812906.4,4.4445,6484338.6,45.4492,Saint-Etienne,Saint-Jean-Bonnefonds
ind_atmo_2021.fid-3d3c9ea3_19f17b50f06_6df7,2026-06-29T13:12:11.789Z,POINT (514090.6479805323 5709450.943788531),1,3,1,1,3,1,42242,#f0e641,2026-06-29T16:13:25Z,2026-06-30,2154,Dégradé,Saint-Joseph,Atmo Auvergne-Rhône-Alpes,commune,826235.8,4.6182,6496439.6,45.5558,Saint-Etienne,Saint-Joseph
ind_atmo_2021.fid-3d3c9ea3_19f17b50f06_6e04,2026-06-29T13:12:11.789Z,POINT (511579.5698997568 5707615.364749692),1,3,1,1,3,1,42259,#f0e641,2026-06-29T16:13:25Z,2026-06-30,2154,Dégradé,Saint-Martin-la-Plaine,Atmo Auvergne-Rhône-Alpes,commune,824502.2,4.5956,6495121.7,45.5443,Saint-Etienne,Saint-Martin-la-Plaine
ind_atmo_2021.fid-3d3c9ea3_19f17b50f06_6e07,2026-06-29T13:12:11.789Z,POINT (465474.7181628452 5685265.538604642),1,3,1,1,3,1,42262,#f0e641,2026-06-29T16:13:25Z,2026-06-30,2154,Dégradé,Saint-Maurice-en-Gourgois,Atmo Auvergne-Rhône-Alpes,commune,792422.1,4.1814,6478920.1,45.4035,Saint-Etienne,Saint-Maurice-en-Gourgois
ind_atmo_2021.fid-3d3c9ea3_19f17b50f06_6e09,2026-06-29T13:12:11.789Z,POINT (454244.8448161932 5685192.770144758),1,3,1,1,3,1,42266,#f0e641,2026-06-29T16:13:25Z,2026-06-30,2154,Dégradé,Saint-Nizier-de-Fornas,Atmo Auvergne-Rhône-Alpes,commune,784531.6,4.0806,6478756.1,45.403,Saint-Etienne,Saint-Nizier-de-Fornas
ind_atmo_2021.fid-3d3c9ea3_19f17b50f06_6e0d,2026-06-29T13:12:11.789Z,POINT (472178.4685437917 5684278.977041278),1,3,1,1,3,1,42270,#f0e641,2026-06-29T16:13:25Z,2026-06-30,2154,Dégradé,Cornillon,Atmo Auvergne-Rhône-Alpes,commune,797143.6,4.2417,6478301.4,45.3973,Saint-Etienne,Saint-Paul-en-Cornillon
ind_atmo_2021.fid-3d3c9ea3_19f17b50f06_6e0e,2026-06-29T13:12:11.789Z,POINT (509162.1114624393 5697935.052478521),1,3,1,1,3,1,42271,#f0e641,2026-06-29T16:13:25Z,2026-06-30,2154,Dégradé,Saint-Paul-en-Jarez,Atmo Auvergne-Rhône-Alpes,commune,822942.8,4.5739,6488321.9,45.4833,Saint-Etienne,Saint-Paul-en-Jarez
ind_atmo_2021.fid-3d3c9ea3_19f17b50f06_6e11,2026-06-29T13:12:11.789Z,POINT (487540.0724882984 5696361.641965153),1,3,1,1,3,1,42275,#f0e641,2026-06-29T16:13:26Z,2026-06-30,2154,Dégradé,Saint-Priest-en-Jarez,Atmo Auvergne-Rhône-Alpes,commune,807791.2,4.3796,6486937.7,45.4734,Saint-Etienne,Saint-Priest-en-Jarez
ind_atmo_2021.fid-3d3c9ea3_19f17b50f06_6e19,2026-06-29T13:12:11.789Z,POINT (504800.2629125046 5709442.325402556),1,3,1,1,3,1,42283,#f0e641,2026-06-29T16:13:26Z,2026-06-30,2154,Dégradé,Saint-Romain-en-Jarez,Atmo Auvergne-Rhône-Alpes,commune,819726.1,4.5347,6496303.6,45.5558,Saint-Etienne,Saint-Romain-en-Jarez
ind_atmo_2021.fid-3d3c9ea3_19f17b50f06_6e2a,2026-06-29T13:12:11.789Z,POINT (495322.6695534138 5699104.288432696),1,3,1,1,3,1,42302,#f0e641,2026-06-29T16:13:26Z,2026-06-30,2154,Dégradé,Sorbiers,Atmo Auvergne-Rhône-Alpes,commune,813217.6,4.4496,6488953.6,45.4907,Saint-Etienne,Sorbiers
ind_atmo_2021.fid-3d3c9ea3_19f17b50f06_6e2d,2026-06-29T13:12:11.789Z,POINT (493708.4756824608 5697653.661104534),1,3,1,1,3,1,42305,#f0e641,2026-06-29T16:13:26Z,2026-06-30,2154,Dégradé,La Talaudière,Atmo Auvergne-Rhône-Alpes,commune,812103.6,4.4351,6487918.5,45.4816,Saint-Etienne,La Talaudière
ind_atmo_2021.fid-3d3c9ea3_19f17b50f06_6e2f,2026-06-29T13:12:11.789Z,POINT (510181.8657282662 5692130.158253066),1,3,1,1,3,1,42308,#f0e641,2026-06-29T16:13:26Z,2026-06-30,2154,Dégradé,La Terrasse-sur-Dorlay,Atmo Auvergne-Rhône-Alpes,commune,823739.7,4.583,6484275.5,45.4468,Saint-Etienne,La Terrasse-sur-Dorlay
ind_atmo_2021.fid-3d3c9ea3_19f17b50f06_6e31,2026-06-29T13:12:11.789Z,POINT (488343.8855290551 5698306.954054828),1,3,1,1,3,1,42311,#f0e641,2026-06-29T16:13:26Z,2026-06-30,2154,Dégradé,La Tour-en-Jarez,Atmo Auvergne-Rhône-Alpes,commune,808331.4,4.3869,6488308.1,45.4857,Saint-Etienne,La Tour-en-Jarez
ind_atmo_2021.fid-3d3c9ea3_19f17b50f06_6e36,2026-06-29T13:12:11.789Z,POINT (474381.51929842273 5684664.54676792),1,3,1,1,3,1,42316,#f0e641,2026-06-29T16:13:26Z,2026-06-30,2154,Dégradé,Unieux,Atmo Auvergne-Rhône-Alpes,commune,798687.5,4.2614,6478596,45.3997,Saint-Etienne,Unieux
ind_atmo_2021.fid-3d3c9ea3_19f17b50f06_6e3a,2026-06-29T13:12:11.789Z,POINT (500147.6077783561 5703977.477497768),1,3,1,1,3,1,42320,#f0e641,2026-06-29T16:13:26Z,2026-06-30,2154,Dégradé,Valfleury,Atmo Auvergne-Rhône-Alpes,commune,816538.1,4.4929,6492423.2,45.5214,Saint-Etienne,Valfleury
ind_atmo_2021.fid-3d3c9ea3_19f17b50f06_6e3c,2026-06-29T13:12:11.789Z,POINT (502730.9337501976 5687338.703600841),1,3,1,1,3,1,42322,#f0e641,2026-06-29T16:13:26Z,2026-06-30,2154,Dégradé,La Valla-en-Gier,Atmo Auvergne-Rhône-Alpes,commune,818572.9,4.5161,6480819,45.4165,Saint-Etienne,La Valla-en-Gier
ind_atmo_2021.fid-3d3c9ea3_19f17b50f06_6e42,2026-06-29T13:12:11.789Z,POINT (484526.38637451985 5695456.558120563),1,3,1,1,3,1,42330,#f0e641,2026-06-29T16:13:27Z,2026-06-30,2154,Dégradé,Villars,Atmo Auvergne-Rhône-Alpes,commune,805687.1,4.3526,6486268,45.4677,Saint-Etienne,Villars
ind_atmo_2021.fid-3d3c9ea3_19f17b50f06_7487,2026-06-29T13:12:11.789Z,POINT (639833.0968592782 5643137.376774846),1,4,2,1,4,1,38057,#ff5050,2026-06-29T16:13:10Z,2026-06-30,2154,Mauvais,Bresson,Atmo Auvergne-Rhône-Alpes,commune,915944.9,5.7477,6452407.8,45.1371,Grenoble,Bresson
ind_atmo_2021.fid-3d3c9ea3_19f17b50f06_7489,2026-06-29T13:12:11.789Z,POINT (644178.8997239827 5639124.806902286),1,4,1,1,4,1,38059,#ff5050,2026-06-29T16:13:10Z,2026-06-30,2154,Mauvais,Brié Bas,Atmo Auvergne-Rhône-Alpes,commune,919111.4,5.7868,6449692.5,45.1117,Grenoble,Brié-et-Angonnes
ind_atmo_2021.fid-3d3c9ea3_19f17b50f06_7492,2026-06-29T13:12:11.789Z,POINT (637901.0402255324 5638392.686173809),1,4,1,1,4,1,38068,#ff5050,2026-06-29T16:13:10Z,2026-06-30,2154,Mauvais,Champagnier,Atmo Auvergne-Rhône-Alpes,commune,914696.9,5.7304,6449022.4,45.1071,Grenoble,Champagnier
ind_atmo_2021.fid-3d3c9ea3_19f17b50f06_7495,2026-06-29T13:12:11.789Z,POINT (638329.0922340989 5634551.603123415),1,4,1,1,4,1,38071,#ff5050,2026-06-29T16:13:10Z,2026-06-30,2154,Mauvais,Champ-sur-Drac,Atmo Auvergne-Rhône-Alpes,commune,915092.8,5.7342,6446329.2,45.0827,Grenoble,Champ-sur-Drac
ind_atmo_2021.fid-3d3c9ea3_19f17b50f06_74b9,2026-06-29T13:12:11.789Z,POINT (631520.1580390503 5640447.096952757),1,4,2,1,4,1,38111,#ff5050,2026-06-29T16:13:11Z,2026-06-30,2154,Mauvais,Claix,Atmo Auvergne-Rhône-Alpes,commune,910142.4,5.673,6450313.8,45.1201,Grenoble,Claix
ind_atmo_2021.fid-3d3c9ea3_19f17b50f06_74c2,2026-06-29T13:12:11.789Z,POINT (640149.9761390255 5654875.918545599),1,4,2,1,4,1,38126,#ff5050,2026-06-29T16:13:11Z,2026-06-30,2154,Mauvais,Montfleury,Atmo Auvergne-Rhône-Alpes,commune,915881,5.7506,6460666.4,45.2115,Grenoble,Corenc
ind_atmo_2021.fid-3d3c9ea3_19f17b50f06_74d7,2026-06-29T13:12:11.789Z,POINT (649929.0990293869 5653421.851342802),1,4,2,1,4,1,38150,#ff5050,2026-06-29T16:13:12Z,2026-06-30,2154,Mauvais,Domène,Atmo Auvergne-Rhône-Alpes,commune,922809.6,5.8384,6459889,45.2023,Grenoble,Domène
ind_atmo_2021.fid-3d3c9ea3_19f17b50f06_74d8,2026-06-29T13:12:11.789Z,POINT (636391.1505493193 5644912.87168755),2,4,2,2,4,1,38151,#ff5050,2026-06-29T16:13:12Z,2026-06-30,2154,Mauvais,Échirolles,Atmo Auvergne-Rhône-Alpes,commune,913472.9,5.7168,6453572.4,45.1484,Grenoble,Échirolles
ind_atmo_2021.fid-3d3c9ea3_19f17b50f06_74de,2026-06-29T13:12:11.789Z,POINT (640179.1300599682 5644805.976714965),1,4,2,1,4,1,38158,#ff5050,2026-06-29T16:13:12Z,2026-06-30,2154,Mauvais,Eybens,Atmo Auvergne-Rhône-Alpes,commune,916148.2,5.7508,6453589.8,45.1477,Grenoble,Eybens
ind_atmo_2021.fid-3d3c9ea3_19f17b50f06_74e6,2026-06-29T13:12:11.789Z,POINT (633210.9286438085 5651767.414284882),2,4,2,1,4,1,38169,#ff5050,2026-06-29T16:13:12Z,2026-06-30,2154,Mauvais,Fontaine,Atmo Auvergne-Rhône-Alpes,commune,911064.9,5.6882,6458314,45.1918,Grenoble,Fontaine
ind_atmo_2021.fid-3d3c9ea3_19f17b50f06_74e7,2026-06-29T13:12:11.789Z,POINT (630707.0293311005 5661994.13594275),1,4,1,1,4,1,38170,#ff5050,2026-06-29T16:13:12Z,2026-06-30,2154,Mauvais,Fontanil-Cornillon,Atmo Auvergne-Rhône-Alpes,commune,909057,5.6657,6465436.2,45.2565,Grenoble,Fontanil-Cornillon
ind_atmo_2021.fid-3d3c9ea3_19f17b50f06_74ed,2026-06-29T13:12:11.789Z,POINT (644667.8028565128 5649904.716132447),1,4,2,1,4,1,38179,#ff5050,2026-06-29T16:13:12Z,2026-06-30,2154,Mauvais,Gières,Atmo Auvergne-Rhône-Alpes,commune,919188.5,5.7911,6457285.4,45.18,Grenoble,Gières
ind_atmo_2021.fid-3d3c9ea3_19f17b50f06_74f3,2026-06-29T13:12:11.789Z,POINT (638577.8117198547 5650921.78697276),2,4,2,2,4,1,38185,#ff5050,2026-06-29T16:13:12Z,2026-06-30,2154,Mauvais,Grenoble,Atmo Auvergne-Rhône-Alpes,commune,914869.3,5.7364,6457849.8,45.1864,Grenoble,Grenoble
ind_atmo_2021.fid-3d3c9ea3_19f17b50f06_74f5,2026-06-29T13:12:11.789Z,POINT (628406.9309729083 5624963.758529322),1,4,1,1,4,1,38187,#ff5050,2026-06-29T16:13:12Z,2026-06-30,2154,Mauvais,les Saillants du Gua,Atmo Auvergne-Rhône-Alpes,commune,908310,5.6451,6439336.3,45.0219,Grenoble,Le Gua
ind_atmo_2021.fid-3d3c9ea3_19f17b50f06_74f6,2026-06-29T13:12:11.789Z,POINT (644916.6710591838 5643445.7347946735),1,4,1,1,4,1,38188,#ff5050,2026-06-29T16:13:12Z,2026-06-30,2154,Mauvais,Herbeys,Atmo Auvergne-Rhône-Alpes,commune,919524.7,5.7934,6452750.6,45.1391,Grenoble,Herbeys
ind_atmo_2021.fid-3d3c9ea3_19f17b50f06_7500,2026-06-29T13:12:11.789Z,POINT (639244.3379264448 5636776.887028787),1,4,1,1,4,1,38200,#ff5050,2026-06-29T16:13:13Z,2026-06-30,2154,Mauvais,le Clos Jouvin,Atmo Auvergne-Rhône-Alpes,commune,915684.9,5.7424,6447918.1,45.0968,Grenoble,Jarrie
ind_atmo_2021.fid-3d3c9ea3_19f17b50f06_7519,2026-06-29T13:12:11.789Z,POINT (643172.2371571927 5654607.999083446),1,4,2,1,4,1,38229,#ff5050,2026-06-29T16:13:13Z,2026-06-30,2154,Mauvais,Meylan,Atmo Auvergne-Rhône-Alpes,commune,918017.6,5.7777,6460552.8,45.2098,Grenoble,Meylan
ind_atmo_2021.fid-3d3c9ea3_19f17b50f06_751d,2026-06-29T13:12:11.789Z,POINT (625611.85398116 5617654.379291165),1,4,1,1,4,1,38235,#ff5050,2026-06-29T16:13:13Z,2026-06-30,2154,Mauvais,Lanchâtre,Atmo Auvergne-Rhône-Alpes,commune,906504.4,5.62,6434116.4,44.9754,Grenoble,Miribel-Lanchâtre
ind_atmo_2021.fid-3d3c9ea3_19f17b50f06_752c,2026-06-29T13:12:11.789Z,POINT (641518.0566958911 5636526.553933513),1,4,1,1,4,1,38252,#ff5050,2026-06-29T16:13:13Z,2026-06-30,2154,Mauvais,Montchaboud,Atmo Auvergne-Rhône-Alpes,commune,917296.8,5.7629,6447797.9,45.0952,Grenoble,Montchaboud
ind_atmo_2021.fid-3d3c9ea3_19f17b50f06_7531,2026-06-29T13:12:11.789Z,POINT (631609.6207557752 5664270.893001268),1,4,1,1,4,1,38258,#ff5050,2026-06-29T16:13:14Z,2026-06-30,2154,Mauvais,Mont-Saint-Martin,Atmo Auvergne-Rhône-Alpes,commune,909638.5,5.6738,6467055.5,45.2709,Grenoble,Mont-Saint-Martin
ind_atmo_2021.fid-3d3c9ea3_19f17b50f06_753d,2026-06-29T13:12:11.789Z,POINT (647733.4385044011 5651623.147105078),1,4,2,1,4,1,38271,#ff5050,2026-06-29T16:13:14Z,2026-06-30,2154,Mauvais,Murianette,Atmo Auvergne-Rhône-Alpes,commune,921307.1,5.8187,6458569.8,45.1909,Grenoble,Murianette
ind_atmo_2021.fid-3d3c9ea3_19f17b50f06_7542,2026-06-29T13:12:11.789Z,POINT (634412.5985892325 5623184.753949109),1,4,1,1,4,1,38277,#ff5050,2026-06-29T16:13:14Z,2026-06-30,2154,Mauvais,Notre-Dame-de-Commiers,Atmo Auvergne-Rhône-Alpes,commune,912600,5.699,6438226.1,45.0106,Grenoble,Notre-Dame-de-Commiers
ind_atmo_2021.fid-3d3c9ea3_19f17b50f06_7544,2026-06-29T13:12:11.789Z,POINT (640959.9186660941 5632580.224387245),1,4,1,1,4,1,38279,#ff5050,2026-06-29T16:13:14Z,2026-06-30,2154,Mauvais,la Commanderie,Atmo Auvergne-Rhône-Alpes,commune,916999.7,5.7578,6445005.8,45.0702,Grenoble,Notre-Dame-de-Mésage
ind_atmo_2021.fid-3d3c9ea3_19f17b50f06_7546,2026-06-29T13:12:11.789Z,POINT (626869.8848524452 5659941.58963989),1,4,1,1,4,1,38281,#ff5050,2026-06-29T16:13:14Z,2026-06-30,2154,Mauvais,le Maupas,Atmo Auvergne-Rhône-Alpes,commune,906402.8,5.6313,6463904.7,45.2435,Grenoble,Noyarey
ind_atmo_2021.fid-3d3c9ea3_19f17b50f06_755d,2026-06-29T13:12:11.789Z,POINT (641157.0828187923 5646657.409249184),1,4,1,1,4,1,38309,#ff5050,2026-06-29T16:13:15Z,2026-06-30,2154,Mauvais,Poisat,Atmo Auvergne-Rhône-Alpes,commune,916792.7,5.7596,6454915.7,45.1594,Grenoble,Poisat
ind_atmo_2021.fid-3d3c9ea3_19f17b50f06_7564,2026-06-29T13:12:11.789Z,POINT (634297.3762194194 5640948.259090301),1,4,2,1,4,1,38317,#ff5050,2026-06-29T16:13:15Z,2026-06-30,2154,Mauvais,Le Pont-de-Claix,Atmo Auvergne-Rhône-Alpes,commune,912090.9,5.698,6450733.1,45.1233,Grenoble,Le Pont-de-Claix
ind_atmo_2021.fid-3d3c9ea3_19f17b50f06_756c,2026-06-29T13:12:11.789Z,POINT (634480.9666498707 5662934.776612065),1,4,1,1,4,1,38325,#ff5050,2026-06-29T16:13:15Z,2026-06-30,2154,Mauvais,Proveysieux,Atmo Auvergne-Rhône-Alpes,commune,911692.1,5.6996,6466186.7,45.2625,Grenoble,Proveysieux
ind_atmo_2021.fid-3d3c9ea3_19f17b50f06_756e,2026-06-29T13:12:11.789Z,POINT (636502.4245255375 5661452.624614807),1,4,1,1,4,1,38328,#ff5050,2026-06-29T16:13:15Z,2026-06-30,2154,Mauvais,Quaix-en-Chartreuse,Atmo Auvergne-Rhône-Alpes,commune,913151.3,5.7178,6465195.3,45.2531,Grenoble,Quaix-en-Chartreuse
ind_atmo_2021.fid-3d3c9ea3_19f17b50f06_7591,2026-06-29T13:12:11.789Z,POINT (648482.2483462456 5628356.654660285),1,4,1,1,4,1,38364,#ff5050,2026-06-29T16:13:16Z,2026-06-30,2154,Mauvais,Saint-Barthélemy-de-Séchilienne,Atmo Auvergne-Rhône-Alpes,commune,922421,5.8254,6442219,45.0434,Grenoble,Saint-Barthélemy-de-Séchilienne
ind_atmo_2021.fid-3d3c9ea3_19f17b50f06_75a0,2026-06-29T13:12:11.789Z,POINT (632467.6303070772 5658394.659462735),1,4,1,1,4,1,38382,#ff5050,2026-06-29T16:13:16Z,2026-06-30,2154,Mauvais,Saint-Égrève,Atmo Auvergne-Rhône-Alpes,commune,910382.7,5.6816,6462951.3,45.2337,Grenoble,Saint-Égrève
ind_atmo_2021.fid-3d3c9ea3_19f17b50f06_75a5,2026-06-29T13:12:11.789Z,POINT (634655.4808521345 5627587.784258849),1,4,1,1,4,1,38388,#ff5050,2026-06-29T16:13:16Z,2026-06-30,2154,Mauvais,Saint-Georges-de-Commiers,Atmo Auvergne-Rhône-Alpes,commune,912665.6,5.7012,6441335.1,45.0385,Grenoble,Saint-Georges-de-Commiers
ind_atmo_2021.fid-3d3c9ea3_19f17b50f06_75c5,2026-06-29T13:12:11.789Z,POINT (640661.9878678791 5650494.575668583),1,4,2,2,4,1,38421,#ff5050,2026-06-29T16:13:17Z,2026-06-30,2154,Mauvais,Saint-Martin-d'Hères,Atmo Auvergne-Rhône-Alpes,commune,916349.3,5.7552,6457600.7,45.1837,Grenoble,Saint-Martin-d'Hères
ind_atmo_2021.fid-3d3c9ea3_19f17b50f06_75c7,2026-06-29T13:12:11.789Z,POINT (635134.5417985106 5654483.531565944),2,4,2,1,4,1,38423,#ff5050,2026-06-29T16:13:17Z,2026-06-30,2154,Mauvais,Saint-Martin-le-Vinoux,Atmo Auvergne-Rhône-Alpes,commune,912355.7,5.7055,6460268.6,45.209,Grenoble,Saint-Martin-le-Vinoux
ind_atmo_2021.fid-3d3c9ea3_19f17b50f06_75d3,2026-06-29T13:12:11.789Z,POINT (628201.6429659445 5632869.9421933275),1,4,1,1,4,1,38436,#ff5050,2026-06-29T16:13:17Z,2026-06-30,2154,Mauvais,Saint-Paul-de-Varces,Atmo Auvergne-Rhône-Alpes,commune,907978.3,5.6432,6444901.4,45.072,Grenoble,Saint-Paul-de-Varces
ind_atmo_2021.fid-3d3c9ea3_19f17b50f06_75db,2026-06-29T13:12:11.789Z,POINT (641645.8286705945 5629706.633181034),1,4,1,1,4,1,38445,#ff5050,2026-06-29T16:13:17Z,2026-06-30,2154,Mauvais,le Petit David,Atmo Auvergne-Rhône-Alpes,commune,917555.2,5.764,6442998.9,45.052,Grenoble,Saint-Pierre-de-Mésage
ind_atmo_2021.fid-3d3c9ea3_19f17b50f06_75f2,2026-06-29T13:12:11.789Z,POINT (643205.8855308895 5662455.043427564),1,4,1,1,4,1,38471,#ff5050,2026-06-29T16:13:18Z,2026-06-30,2154,Mauvais,Le Sappey-en-Chartreuse,Atmo Auvergne-Rhône-Alpes,commune,917847.4,5.778,6466063.2,45.2594,Grenoble,Le Sappey-en-Chartreuse
ind_atmo_2021.fid-3d3c9ea3_19f17b50f06_75f4,2026-06-29T13:12:11.789Z,POINT (630478.9609552599 5654114.847730278),1,4,2,1,4,1,38474,#ff5050,2026-06-29T16:13:18Z,2026-06-30,2154,Mauvais,Sassenage,Atmo Auvergne-Rhône-Alpes,commune,909083.1,5.6637,6459898,45.2067,Grenoble,Sassenage
ind_atmo_2021.fid-3d3c9ea3_19f17b50f06_75f7,2026-06-29T13:12:11.789Z,POINT (649480.1397112533 5630229.41961243),1,4,1,1,4,1,38478,#ff5050,2026-06-29T16:13:18Z,2026-06-30,2154,Mauvais,Séchilienne,Atmo Auvergne-Rhône-Alpes,commune,923079,5.8344,6443563.5,45.0553,Grenoble,Séchilienne
ind_atmo_2021.fid-3d3c9ea3_19f17b50f06_75fd,2026-06-29T13:12:11.789Z,POINT (634119.5966631962 5649990.46520755),2,4,2,1,4,1,38485,#ff5050,2026-06-29T16:13:18Z,2026-06-30,2154,Mauvais,les Îles,Atmo Auvergne-Rhône-Alpes,commune,911748.2,5.6964,6457087.1,45.1806,Grenoble,Seyssinet-Pariset
ind_atmo_2021.fid-3d3c9ea3_19f17b50f06_75fe,2026-06-29T13:12:11.789Z,POINT (633026.0678509278 5647084.3726043785),1,4,2,1,4,1,38486,#ff5050,2026-06-29T16:13:18Z,2026-06-30,2154,Mauvais,Seyssins,Atmo Auvergne-Rhône-Alpes,commune,911046.6,5.6866,6455018,45.1621,Grenoble,Seyssins
ind_atmo_2021.fid-3d3c9ea3_19f17b50f06_7617,2026-06-29T13:12:11.789Z,POINT (638759.2203764676 5653863.875743425),1,4,2,2,4,1,38516,#ff5050,2026-06-29T16:13:19Z,2026-06-30,2154,Mauvais,La Tronche,Atmo Auvergne-Rhône-Alpes,commune,914925.5,5.7381,6459921.4,45.2051,Grenoble,La Tronche
ind_atmo_2021.fid-3d3c9ea3_19f17b50f06_761e,2026-06-29T13:12:11.789Z,POINT (632470.3520436127 5635180.8207722055),1,4,1,1,4,1,38524,#ff5050,2026-06-29T16:13:19Z,2026-06-30,2154,Mauvais,Varces,Atmo Auvergne-Rhône-Alpes,commune,910939.1,5.6816,6446630.2,45.0867,Grenoble,Varces-Allières-et-Risset
ind_atmo_2021.fid-3d3c9ea3_19f17b50f06_7621,2026-06-29T13:12:11.789Z,POINT (646045.7801341333 5637838.211841329),1,4,1,1,4,1,38528,#ff5050,2026-06-29T16:13:19Z,2026-06-30,2154,Mauvais,les Meynards,Atmo Auvergne-Rhône-Alpes,commune,920461.6,5.8035,6448833.8,45.1036,Grenoble,Vaulnaveys-le-Bas
ind_atmo_2021.fid-3d3c9ea3_19f17b50f06_7622,2026-06-29T13:12:11.789Z,POINT (646891.365417312 5640303.305174108),1,4,1,1,4,1,38529,#ff5050,2026-06-29T16:13:19Z,2026-06-30,2154,Mauvais,Vaulnaveys-le-Haut,Atmo Auvergne-Rhône-Alpes,commune,920996.9,5.8111,6450589.6,45.1192,Grenoble,Vaulnaveys-le-Haut
ind_atmo_2021.fid-3d3c9ea3_19f17b50f06_7626,2026-06-29T13:12:11.789Z,POINT (646095.5779403693 5648682.985013957),1,4,1,1,4,1,38533,#ff5050,2026-06-29T16:13:19Z,2026-06-30,2154,Mauvais,Venon,Atmo Auvergne-Rhône-Alpes,commune,920225.8,5.804,6456462.4,45.1723,Grenoble,Venon
ind_atmo_2021.fid-3d3c9ea3_19f17b50f06_762c,2026-06-29T13:12:11.789Z,POINT (624816.919948837 5664464.78351673),1,4,1,1,4,1,38540,#ff5050,2026-06-29T16:13:19Z,2026-06-30,2154,Mauvais,Veurey-Voroize,Atmo Auvergne-Rhône-Alpes,commune,904851.6,5.6128,6467031.4,45.2721,Grenoble,Veurey-Voroize
ind_atmo_2021.fid-3d3c9ea3_19f17b50f06_7630,2026-06-29T13:12:11.789Z,POINT (631073.1989871077 5630397.396297987),1,4,1,1,4,1,38545,#ff5050,2026-06-29T16:13:19Z,2026-06-30,2154,Mauvais,Vif,Atmo Auvergne-Rhône-Alpes,commune,910066.1,5.669,6443228.3,45.0564,Grenoble,Vif
ind_atmo_2021.fid-3d3c9ea3_19f17b50f06_763e,2026-06-29T13:12:11.789Z,POINT (642592.9470967088 5633700.579298655),1,4,1,1,4,1,38562,#ff5050,2026-06-29T16:13:20Z,2026-06-30,2154,Mauvais,Vizille,Atmo Auvergne-Rhône-Alpes,commune,918125.8,5.7725,6445835.1,45.0773,Grenoble,Vizille
ind_atmo_2021.fid-3d3c9ea3_19f17b50f06_7648,2026-06-29T13:12:11.789Z,POINT (519532.41485052294 5710156.703735402),1,4,1,1,4,1,42083,#ff5050,2026-06-29T16:13:21Z,2026-06-30,2154,Mauvais,Dargoire,Atmo Auvergne-Rhône-Alpes,commune,830038.4,4.667,6497011.8,45.5602,Saint-Etienne,Dargoire
ind_atmo_2021.fid-3d3c9ea3_19f17b50f06_764e,2026-06-29T13:12:11.789Z,POINT (519974.2831698341 5695141.657185019),1,4,1,1,4,1,42167,#ff5050,2026-06-29T16:13:23Z,2026-06-30,2154,Mauvais,Pavezin,Atmo Auvergne-Rhône-Alpes,commune,830570.1,4.671,6486524.1,45.4657,Saint-Etienne,Pavezin
ind_atmo_2021.fid-3d3c9ea3_19f17b50f06_7652,2026-06-29T13:12:11.789Z,POINT (502357.15963382233 5696805.775470081),1,4,1,1,4,1,42207,#ff5050,2026-06-29T16:13:24Z,2026-06-30,2154,Mauvais,Saint-Chamond,Atmo Auvergne-Rhône-Alpes,commune,818183.4,4.5128,6487438.8,45.4762,Saint-Etienne,Saint-Chamond
ind_atmo_2021.fid-3d3c9ea3_19f17b50f06_7655,2026-06-29T13:12:11.789Z,POINT (519645.1519437947 5709057.901616148),1,4,1,1,4,1,42307,#ff5050,2026-06-29T16:13:26Z,2026-06-30,2154,Mauvais,Tartaras,Atmo Auvergne-Rhône-Alpes,commune,830133.6,4.6681,6496246.1,45.5533,Saint-Etienne,Tartaras
ind_atmo_2021.fid-3d3c9ea3_19f17b50f06_7dd9,2026-06-29T13:12:11.789Z,POINT (639833.0968592782 5643137.376774846),1,3,1,1,3,1,38057,#f0e641,2026-06-29T16:13:10Z,2026-07-01,2154,Dégradé,Bresson,Atmo Auvergne-Rhône-Alpes,commune,915944.9,5.7477,6452407.8,45.1371,Grenoble,Bresson
ind_atmo_2021.fid-3d3c9ea3_19f17b50f06_7dda,2026-06-29T13:12:11.789Z,POINT (644178.8997239827 5639124.806902286),1,3,1,1,3,1,38059,#f0e641,2026-06-29T16:13:10Z,2026-07-01,2154,Dégradé,Brié Bas,Atmo Auvergne-Rhône-Alpes,commune,919111.4,5.7868,6449692.5,45.1117,Grenoble,Brié-et-Angonnes
ind_atmo_2021.fid-3d3c9ea3_19f17b50f06_7ddc,2026-06-29T13:12:11.789Z,POINT (637901.0402255324 5638392.686173809),1,3,1,1,3,1,38068,#f0e641,2026-06-29T16:13:10Z,2026-07-01,2154,Dégradé,Champagnier,Atmo Auvergne-Rhône-Alpes,commune,914696.9,5.7304,6449022.4,45.1071,Grenoble,Champagnier
ind_atmo_2021.fid-3d3c9ea3_19f17b50f06_7de9,2026-06-29T13:12:11.789Z,POINT (631520.1580390503 5640447.096952757),1,3,1,1,3,1,38111,#f0e641,2026-06-29T16:13:11Z,2026-07-01,2154,Dégradé,Claix,Atmo Auvergne-Rhône-Alpes,commune,910142.4,5.673,6450313.8,45.1201,Grenoble,Claix
ind_atmo_2021.fid-3d3c9ea3_19f17b50f06_7df4,2026-06-29T13:12:11.789Z,POINT (649929.0990293869 5653421.851342802),1,3,1,1,3,1,38150,#f0e641,2026-06-29T16:13:12Z,2026-07-01,2154,Dégradé,Domène,Atmo Auvergne-Rhône-Alpes,commune,922809.6,5.8384,6459889,45.2023,Grenoble,Domène
ind_atmo_2021.fid-3d3c9ea3_19f17b50f06_7df5,2026-06-29T13:12:11.789Z,POINT (636391.1505493193 5644912.87168755),1,3,1,1,3,1,38151,#f0e641,2026-06-29T16:13:12Z,2026-07-01,2154,Dégradé,Échirolles,Atmo Auvergne-Rhône-Alpes,commune,913472.9,5.7168,6453572.4,45.1484,Grenoble,Échirolles
ind_atmo_2021.fid-3d3c9ea3_19f17b50f06_7df8,2026-06-29T13:12:11.789Z,POINT (640179.1300599682 5644805.976714965),1,3,2,1,3,1,38158,#f0e641,2026-06-29T16:13:12Z,2026-07-01,2154,Dégradé,Eybens,Atmo Auvergne-Rhône-Alpes,commune,916148.2,5.7508,6453589.8,45.1477,Grenoble,Eybens
ind_atmo_2021.fid-3d3c9ea3_19f17b50f06_7dfc,2026-06-29T13:12:11.789Z,POINT (633210.9286438085 5651767.414284882),1,3,1,1,3,1,38169,#f0e641,2026-06-29T16:13:12Z,2026-07-01,2154,Dégradé,Fontaine,Atmo Auvergne-Rhône-Alpes,commune,911064.9,5.6882,6458314,45.1918,Grenoble,Fontaine
ind_atmo_2021.fid-3d3c9ea3_19f17b50f06_7dfd,2026-06-29T13:12:11.789Z,POINT (630707.0293311005 5661994.13594275),1,3,1,1,3,1,38170,#f0e641,2026-06-29T16:13:12Z,2026-07-01,2154,Dégradé,Fontanil-Cornillon,Atmo Auvergne-Rhône-Alpes,commune,909057,5.6657,6465436.2,45.2565,Grenoble,Fontanil-Cornillon
ind_atmo_2021.fid-3d3c9ea3_19f17b50f06_7e04,2026-06-29T13:12:11.789Z,POINT (628406.9309729083 5624963.758529322),1,3,1,1,3,1,38187,#f0e641,2026-06-29T16:13:12Z,2026-07-01,2154,Dégradé,les Saillants du Gua,Atmo Auvergne-Rhône-Alpes,commune,908310,5.6451,6439336.3,45.0219,Grenoble,Le Gua
ind_atmo_2021.fid-3d3c9ea3_19f17b50f06_7e08,2026-06-29T13:12:11.789Z,POINT (639244.3379264448 5636776.887028787),1,3,1,1,3,1,38200,#f0e641,2026-06-29T16:13:13Z,2026-07-01,2154,Dégradé,le Clos Jouvin,Atmo Auvergne-Rhône-Alpes,commune,915684.9,5.7424,6447918.1,45.0968,Grenoble,Jarrie
ind_atmo_2021.fid-3d3c9ea3_19f17b50f06_7e14,2026-06-29T13:12:11.789Z,POINT (625611.85398116 5617654.379291165),1,3,1,1,3,1,38235,#f0e641,2026-06-29T16:13:13Z,2026-07-01,2154,Dégradé,Lanchâtre,Atmo Auvergne-Rhône-Alpes,commune,906504.4,5.62,6434116.4,44.9754,Grenoble,Miribel-Lanchâtre
ind_atmo_2021.fid-3d3c9ea3_19f17b50f06_7e1b,2026-06-29T13:12:11.789Z,POINT (641518.0566958911 5636526.553933513),1,3,1,1,3,1,38252,#f0e641,2026-06-29T16:13:13Z,2026-07-01,2154,Dégradé,Montchaboud,Atmo Auvergne-Rhône-Alpes,commune,917296.8,5.7629,6447797.9,45.0952,Grenoble,Montchaboud
ind_atmo_2021.fid-3d3c9ea3_19f17b50f06_7e1d,2026-06-29T13:12:11.789Z,POINT (631609.6207557752 5664270.893001268),1,3,1,1,3,1,38258,#f0e641,2026-06-29T16:13:14Z,2026-07-01,2154,Dégradé,Mont-Saint-Martin,Atmo Auvergne-Rhône-Alpes,commune,909638.5,5.6738,6467055.5,45.2709,Grenoble,Mont-Saint-Martin
ind_atmo_2021.fid-3d3c9ea3_19f17b50f06_7e2f,2026-06-29T13:12:11.789Z,POINT (634297.3762194194 5640948.259090301),1,3,1,1,3,1,38317,#f0e641,2026-06-29T16:13:15Z,2026-07-01,2154,Dégradé,Le Pont-de-Claix,Atmo Auvergne-Rhône-Alpes,commune,912090.9,5.698,6450733.1,45.1233,Grenoble,Le Pont-de-Claix
ind_atmo_2021.fid-3d3c9ea3_19f17b50f06_7e33,2026-06-29T13:12:11.789Z,POINT (634480.9666498707 5662934.776612065),1,3,1,1,3,1,38325,#f0e641,2026-06-29T16:13:15Z,2026-07-01,2154,Dégradé,Proveysieux,Atmo Auvergne-Rhône-Alpes,commune,911692.1,5.6996,6466186.7,45.2625,Grenoble,Proveysieux
ind_atmo_2021.fid-3d3c9ea3_19f17b50f06_7e35,2026-06-29T13:12:11.789Z,POINT (636502.4245255375 5661452.624614807),1,3,1,1,3,1,38328,#f0e641,2026-06-29T16:13:15Z,2026-07-01,2154,Dégradé,Quaix-en-Chartreuse,Atmo Auvergne-Rhône-Alpes,commune,913151.3,5.7178,6465195.3,45.2531,Grenoble,Quaix-en-Chartreuse
ind_atmo_2021.fid-3d3c9ea3_19f17b50f06_7e40,2026-06-29T13:12:11.789Z,POINT (648482.2483462456 5628356.654660285),1,3,1,1,3,1,38364,#f0e641,2026-06-29T16:13:16Z,2026-07-01,2154,Dégradé,Saint-Barthélemy-de-Séchilienne,Atmo Auvergne-Rhône-Alpes,commune,922421,5.8254,6442219,45.0434,Grenoble,Saint-Barthélemy-de-Séchilienne
ind_atmo_2021.fid-3d3c9ea3_19f17b50f06_7e5e,2026-06-29T13:12:11.789Z,POINT (628201.6429659445 5632869.9421933275),1,3,1,1,3,1,38436,#f0e641,2026-06-29T16:13:17Z,2026-07-01,2154,Dégradé,Saint-Paul-de-Varces,Atmo Auvergne-Rhône-Alpes,commune,907978.3,5.6432,6444901.4,45.072,Grenoble,Saint-Paul-de-Varces
ind_atmo_2021.fid-3d3c9ea3_19f17b50f06_7e69,2026-06-29T13:12:11.789Z,POINT (643205.8855308895 5662455.043427564),1,3,1,1,3,1,38471,#f0e641,2026-06-29T16:13:18Z,2026-07-01,2154,Dégradé,Le Sappey-en-Chartreuse,Atmo Auvergne-Rhône-Alpes,commune,917847.4,5.778,6466063.2,45.2594,Grenoble,Le Sappey-en-Chartreuse
ind_atmo_2021.fid-3d3c9ea3_19f17b50f06_7e6a,2026-06-29T13:12:11.789Z,POINT (640979.0006995137 5664715.4557205485),1,3,1,1,3,1,38472,#f0e641,2026-06-29T16:13:18Z,2026-07-01,2154,Dégradé,Sarcenas,Atmo Auvergne-Rhône-Alpes,commune,916223.9,5.758,6467594.4,45.2737,Grenoble,Sarcenas
ind_atmo_2021.fid-3d3c9ea3_19f17b50f06_7e6b,2026-06-29T13:12:11.789Z,POINT (649480.1397112533 5630229.41961243),1,3,1,1,3,1,38478,#f0e641,2026-06-29T16:13:18Z,2026-07-01,2154,Dégradé,Séchilienne,Atmo Auvergne-Rhône-Alpes,commune,923079,5.8344,6443563.5,45.0553,Grenoble,Séchilienne
ind_atmo_2021.fid-3d3c9ea3_19f17b50f06_7e6c,2026-06-29T13:12:11.789Z,POINT (634119.5966631962 5649990.46520755),1,3,1,1,3,1,38485,#f0e641,2026-06-29T16:13:18Z,2026-07-01,2154,Dégradé,les Îles,Atmo Auvergne-Rhône-Alpes,commune,911748.2,5.6964,6457087.1,45.1806,Grenoble,Seyssinet-Pariset
ind_atmo_2021.fid-3d3c9ea3_19f17b50f06_7e6d,2026-06-29T13:12:11.789Z,POINT (633026.0678509278 5647084.3726043785),1,3,1,1,3,1,38486,#f0e641,2026-06-29T16:13:18Z,2026-07-01,2154,Dégradé,Seyssins,Atmo Auvergne-Rhône-Alpes,commune,911046.6,5.6866,6455018,45.1621,Grenoble,Seyssins
ind_atmo_2021.fid-3d3c9ea3_19f17b50f06_7e7c,2026-06-29T13:12:11.789Z,POINT (646045.7801341333 5637838.211841329),1,3,1,1,3,1,38528,#f0e641,2026-06-29T16:13:19Z,2026-07-01,2154,Dégradé,les Meynards,Atmo Auvergne-Rhône-Alpes,commune,920461.6,5.8035,6448833.8,45.1036,Grenoble,Vaulnaveys-le-Bas
ind_atmo_2021.fid-3d3c9ea3_19f17b50f06_7e7d,2026-06-29T13:12:11.789Z,POINT (646891.365417312 5640303.305174108),1,3,1,1,3,1,38529,#f0e641,2026-06-29T16:13:19Z,2026-07-01,2154,Dégradé,Vaulnaveys-le-Haut,Atmo Auvergne-Rhône-Alpes,commune,920996.9,5.8111,6450589.6,45.1192,Grenoble,Vaulnaveys-le-Haut
ind_atmo_2021.fid-3d3c9ea3_19f17b50f06_7e88,2026-06-29T13:12:11.789Z,POINT (642592.9470967088 5633700.579298655),1,3,1,1,3,1,38562,#f0e641,2026-06-29T16:13:20Z,2026-07-01,2154,Dégradé,Vizille,Atmo Auvergne-Rhône-Alpes,commune,918125.8,5.7725,6445835.1,45.0773,Grenoble,Vizille
ind_atmo_2021.fid-3d3c9ea3_19f17b50f06_7e8b,2026-06-29T13:12:11.789Z,POINT (459808.126288222 5687082.7597260205),1,3,1,1,3,1,42001,#f0e641,2026-06-29T16:13:20Z,2026-07-01,2154,Dégradé,Aboën,Atmo Auvergne-Rhône-Alpes,commune,788422,4.1305,6480134.4,45.4149,Saint-Etienne,Aboën
ind_atmo_2021.fid-3d3c9ea3_19f17b50f06_7e8e,2026-06-29T13:12:11.789Z,POINT (474132.5940124654 5704549.8598968135),1,3,1,1,3,1,42005,#f0e641,2026-06-29T16:13:20Z,2026-07-01,2154,Dégradé,Andrézieux,Atmo Auvergne-Rhône-Alpes,commune,798290.7,4.2592,6492505.3,45.525,Saint-Etienne,Andrézieux-Bouthéon
ind_atmo_2021.fid-3d3c9ea3_19f17b50f06_7ea6,2026-06-29T13:12:11.789Z,POINT (472286.13194444583 5687677.9675158635),1,3,1,1,3,1,42031,#f0e641,2026-06-29T16:13:20Z,2026-07-01,2154,Dégradé,Vareilles,Atmo Auvergne-Rhône-Alpes,commune,797181.8,4.2426,6480682.9,45.4187,Saint-Etienne,Caloire
ind_atmo_2021.fid-3d3c9ea3_19f17b50f06_7ea7,2026-06-29T13:12:11.789Z,POINT (505526.4148728619 5704274.454621093),1,3,1,1,3,1,42032,#f0e641,2026-06-29T16:13:20Z,2026-07-01,2154,Dégradé,Cellieu,Atmo Auvergne-Rhône-Alpes,commune,820305.4,4.5412,6492703.2,45.5232,Saint-Etienne,Cellieu
ind_atmo_2021.fid-3d3c9ea3_19f17b50f06_7eab,2026-06-29T13:12:11.789Z,POINT (506906.6734806738 5706087.487257533),1,3,1,1,3,1,42036,#f0e641,2026-06-29T16:13:20Z,2026-07-01,2154,Dégradé,Chagnon,Atmo Auvergne-Rhône-Alpes,commune,821248.2,4.5536,6493989,45.5346,Saint-Etienne,Chagnon
ind_atmo_2021.fid-3d3c9ea3_19f17b50f06_7eb2,2026-06-29T13:12:11.789Z,POINT (480943.66992650594 5712795.657517992),1,3,1,1,3,1,42043,#f0e641,2026-06-29T16:13:21Z,2026-07-01,2154,Dégradé,Chambœuf,Atmo Auvergne-Rhône-Alpes,commune,802969.9,4.3204,6498343,45.5768,Saint-Etienne,Chambœuf
ind_atmo_2021.fid-3d3c9ea3_19f17b50f06_7eb3,2026-06-29T13:12:11.789Z,POINT (481461.15971563203 5684071.058236516),1,3,1,1,3,1,42044,#f0e641,2026-06-29T16:13:21Z,2026-07-01,2154,Dégradé,Le Chambon-Feugerolles,Atmo Auvergne-Rhône-Alpes,commune,803669.5,4.325,6478261.8,45.3959,Saint-Etienne,Le Chambon-Feugerolles
ind_atmo_2021.fid-3d3c9ea3_19f17b50f06_7ebb,2026-06-29T13:12:11.789Z,POINT (514858.17597576015 5704061.530396665),1,3,1,1,3,1,42053,#f0e641,2026-06-29T16:13:21Z,2026-07-01,2154,Dégradé,Mairie de Châteauneuf,Atmo Auvergne-Rhône-Alpes,commune,826851.1,4.625,6492685.6,45.5219,Saint-Etienne,Châteauneuf
ind_atmo_2021.fid-3d3c9ea3_19f17b50f06_7ed3,2026-06-29T13:12:11.789Z,POINT (519532.41485052294 5710156.703735402),1,3,1,1,3,1,42083,#f0e641,2026-06-29T16:13:21Z,2026-07-01,2154,Dégradé,Dargoire,Atmo Auvergne-Rhône-Alpes,commune,830038.4,4.667,6497011.8,45.5602,Saint-Etienne,Dargoire
ind_atmo_2021.fid-3d3c9ea3_19f17b50f06_7ed5,2026-06-29T13:12:11.789Z,POINT (510543.5297824575 5689009.495900578),1,3,1,1,3,1,42085,#f0e641,2026-06-29T16:13:21Z,2026-07-01,2154,Dégradé,Doizieux,Atmo Auvergne-Rhône-Alpes,commune,824037.5,4.5863,6482096.5,45.4271,Saint-Etienne,Doizieux
ind_atmo_2021.fid-3d3c9ea3_19f17b50f06_7edc,2026-06-29T13:12:11.789Z,POINT (487276.8730249014 5698287.227055081),1,3,1,1,3,1,42092,#f0e641,2026-06-29T16:13:22Z,2026-07-01,2154,Dégradé,L'Étrat,Atmo Auvergne-Rhône-Alpes,commune,807583,4.3773,6488281.2,45.4855,Saint-Etienne,L'Étrat
ind_atmo_2021.fid-3d3c9ea3_19f17b50f06_7edd,2026-06-29T13:12:11.789Z,POINT (511768.0937844134 5699335.106151811),1,3,1,1,3,1,42093,#f0e641,2026-06-29T16:13:22Z,2026-07-01,2154,Dégradé,Farnay,Atmo Auvergne-Rhône-Alpes,commune,824751.4,4.5973,6489337.6,45.4921,Saint-Etienne,Farnay
ind_atmo_2021.fid-3d3c9ea3_19f17b50f06_7edf,2026-06-29T13:12:11.789Z,POINT (477246.0601447006 5682806.809304461),1,3,1,1,3,1,42095,#f0e641,2026-06-29T16:13:22Z,2026-07-01,2154,Dégradé,Firminy,Atmo Auvergne-Rhône-Alpes,commune,800721.7,4.2872,6477327.2,45.388,Saint-Etienne,Firminy
ind_atmo_2021.fid-3d3c9ea3_19f17b50f06_7ee0,2026-06-29T13:12:11.789Z,POINT (493961.60063591663 5708028.458647636),1,3,1,1,3,1,42096,#f0e641,2026-06-29T16:13:22Z,2026-07-01,2154,Dégradé,Fontanès,Atmo Auvergne-Rhône-Alpes,commune,812149.2,4.4373,6495173.1,45.5469,Saint-Etienne,Fontanès
ind_atmo_2021.fid-3d3c9ea3_19f17b50f06_7ee1,2026-06-29T13:12:11.789Z,POINT (480803.57082622463 5700635.905979272),1,3,1,1,3,1,42097,#f0e641,2026-06-29T16:13:22Z,2026-07-01,2154,Dégradé,La Fouillouse,Atmo Auvergne-Rhône-Alpes,commune,803013.7,4.3191,6489845.9,45.5003,Saint-Etienne,La Fouillouse
ind_atmo_2021.fid-3d3c9ea3_19f17b50f06_7ee3,2026-06-29T13:12:11.789Z,POINT (475235.83844215603 5682830.751735309),1,3,1,1,3,1,42099,#f0e641,2026-06-29T16:13:22Z,2026-07-01,2154,Dégradé,Fraisses,Atmo Auvergne-Rhône-Alpes,commune,799308.5,4.2691,6477321.1,45.3881,Saint-Etienne,Fraisses
ind_atmo_2021.fid-3d3c9ea3_19f17b50f06_7ee4,2026-06-29T13:12:11.789Z,POINT (490859.53387229535 5709731.602297561),1,3,1,1,3,1,42100,#f0e641,2026-06-29T16:13:22Z,2026-07-01,2154,Dégradé,La Gimond,Atmo Auvergne-Rhône-Alpes,commune,809953.9,4.4095,6496323.5,45.5576,Saint-Etienne,La Gimond
ind_atmo_2021.fid-3d3c9ea3_19f17b50f06_7ee7,2026-06-29T13:12:11.789Z,POINT (508676.23248091276 5701215.610599158),1,3,1,1,3,1,42103,#f0e641,2026-06-29T16:13:22Z,2026-07-01,2154,Dégradé,La Grand-Croix,Atmo Auvergne-Rhône-Alpes,commune,822556.3,4.5695,6490608.8,45.504,Saint-Etienne,La Grand-Croix
ind_atmo_2021.fid-3d3c9ea3_19f17b50f06_7eed,2026-06-29T13:12:11.789Z,POINT (505718.77625927597 5698306.408343924),1,3,1,1,3,1,42110,#f0e641,2026-06-29T16:13:22Z,2026-07-01,2154,Dégradé,L'Horme,Atmo Auvergne-Rhône-Alpes,commune,820521.8,4.5429,6488533.9,45.4857,Saint-Etienne,L'Horme
ind_atmo_2021.fid-3d3c9ea3_19f17b50f06_7ef8,2026-06-29T13:12:11.789Z,POINT (509913.57215360383 5702660.53919677),1,3,1,1,3,1,42123,#f0e641,2026-06-29T16:13:22Z,2026-07-01,2154,Dégradé,Lorette,Atmo Auvergne-Rhône-Alpes,commune,823403.9,4.5806,6491636.1,45.5131,Saint-Etienne,Lorette
ind_atmo_2021.fid-3d3c9ea3_19f17b50f06_7eff,2026-06-29T13:12:11.789Z,POINT (498908.3061335458 5712044.5570345195),1,3,1,1,3,1,42133,#f0e641,2026-06-29T16:13:22Z,2026-07-01,2154,Dégradé,Marcenod,Atmo Auvergne-Rhône-Alpes,commune,815563.4,4.4818,6498041.9,45.5721,Saint-Etienne,Marcenod
ind_atmo_2021.fid-3d3c9ea3_19f17b50f06_7f20,2026-06-29T13:12:11.789Z,POINT (519974.2831698341 5695141.657185019),1,3,1,1,3,1,42167,#f0e641,2026-06-29T16:13:23Z,2026-07-01,2154,Dégradé,Pavezin,Atmo Auvergne-Rhône-Alpes,commune,830570.1,4.671,6486524.1,45.4657,Saint-Etienne,Pavezin
ind_atmo_2021.fid-3d3c9ea3_19f17b50f06_7f2f,2026-06-29T13:12:11.789Z,POINT (486027.9870536805 5685382.640250442),1,3,1,1,3,1,42183,#f0e641,2026-06-29T16:13:24Z,2026-07-01,2154,Dégradé,La Ricamarie,Atmo Auvergne-Rhône-Alpes,commune,806863,4.3661,6479235.1,45.4042,Saint-Etienne,La Ricamarie
ind_atmo_2021.fid-3d3c9ea3_19f17b50f06_7f32,2026-06-29T13:12:11.789Z,POINT (514183.3926857796 5705289.295806168),1,3,1,1,3,1,42186,#f0e641,2026-06-29T16:13:24Z,2026-07-01,2154,Dégradé,Rive-de-Gier,Atmo Auvergne-Rhône-Alpes,commune,826360.4,4.619,6493533.8,45.5296,Saint-Etienne,Rive-de-Gier
ind_atmo_2021.fid-3d3c9ea3_19f17b50f06_7f35,2026-06-29T13:12:11.789Z,POINT (481189.6748515194 5689946.039983202),1,3,1,1,3,1,42189,#f0e641,2026-06-29T16:13:24Z,2026-07-01,2154,Dégradé,Roche-la-Molière,Atmo Auvergne-Rhône-Alpes,commune,803409.8,4.3226,6482372.3,45.433,Saint-Etienne,Roche-la-Molière
ind_atmo_2021.fid-3d3c9ea3_19f17b50f06_7f36,2026-06-29T13:12:11.789Z,POINT (456814.7558341427 5680188.496084446),1,3,1,1,3,1,42192,#f0e641,2026-06-29T16:13:24Z,2026-07-01,2154,Dégradé,Rozier-Côtes-d'Aurec,Atmo Auvergne-Rhône-Alpes,commune,786386.5,4.1036,6475275.2,45.3714,Saint-Etienne,Rozier-Côtes-d'Aurec
ind_atmo_2021.fid-3d3c9ea3_19f17b50f06_7f43,2026-06-29T13:12:11.789Z,POINT (481878.98566850007 5707424.567136043),1,3,1,1,3,1,42206,#f0e641,2026-06-29T16:13:24Z,2026-07-01,2154,Dégradé,Saint-Bonnet-les-Oules,Atmo Auvergne-Rhône-Alpes,commune,803688.2,4.3288,6494602.9,45.5431,Saint-Etienne,Saint-Bonnet-les-Oules
ind_atmo_2021.fid-3d3c9ea3_19f17b50f06_7f44,2026-06-29T13:12:11.789Z,POINT (502357.15963382233 5696805.775470081),1,3,1,1,3,1,42207,#f0e641,2026-06-29T16:13:24Z,2026-07-01,2154,Dégradé,Saint-Chamond,Atmo Auvergne-Rhône-Alpes,commune,818183.4,4.5128,6487438.8,45.4762,Saint-Etienne,Saint-Chamond
ind_atmo_2021.fid-3d3c9ea3_19f17b50f06_7f45,2026-06-29T13:12:11.789Z,POINT (499378.6337620658 5707546.192610114),1,3,1,1,3,1,42208,#f0e641,2026-06-29T16:13:24Z,2026-07-01,2154,Dégradé,Saint-Christo-en-Jarez,Atmo Auvergne-Rhône-Alpes,commune,815952,4.486,6494906.5,45.5438,Saint-Etienne,Saint-Christo-en-Jarez
ind_atmo_2021.fid-3d3c9ea3_19f17b50f06_7f47,2026-06-29T13:12:11.789Z,POINT (517228.1995266202 5697289.259722824),1,3,1,1,3,1,42210,#f0e641,2026-06-29T16:13:24Z,2026-07-01,2154,Dégradé,Sainte-Croix-en-Jarez,Atmo Auvergne-Rhône-Alpes,commune,828611.5,4.6463,6487985.7,45.4793,Saint-Etienne,Sainte-Croix-en-Jarez
ind_atmo_2021.fid-3d3c9ea3_19f17b50f06_7f4f,2026-06-29T13:12:11.789Z,POINT (488390.93844277837 5691084.041419799),1,3,2,1,3,1,42218,#f0e641,2026-06-29T16:13:24Z,2026-07-01,2154,Dégradé,Saint-Étienne,Atmo Auvergne-Rhône-Alpes,commune,808453.2,4.3873,6483255.6,45.4402,Saint-Etienne,Saint-Étienne
ind_atmo_2021.fid-3d3c9ea3_19f17b50f06_7f53,2026-06-29T13:12:11.789Z,POINT (480749.1200372793 5714950.358782938),1,3,1,1,3,1,42222,#f0e641,2026-06-29T16:13:24Z,2026-07-01,2154,Dégradé,Saint-Galmier,Atmo Auvergne-Rhône-Alpes,commune,802808.5,4.3186,6499844.9,45.5904,Saint-Etienne,Saint-Galmier
ind_atmo_2021.fid-3d3c9ea3_19f17b50f06_7f54,2026-06-29T13:12:11.789Z,POINT (482720.5165574478 5691997.781822447),1,3,1,1,3,1,42223,#f0e641,2026-06-29T16:13:24Z,2026-07-01,2154,Dégradé,Saint-Genest-Lerpt,Atmo Auvergne-Rhône-Alpes,commune,804460.6,4.3364,6483826.4,45.4459,Saint-Etienne,Saint-Genest-Lerpt
ind_atmo_2021.fid-3d3c9ea3_19f17b50f06_7f56,2026-06-29T13:12:11.789Z,POINT (509904.38198255165 5705866.913700324),1,3,1,1,3,1,42225,#f0e641,2026-06-29T16:13:24Z,2026-07-01,2154,Dégradé,Genilac,Atmo Auvergne-Rhône-Alpes,commune,823352.6,4.5805,6493876.6,45.5333,Saint-Etienne,Genilac
ind_atmo_2021.fid-3d3c9ea3_19f17b50f06_7f5f,2026-06-29T13:12:11.789Z,POINT (486840.45887176873 5705236.704597868),1,3,1,1,3,1,42234,#f0e641,2026-06-29T16:13:25Z,2026-07-01,2154,Dégradé,Saint-Héand,Atmo Auvergne-Rhône-Alpes,commune,807192.3,4.3734,6493133.8,45.5293,Saint-Etienne,Saint-Héand
ind_atmo_2021.fid-3d3c9ea3_19f17b50f06_7f62,2026-06-29T13:12:11.789Z,POINT (494758.915891715 5692517.018903871),1,3,1,1,3,1,42237,#f0e641,2026-06-29T16:13:25Z,2026-07-01,2154,Dégradé,Saint-Jean-Bonnefonds,Atmo Auvergne-Rhône-Alpes,commune,812906.4,4.4445,6484338.6,45.4492,Saint-Etienne,Saint-Jean-Bonnefonds
ind_atmo_2021.fid-3d3c9ea3_19f17b50f06_7f67,2026-06-29T13:12:11.789Z,POINT (514090.6479805323 5709450.943788531),1,3,1,1,3,1,42242,#f0e641,2026-06-29T16:13:25Z,2026-07-01,2154,Dégradé,Saint-Joseph,Atmo Auvergne-Rhône-Alpes,commune,826235.8,4.6182,6496439.6,45.5558,Saint-Etienne,Saint-Joseph
ind_atmo_2021.fid-3d3c9ea3_19f17b50f06_7f73,2026-06-29T13:12:11.789Z,POINT (511579.5698997568 5707615.364749692),1,3,1,1,3,1,42259,#f0e641,2026-06-29T16:13:25Z,2026-07-01,2154,Dégradé,Saint-Martin-la-Plaine,Atmo Auvergne-Rhône-Alpes,commune,824502.2,4.5956,6495121.7,45.5443,Saint-Etienne,Saint-Martin-la-Plaine
ind_atmo_2021.fid-3d3c9ea3_19f17b50f06_7f76,2026-06-29T13:12:11.789Z,POINT (465474.7181628452 5685265.538604642),1,3,1,1,3,1,42262,#f0e641,2026-06-29T16:13:25Z,2026-07-01,2154,Dégradé,Saint-Maurice-en-Gourgois,Atmo Auvergne-Rhône-Alpes,commune,792422.1,4.1814,6478920.1,45.4035,Saint-Etienne,Saint-Maurice-en-Gourgois
ind_atmo_2021.fid-3d3c9ea3_19f17b50f06_7f78,2026-06-29T13:12:11.789Z,POINT (454244.8448161932 5685192.770144758),1,3,1,1,3,1,42266,#f0e641,2026-06-29T16:13:25Z,2026-07-01,2154,Dégradé,Saint-Nizier-de-Fornas,Atmo Auvergne-Rhône-Alpes,commune,784531.6,4.0806,6478756.1,45.403,Saint-Etienne,Saint-Nizier-de-Fornas
ind_atmo_2021.fid-3d3c9ea3_19f17b50f06_7f7c,2026-06-29T13:12:11.789Z,POINT (472178.4685437917 5684278.977041278),1,3,1,1,3,1,42270,#f0e641,2026-06-29T16:13:25Z,2026-07-01,2154,Dégradé,Cornillon,Atmo Auvergne-Rhône-Alpes,commune,797143.6,4.2417,6478301.4,45.3973,Saint-Etienne,Saint-Paul-en-Cornillon
ind_atmo_2021.fid-3d3c9ea3_19f17b50f06_7f7d,2026-06-29T13:12:11.789Z,POINT (509162.1114624393 5697935.052478521),1,3,1,1,3,1,42271,#f0e641,2026-06-29T16:13:25Z,2026-07-01,2154,Dégradé,Saint-Paul-en-Jarez,Atmo Auvergne-Rhône-Alpes,commune,822942.8,4.5739,6488321.9,45.4833,Saint-Etienne,Saint-Paul-en-Jarez
ind_atmo_2021.fid-3d3c9ea3_19f17b50f06_7f80,2026-06-29T13:12:11.789Z,POINT (487540.0724882984 5696361.641965153),1,3,1,1,3,1,42275,#f0e641,2026-06-29T16:13:26Z,2026-07-01,2154,Dégradé,Saint-Priest-en-Jarez,Atmo Auvergne-Rhône-Alpes,commune,807791.2,4.3796,6486937.7,45.4734,Saint-Etienne,Saint-Priest-en-Jarez
ind_atmo_2021.fid-3d3c9ea3_19f17b50f06_7f88,2026-06-29T13:12:11.789Z,POINT (504800.2629125046 5709442.325402556),1,3,1,1,3,1,42283,#f0e641,2026-06-29T16:13:26Z,2026-07-01,2154,Dégradé,Saint-Romain-en-Jarez,Atmo Auvergne-Rhône-Alpes,commune,819726.1,4.5347,6496303.6,45.5558,Saint-Etienne,Saint-Romain-en-Jarez
ind_atmo_2021.fid-3d3c9ea3_19f17b50f06_7f99,2026-06-29T13:12:11.789Z,POINT (495322.6695534138 5699104.288432696),1,3,1,1,3,1,42302,#f0e641,2026-06-29T16:13:26Z,2026-07-01,2154,Dégradé,Sorbiers,Atmo Auvergne-Rhône-Alpes,commune,813217.6,4.4496,6488953.6,45.4907,Saint-Etienne,Sorbiers
ind_atmo_2021.fid-3d3c9ea3_19f17b50f06_7f9c,2026-06-29T13:12:11.789Z,POINT (493708.4756824608 5697653.661104534),1,3,1,1,3,1,42305,#f0e641,2026-06-29T16:13:26Z,2026-07-01,2154,Dégradé,La Talaudière,Atmo Auvergne-Rhône-Alpes,commune,812103.6,4.4351,6487918.5,45.4816,Saint-Etienne,La Talaudière
ind_atmo_2021.fid-3d3c9ea3_19f17b50f06_7f9e,2026-06-29T13:12:11.789Z,POINT (519645.1519437947 5709057.901616148),1,3,1,1,3,1,42307,#f0e641,2026-06-29T16:13:26Z,2026-07-01,2154,Dégradé,Tartaras,Atmo Auvergne-Rhône-Alpes,commune,830133.6,4.6681,6496246.1,45.5533,Saint-Etienne,Tartaras
ind_atmo_2021.fid-3d3c9ea3_19f17b50f06_7f9f,2026-06-29T13:12:11.789Z,POINT (510181.8657282662 5692130.158253066),1,3,1,1,3,1,42308,#f0e641,2026-06-29T16:13:26Z,2026-07-01,2154,Dégradé,La Terrasse-sur-Dorlay,Atmo Auvergne-Rhône-Alpes,commune,823739.7,4.583,6484275.5,45.4468,Saint-Etienne,La Terrasse-sur-Dorlay
ind_atmo_2021.fid-3d3c9ea3_19f17b50f06_7fa1,2026-06-29T13:12:11.789Z,POINT (488343.8855290551 5698306.954054828),1,3,1,1,3,1,42311,#f0e641,2026-06-29T16:13:26Z,2026-07-01,2154,Dégradé,La Tour-en-Jarez,Atmo Auvergne-Rhône-Alpes,commune,808331.4,4.3869,6488308.1,45.4857,Saint-Etienne,La Tour-en-Jarez
ind_atmo_2021.fid-3d3c9ea3_19f17b50f06_7fa6,2026-06-29T13:12:11.789Z,POINT (474381.51929842273 5684664.54676792),1,3,1,1,3,1,42316,#f0e641,2026-06-29T16:13:26Z,2026-07-01,2154,Dégradé,Unieux,Atmo Auvergne-Rhône-Alpes,commune,798687.5,4.2614,6478596,45.3997,Saint-Etienne,Unieux
ind_atmo_2021.fid-3d3c9ea3_19f17b50f06_7faa,2026-06-29T13:12:11.789Z,POINT (500147.6077783561 5703977.477497768),1,3,1,1,3,1,42320,#f0e641,2026-06-29T16:13:26Z,2026-07-01,2154,Dégradé,Valfleury,Atmo Auvergne-Rhône-Alpes,commune,816538.1,4.4929,6492423.2,45.5214,Saint-Etienne,Valfleury
ind_atmo_2021.fid-3d3c9ea3_19f17b50f06_7fac,2026-06-29T13:12:11.789Z,POINT (502730.9337501976 5687338.703600841),1,3,1,1,3,1,42322,#f0e641,2026-06-29T16:13:26Z,2026-07-01,2154,Dégradé,La Valla-en-Gier,Atmo Auvergne-Rhône-Alpes,commune,818572.9,4.5161,6480819,45.4165,Saint-Etienne,La Valla-en-Gier
ind_atmo_2021.fid-3d3c9ea3_19f17b50f06_7fb2,2026-06-29T13:12:11.789Z,POINT (484526.38637451985 5695456.558120563),1,3,1,1,3,1,42330,#f0e641,2026-06-29T16:13:27Z,2026-07-01,2154,Dégradé,Villars,Atmo Auvergne-Rhône-Alpes,commune,805687.1,4.3526,6486268,45.4677,Saint-Etienne,Villars
ind_atmo_2021.fid-3d3c9ea3_19f17b5c11f_-7997,2026-06-29T13:12:11.789Z,POINT (638329.0922340989 5634551.603123415),1,4,1,1,4,1,38071,#ff5050,2026-06-29T16:13:10Z,2026-07-01,2154,Mauvais,Champ-sur-Drac,Atmo Auvergne-Rhône-Alpes,commune,915092.8,5.7342,6446329.2,45.0827,Grenoble,Champ-sur-Drac
ind_atmo_2021.fid-3d3c9ea3_19f17b5c11f_-7979,2026-06-29T13:12:11.789Z,POINT (640149.9761390255 5654875.918545599),1,4,1,1,4,1,38126,#ff5050,2026-06-29T16:13:11Z,2026-07-01,2154,Mauvais,Montfleury,Atmo Auvergne-Rhône-Alpes,commune,915881,5.7506,6460666.4,45.2115,Grenoble,Corenc
ind_atmo_2021.fid-3d3c9ea3_19f17b5c11f_-795d,2026-06-29T13:12:11.789Z,POINT (644667.8028565128 5649904.716132447),1,4,2,1,4,1,38179,#ff5050,2026-06-29T16:13:12Z,2026-07-01,2154,Mauvais,Gières,Atmo Auvergne-Rhône-Alpes,commune,919188.5,5.7911,6457285.4,45.18,Grenoble,Gières
ind_atmo_2021.fid-3d3c9ea3_19f17b5c11f_-7959,2026-06-29T13:12:11.789Z,POINT (638577.8117198547 5650921.78697276),2,4,2,1,4,1,38185,#ff5050,2026-06-29T16:13:12Z,2026-07-01,2154,Mauvais,Grenoble,Atmo Auvergne-Rhône-Alpes,commune,914869.3,5.7364,6457849.8,45.1864,Grenoble,Grenoble
ind_atmo_2021.fid-3d3c9ea3_19f17b5c11f_-7958,2026-06-29T13:12:11.789Z,POINT (644916.6710591838 5643445.7347946735),1,4,1,1,4,1,38188,#ff5050,2026-06-29T16:13:12Z,2026-07-01,2154,Mauvais,Herbeys,Atmo Auvergne-Rhône-Alpes,commune,919524.7,5.7934,6452750.6,45.1391,Grenoble,Herbeys
ind_atmo_2021.fid-3d3c9ea3_19f17b5c11f_-7943,2026-06-29T13:12:11.789Z,POINT (643172.2371571927 5654607.999083446),1,4,2,1,4,1,38229,#ff5050,2026-06-29T16:13:13Z,2026-07-01,2154,Mauvais,Meylan,Atmo Auvergne-Rhône-Alpes,commune,918017.6,5.7777,6460552.8,45.2098,Grenoble,Meylan
ind_atmo_2021.fid-3d3c9ea3_19f17b5c11f_-792b,2026-06-29T13:12:11.789Z,POINT (647733.4385044011 5651623.147105078),1,4,1,1,4,1,38271,#ff5050,2026-06-29T16:13:14Z,2026-07-01,2154,Mauvais,Murianette,Atmo Auvergne-Rhône-Alpes,commune,921307.1,5.8187,6458569.8,45.1909,Grenoble,Murianette
ind_atmo_2021.fid-3d3c9ea3_19f17b5c11f_-7927,2026-06-29T13:12:11.789Z,POINT (634412.5985892325 5623184.753949109),1,4,1,1,4,1,38277,#ff5050,2026-06-29T16:13:14Z,2026-07-01,2154,Mauvais,Notre-Dame-de-Commiers,Atmo Auvergne-Rhône-Alpes,commune,912600,5.699,6438226.1,45.0106,Grenoble,Notre-Dame-de-Commiers
ind_atmo_2021.fid-3d3c9ea3_19f17b5c11f_-7925,2026-06-29T13:12:11.789Z,POINT (640959.9186660941 5632580.224387245),1,4,1,1,4,1,38279,#ff5050,2026-06-29T16:13:14Z,2026-07-01,2154,Mauvais,la Commanderie,Atmo Auvergne-Rhône-Alpes,commune,916999.7,5.7578,6445005.8,45.0702,Grenoble,Notre-Dame-de-Mésage
ind_atmo_2021.fid-3d3c9ea3_19f17b5c11f_-7923,2026-06-29T13:12:11.789Z,POINT (626869.8848524452 5659941.58963989),1,4,1,1,4,1,38281,#ff5050,2026-06-29T16:13:14Z,2026-07-01,2154,Mauvais,le Maupas,Atmo Auvergne-Rhône-Alpes,commune,906402.8,5.6313,6463904.7,45.2435,Grenoble,Noyarey
ind_atmo_2021.fid-3d3c9ea3_19f17b5c11f_-7913,2026-06-29T13:12:11.789Z,POINT (641157.0828187923 5646657.409249184),1,4,1,1,4,1,38309,#ff5050,2026-06-29T16:13:15Z,2026-07-01,2154,Mauvais,Poisat,Atmo Auvergne-Rhône-Alpes,commune,916792.7,5.7596,6454915.7,45.1594,Grenoble,Poisat
ind_atmo_2021.fid-3d3c9ea3_19f17b5c11f_-78e9,2026-06-29T13:12:11.789Z,POINT (632467.6303070772 5658394.659462735),1,4,1,1,4,1,38382,#ff5050,2026-06-29T16:13:16Z,2026-07-01,2154,Mauvais,Saint-Égrève,Atmo Auvergne-Rhône-Alpes,commune,910382.7,5.6816,6462951.3,45.2337,Grenoble,Saint-Égrève
ind_atmo_2021.fid-3d3c9ea3_19f17b5c11f_-78e5,2026-06-29T13:12:11.789Z,POINT (634655.4808521345 5627587.784258849),1,4,1,1,4,1,38388,#ff5050,2026-06-29T16:13:16Z,2026-07-01,2154,Mauvais,Saint-Georges-de-Commiers,Atmo Auvergne-Rhône-Alpes,commune,912665.6,5.7012,6441335.1,45.0385,Grenoble,Saint-Georges-de-Commiers
ind_atmo_2021.fid-3d3c9ea3_19f17b5c11f_-78d5,2026-06-29T13:12:11.789Z,POINT (640661.9878678791 5650494.575668583),2,4,2,1,4,1,38421,#ff5050,2026-06-29T16:13:17Z,2026-07-01,2154,Mauvais,Saint-Martin-d'Hères,Atmo Auvergne-Rhône-Alpes,commune,916349.3,5.7552,6457600.7,45.1837,Grenoble,Saint-Martin-d'Hères
ind_atmo_2021.fid-3d3c9ea3_19f17b5c11f_-78d3,2026-06-29T13:12:11.789Z,POINT (635134.5417985106 5654483.531565944),1,4,1,1,4,1,38423,#ff5050,2026-06-29T16:13:17Z,2026-07-01,2154,Mauvais,Saint-Martin-le-Vinoux,Atmo Auvergne-Rhône-Alpes,commune,912355.7,5.7055,6460268.6,45.209,Grenoble,Saint-Martin-le-Vinoux
ind_atmo_2021.fid-3d3c9ea3_19f17b5c11f_-78cb,2026-06-29T13:12:11.789Z,POINT (641645.8286705945 5629706.633181034),1,4,1,1,4,1,38445,#ff5050,2026-06-29T16:13:17Z,2026-07-01,2154,Mauvais,le Petit David,Atmo Auvergne-Rhône-Alpes,commune,917555.2,5.764,6442998.9,45.052,Grenoble,Saint-Pierre-de-Mésage
ind_atmo_2021.fid-3d3c9ea3_19f17b5c11f_-78b8,2026-06-29T13:12:11.789Z,POINT (630478.9609552599 5654114.847730278),1,4,1,1,4,1,38474,#ff5050,2026-06-29T16:13:18Z,2026-07-01,2154,Mauvais,Sassenage,Atmo Auvergne-Rhône-Alpes,commune,909083.1,5.6637,6459898,45.2067,Grenoble,Sassenage
ind_atmo_2021.fid-3d3c9ea3_19f17b5c11f_-78a2,2026-06-29T13:12:11.789Z,POINT (638759.2203764676 5653863.875743425),1,4,2,1,4,1,38516,#ff5050,2026-06-29T16:13:19Z,2026-07-01,2154,Mauvais,La Tronche,Atmo Auvergne-Rhône-Alpes,commune,914925.5,5.7381,6459921.4,45.2051,Grenoble,La Tronche
ind_atmo_2021.fid-3d3c9ea3_19f17b5c11f_-789d,2026-06-29T13:12:11.789Z,POINT (632470.3520436127 5635180.8207722055),1,4,1,1,4,1,38524,#ff5050,2026-06-29T16:13:19Z,2026-07-01,2154,Mauvais,Varces,Atmo Auvergne-Rhône-Alpes,commune,910939.1,5.6816,6446630.2,45.0867,Grenoble,Varces-Allières-et-Risset
ind_atmo_2021.fid-3d3c9ea3_19f17b5c11f_-7898,2026-06-29T13:12:11.789Z,POINT (646095.5779403693 5648682.985013957),1,4,1,1,4,1,38533,#ff5050,2026-06-29T16:13:19Z,2026-07-01,2154,Mauvais,Venon,Atmo Auvergne-Rhône-Alpes,commune,920225.8,5.804,6456462.4,45.1723,Grenoble,Venon
ind_atmo_2021.fid-3d3c9ea3_19f17b5c11f_-7894,2026-06-29T13:12:11.789Z,POINT (624816.919948837 5664464.78351673),1,4,1,1,4,1,38540,#ff5050,2026-06-29T16:13:19Z,2026-07-01,2154,Mauvais,Veurey-Voroize,Atmo Auvergne-Rhône-Alpes,commune,904851.6,5.6128,6467031.4,45.2721,Grenoble,Veurey-Voroize
ind_atmo_2021.fid-3d3c9ea3_19f17b5c11f_-7890,2026-06-29T13:12:11.789Z,POINT (631073.1989871077 5630397.396297987),1,4,1,1,4,1,38545,#ff5050,2026-06-29T16:13:19Z,2026-07-01,2154,Mauvais,Vif,Atmo Auvergne-Rhône-Alpes,commune,910066.1,5.669,6443228.3,45.0564,Grenoble,Vif
